well_name,seismic_time_ms,inline,crossline,tie_quality_weight,target_GR,target_DT,target_RHOB,target_VSH,target_PHIE,target_SWE,target_PHIT,target_AI,target_VPVS,target_POIS,target_LMRHO,target_MURHO,target_IS_SAND,attr_acoustic_impedance,attr_calibrated_ai,attr_amp_center,attr_amp_shift_+1,attr_amp_shift_+2,attr_amp_shift_+3,attr_amp_shift_+4,attr_amp_shift_+5,attr_amp_shift_-1,attr_amp_shift_-2,attr_amp_shift_-3,attr_amp_shift_-4,attr_amp_shift_-5,attr_env_center,attr_env_deriv,attr_env_ratio,attr_env_shift_+1,attr_env_shift_+2,attr_env_shift_+3,attr_env_shift_+4,attr_env_shift_+5,attr_env_shift_-1,attr_env_shift_-2,attr_env_shift_-3,attr_env_shift_-4,attr_env_shift_-5,attr_ifreq_center,attr_ifreq_shift_+1,attr_ifreq_shift_+2,attr_ifreq_shift_+3,attr_ifreq_shift_+4,attr_ifreq_shift_+5,attr_ifreq_shift_-1,attr_ifreq_shift_-2,attr_ifreq_shift_-3,attr_ifreq_shift_-4,attr_ifreq_shift_-5,attr_sweetness,attr_sweetness_shift_+1,attr_sweetness_shift_+2,attr_sweetness_shift_+3,attr_sweetness_shift_+4,attr_sweetness_shift_+5,attr_sweetness_shift_-1,attr_sweetness_shift_-2,attr_sweetness_shift_-3,attr_sweetness_shift_-4,attr_sweetness_shift_-5,attr_polarity_index,attr_polarity_index_shift_+1,attr_polarity_index_shift_+2,attr_polarity_index_shift_-1,attr_polarity_index_shift_-2,attr_rel_pos,attr_spec_amp_10hz,attr_spec_amp_15hz,attr_spec_amp_20hz,attr_spec_amp_30hz,attr_spec_amp_40hz,attr_win_max,attr_win_mean,attr_win_min,attr_win_std,attr_n_il_p1_amp_center_diff,attr_n_il_p1_env_center_diff,attr_n_il_p1_acoustic_impedance_diff,attr_n_il_p1_ifreq_center_diff,attr_n_il_m1_amp_center_diff,attr_n_il_m1_env_center_diff,attr_n_il_m1_acoustic_impedance_diff,attr_n_il_m1_ifreq_center_diff,attr_n_xl_p1_amp_center_diff,attr_n_xl_p1_env_center_diff,attr_n_xl_p1_acoustic_impedance_diff,attr_n_xl_p1_ifreq_center_diff,attr_n_xl_m1_amp_center_diff,attr_n_xl_m1_env_center_diff,attr_n_xl_m1_acoustic_impedance_diff,attr_n_xl_m1_ifreq_center_diff,target_GR_trend,target_GR_residual,target_DT_trend,target_DT_residual,target_RHOB_trend,target_RHOB_residual,target_VSH_trend,target_VSH_residual,target_PHIE_trend,target_PHIE_residual,target_SWE_trend,target_SWE_residual,target_PHIT_trend,target_PHIT_residual,target_AI_trend,target_AI_residual,target_VPVS_trend,target_VPVS_residual,target_POIS_trend,target_POIS_residual,target_LMRHO_trend,target_LMRHO_residual,target_MURHO_trend,target_MURHO_residual
Z-02,2110.0,535,193,0.982475655802968,67.07987272727273,67.50937954545455,2.618204545454546,0.3194681818181818,0.02805909090909091,0.9758136363636362,0.07825454545454545,11869.815899545456,1.6611313636363634,0.21424909090909094,14.52325181818182,19.74330136363636,1,0.14814814809327845,11920.885917483813,-1263.53125,-902.5222778320312,-361.0089111328125,361.0089111328125,1083.0267333984375,1805.0445556640625,-1444.03564453125,-1444.03564453125,-1444.03564453125,-1263.53125,-1263.53125,2284.946972839099,276.19785801000273,1.80834897380445,2550.718557503896,2829.549112400425,3027.413983164419,3173.350979238141,3321.258193474246,1998.3228414838907,1718.222217580937,1554.0204967604698,1275.2120605575114,1268.910364818574,17.742876156363472,18.223370761695737,19.146122891137413,18.94822696593422,18.10581586409995,18.7306269748751,16.398066116976686,15.307561502301029,17.398680680288127,11.39447458804088,27.15031645437877,542.455497827236,597.5141387232558,646.6612170656424,695.4846088591906,745.7771262785251,767.4082811443016,493.4797498975989,439.1635872530971,372.5620236240469,377.7767790022412,243.52496907641446,-0.55297499875551,-0.3538274140797213,-0.12758427808843642,-0.7226154942396789,-0.8404130312372391,0.1282051282051282,2694.2651099607197,3613.526698975297,2929.652526139238,3103.7593092553925,579.5216748350931,-361.0089111328125,-1083.0267456054687,-1444.03564453125,411.6134940685694,177.8787841796875,-834.4951124638308,0.07407407404663924,-0.6941450547970653,-342.26171875,394.88861335327874,0.11111111106995883,7.793990268005782,-335.8946533203125,744.1457218078376,0.0,3.3235262315898915,185.74853515625,-235.2647667433257,0.0,-4.918359857565523,45.769057842520624,21.310814884752105,67.91499490890862,-0.4056153634540749,2.518503426427408,0.09970111902713796,0.18658250043320468,0.13288568138497714,0.063423447418816,-0.035364356509725095,0.6078578512249635,0.36795578513867266,0.08070982226393131,-0.0024552768093858562,11391.838325222227,477.9775743232294,1.667090943781803,-0.005959580145439514,0.21542859198534714,-0.0011795010762561953,13.898243047727426,0.625008770454393,18.993479934086054,0.7498214295503054
Z-02,2112.0,535,193,0.982475655802968,55.01791304347827,66.79252521739132,2.5706565217391306,0.2390217391304348,0.050495652173913046,0.5822217391304347,0.0887086956521739,11784.955798695653,1.6538430434782612,0.20980695652173914,14.17061260869565,20.06384652173913,1,0.11111111106995884,11920.868040791129,-902.5222778320312,-361.0089111328125,361.0089111328125,1083.0267333984375,1805.0445556640625,2527.0625,-1263.53125,-1444.03564453125,-1444.03564453125,-1444.03564453125,-1263.53125,2550.718557503896,272.30106978066306,2.826139265885902,2829.549112400425,3027.413983164419,3173.350979238141,3321.258193474246,3459.408375533968,2284.946972839099,1998.3228414838907,1718.222217580937,1554.0204967604698,1275.2120605575114,18.223370761695737,19.146122891137413,18.94822696593422,18.10581586409995,18.7306269748751,19.851380527889912,17.742876156363472,16.398066116976686,15.307561502301029,17.398680680288127,11.39447458804088,597.5141387232558,646.6612170656424,695.4846088591906,745.7771262785251,767.4082811443016,776.4374513699408,542.455497827236,493.4797498975989,439.1635872530971,372.5620236240469,377.7767790022412,-0.3538274140797213,-0.12758427808843642,0.11924572402253927,-0.55297499875551,-0.7226154942396789,0.13141025641025642,2704.9426770369937,3627.7872731698308,2941.256165892027,3142.087133500604,585.4682134257356,361.0089111328125,-722.0178344726562,-1444.03564453125,655.8052646537905,-183.13018798828125,-726.4499608139863,0.07407407404663922,1.9881823214686065,-168.00640869140625,294.0539862005421,0.11111111106995884,2.922904745985857,13.95233154296875,764.9670322606294,0.0,3.9098716653055376,4.37005615234375,-162.3977871914076,0.0,-4.164244201658612,45.83216163586508,9.185751407613196,67.8002277088616,-1.0077024914702832,2.5196885882858826,0.050967933453248015,0.18548501460433098,0.053536724526103835,0.06286708348712367,-0.01237143131321062,0.605097504189942,-0.02287576505950728,0.08021847899339551,0.008490216658778388,11418.328616358776,366.627182336877,1.6658906354639473,-0.012047591985686168,0.2147442869109346,-0.004937330389195471,13.892442779340193,0.2781698293554573,19.109100018824847,0.9547465029142828
Z-02,2114.0,535,193,0.982475655802968,47.117084000000006,64.7093536,2.588648,0.183744,0.038740000000000004,0.66714,0.06812800000000001,12241.531760000002,1.6317259999999998,0.19789,14.126198800000003,21.978612799999997,1,0.07407407404663922,11920.850164098445,-361.0089111328125,361.0089111328125,1083.0267333984375,1805.0445556640625,2527.0625,3068.57568359375,-902.5222778320312,-1263.53125,-1444.03564453125,-1444.03564453125,-1444.03564453125,2829.549112400425,238.34771283026134,7.837394088069007,3027.413983164419,3173.350979238141,3321.258193474246,3459.408375533968,3491.480157182386,2550.718557503896,2284.946972839099,1998.3228414838907,1718.222217580937,1554.0204967604698,19.146122891137413,18.94822696593422,18.10581586409995,18.7306269748751,19.851380527889912,21.02372848100068,18.223370761695737,17.742876156363472,16.398066116976686,15.307561502301029,17.398680680288127,646.6612170656424,695.4846088591906,745.7771262785251,767.4082811443016,776.4374513699408,761.4733502547145,597.5141387232558,542.455497827236,493.4797498975989,439.1635872530971,372.5620236240469,-0.12758427808843642,0.11924572402253927,0.34128556908946833,-0.3538274140797213,-0.55297499875551,0.1346153846153846,2715.352430292842,3641.6824022222017,2952.5644126732163,3179.0242817974886,591.2869385078671,1083.0267333984375,-216.60535888671876,-1263.53125,849.7140751226552,-362.7593994140625,-645.746536042835,0.07407407404663922,3.242049031573263,4.166015625,390.298458441187,0.11111111106995884,2.3690752364040613,361.0089111328125,614.4695044275873,0.03703703702331962,1.6979818664051542,-177.8824462890625,-121.65706990143417,0.0,-1.4947798243580728,45.892200132714606,1.2248838672853992,67.68678450493064,-2.9774309049306424,2.5208531137895918,0.0677948862104083,0.18439679491218897,-0.0006527949121889753,0.06232085862313408,-0.023580858623134075,0.6024555284462991,0.06468447155370083,0.07973669817831919,-0.01160869817831918,11444.469135919906,797.0626240800957,1.66470386015577,-0.0329778601557702,0.21406816674103712,-0.016178166741037114,13.88671153065841,0.23948726934159303,19.22321914182544,2.755393658174558
Z-02,2116.0,535,193,0.982475655802968,55.43927142857143,68.844215,2.585082142857143,0.21608214285714286,0.049803571428571426,0.49398214285714287,0.08432857142857142,11483.167833928572,1.6761892857142855,0.22124892857142855,14.378954285714286,18.450327500000004,1,0.11111111106995884,11920.868040791129,361.0089111328125,1083.0267333984375,1805.0445556640625,2527.0625,3068.57568359375,3429.584716796875,-361.0089111328125,-902.5222778320312,-1263.53125,-1444.03564453125,-1444.03564453125,3027.413983164419,171.9009334188579,8.385447826230385,3173.350979238141,3321.258193474246,3459.408375533968,3491.480157182386,3516.961176073121,2829.549112400425,2550.718557503896,2284.946972839099,1998.3228414838907,1718.222217580937,18.94822696593422,18.10581586409995,18.7306269748751,19.851380527889912,21.02372848100068,23.61856690967572,19.146122891137413,18.223370761695737,17.742876156363472,16.398066116976686,15.307561502301029,695.4846088591906,745.7771262785251,767.4082811443016,776.4374513699408,761.4733502547145,723.6703893478946,646.6612170656424,597.5141387232558,542.455497827236,493.4797498975989,439.1635872530971,0.11924572402253927,0.34128556908946833,0.5434783952622141,-0.12758427808843642,-0.3538274140797213,0.1378205128205128,2725.493267350399,3655.2106860599297,2963.576116825695,3214.5399409846364,596.975208341014,1805.0445556640625,397.10980224609375,-902.5222778320312,971.3756336048605,-541.9509887695312,-604.0288170096724,0.0,2.505940882236562,174.25543212890625,441.5263769662274,0.11111111106995884,3.018537396688483,527.56103515625,528.4726718782899,0.037037037023319605,1.4239889005956279,-181.3784637451172,66.8162194644242,0.0,0.4564969332891522,45.949173333069666,9.490098095501764,67.57466529711564,1.2695497028843619,2.5219970029385355,0.06308513991860742,0.18331784135677687,0.032764301500365994,0.06178477282684458,-0.011981201398273154,0.5999319239940206,-0.10594978113687775,0.07926447981870144,0.005064091609869981,11470.259883905674,12.907950022898149,1.6635306178572655,0.012658667857019967,0.21340023147565557,0.007848697095772988,13.88104930168209,0.4979049840321963,19.335837303087715,-0.8855098030877109
Z-02,2118.0,535,193,0.982475655802968,44.77035,63.82709178571428,2.504710714285714,0.13717142857142858,0.06572857142857143,0.3926857142857143,0.08766785714285716,12078.093252857143,1.6237957142857145,0.19130857142857144,13.391568214285714,22.659126785714285,1,0.14814814809327845,11920.885917483813,1083.0267333984375,1805.0445556640625,2527.0625,3068.57568359375,3429.584716796875,3249.080078125,361.0089111328125,-361.0089111328125,-902.5222778320312,-1263.53125,-1444.03564453125,3173.350979238141,146.92210515491365,2.930014177703382,3321.258193474246,3459.408375533968,3491.480157182386,3516.961176073121,3264.2047686321916,3027.413983164419,2829.549112400425,2550.718557503896,2284.946972839099,1998.3228414838907,18.10581586409995,18.7306269748751,19.851380527889912,21.02372848100068,23.61856690967572,22.923738328472357,18.94822696593422,19.146122891137413,18.223370761695737,17.742876156363472,16.398066116976686,745.7771262785251,767.4082811443016,776.4374513699408,761.4733502547145,723.6703893478946,681.7649556706709,695.4846088591906,646.6612170656424,597.5141387232558,542.455497827236,493.4797498975989,0.34128556908946833,0.5434783952622141,0.7304849408203496,0.11924572402253927,-0.12758427808843642,0.14102564102564102,2735.3641150954413,3668.3707615776143,2974.290158993186,3248.604487422504,602.5304485944707,2527.0625,1083.0267578125,-361.0089111328125,1021.0874310498325,-540.2005004882812,-459.61653717792933,0.0,3.432175485004688,522.7662353515625,588.4167940290326,0.11111111106995883,4.218977613744393,694.1131591796875,453.98218482784796,0.03703703702331962,2.293882814878387,-184.87451171875,-4.265944289736581,0.0,-1.2887340707736996,46.00308123693026,-1.232731236930256,67.46387008541683,-3.6367782997025486,2.523120255732712,-0.018409541446998023,0.18224815393809557,-0.045076725366666986,0.061258826098257835,0.004469745330313593,0.5975266908330923,-0.20484097654737798,0.07880182391454493,0.008866033228312226,11495.700860316021,582.3923925411218,1.6623709085684393,-0.03857519428272482,0.21274048111478816,-0.02143190968621672,13.875456092411234,-0.48388787812552003,19.446954502611902,3.212172283102383
Z-02,2120.0,535,193,0.982475655802968,24.73753870967742,67.38957580645162,2.438503225806452,0.021887096774193548,0.10933548387096775,0.13186774193548387,0.11283870967741934,11080.736754516129,1.6599693548387096,0.2134148387096774,13.485230000000003,18.557639032258063,1,0.18518518511659807,11920.903794176496,1805.0445556640625,2527.0625,3068.57568359375,3429.584716796875,3249.080078125,2707.56689453125,1083.0267333984375,361.0089111328125,-361.0089111328125,-902.5222778320312,-1263.53125,3321.258193474246,143.02869814791347,1.8399634088873087,3459.408375533968,3491.480157182386,3516.961176073121,3264.2047686321916,2885.234587767169,3173.350979238141,3027.413983164419,2829.549112400425,2550.718557503896,2284.946972839099,18.7306269748751,19.851380527889912,21.02372848100068,23.61856690967572,22.923738328472357,23.3469151711443,18.10581586409995,18.94822696593422,19.146122891137413,18.223370761695737,17.742876156363472,767.4082811443016,776.4374513699408,761.4733502547145,723.6703893478946,681.7649556706709,597.1265438344675,745.7771262785251,695.4846088591906,646.6612170656424,597.5141387232558,542.455497827236,0.5434783952622141,0.7304849408203496,0.8788695223460292,0.34128556908946833,0.11924572402253927,0.14423076923076922,2744.963929715364,3681.1613027739154,2984.70545021917,3281.1895105232347,607.9501525236109,3068.57568359375,1768.9436767578125,361.0089111328125,971.3756363268867,-538.4500732421875,-505.53570783000714,0.0,1.3001602752875385,692.8558349609375,484.33937174271887,0.11111111106995883,1.8307052442496818,682.9512939453125,270.33637608467507,0.03703703702331962,0.8966105415208645,-188.3704833984375,174.70537403906746,0.0,-0.45985679049124784,46.05392384429638,-21.316385134618958,67.35439886983397,0.03517693661764554,2.524222872172123,-0.08571964636567087,0.18118773265614596,-0.15930063588195242,0.06074301843737118,0.04859246543359658,0.5952398289635425,-0.46337208702805865,0.078348730465847,0.03448997921157233,11520.792065151007,-440.05531063487797,1.6612247322892912,-0.001255377450581685,0.2120889156584358,0.001325923051241601,13.869931902845828,-0.3847019028458245,19.556570740397774,-0.9989317081397111
Z-02,2122.0,535,193,0.982475655802968,43.71564571428572,69.21972828571428,2.4444085714285713,0.14602000000000004,0.09636285714285713,0.4244828571428571,0.11972285714285713,10783.082490857141,1.6788208571428573,0.22443514285714286,13.705476857142859,16.967190285714285,1,0.22222222213991769,11920.92167086918,2527.0625,3068.57568359375,3429.584716796875,3249.080078125,2707.56689453125,1985.549072265625,1805.0445556640625,1083.0267333984375,361.0089111328125,-361.0089111328125,-902.5222778320312,3459.408375533968,85.1109818540699,1.3689320839420767,3491.480157182386,3516.961176073121,3264.2047686321916,2885.234587767169,2559.898491143457,3321.258193474246,3173.350979238141,3027.413983164419,2829.549112400425,2550.718557503896,19.851380527889912,21.02372848100068,23.61856690967572,22.923738328472357,23.3469151711443,28.933782364620267,18.7306269748751,18.10581586409995,18.94822696593422,19.146122891137413,18.223370761695737,776.4374513699408,761.4733502547145,723.6703893478946,681.7649556706709,597.1265438344675,475.9048591861249,767.4082811443016,745.7771262785251,695.4846088591906,646.6612170656424,597.5141387232558,0.7304849408203496,0.8788695223460292,0.9751493258548912,0.5434783952622141,0.34128556908946833,0.14743589743589744,2754.2916967378724,3693.581020884814,2994.82093204347,3312.2678354962673,613.2318811825095,3429.584716796875,2382.658837890625,1083.0267333984375,849.7140694177597,-536.69970703125,-387.3581015002583,0.0,2.8002996328140703,684.5234375,467.1001345574796,0.11111111106995883,0.640080818651068,494.0751953125,118.77960574083818,0.03703703702331959,1.1429459311602166,-12.236328125,243.73733863878897,0.0,0.36069585376970537,46.1017011551678,-2.3860554408820818,67.2462516503673,1.9734766353469837,2.5253048522567685,-0.08089628082819722,0.18013657751092627,-0.03411657751092623,0.06023734984418638,0.03612550729867074,0.5930713383853288,-0.16858848124247167,0.07790519947260943,0.0418176576702477,11545.533498410543,-762.4510075534017,1.6600920890198214,0.01872876812303592,0.21144553510659936,0.012989607750543503,13.864476732985878,-0.1589998758430191,19.664686016445444,-2.697495730731159
Z-02,2124.0,535,193,0.982475655802968,37.942142105263166,70.25691526315791,2.457342105263158,0.10438157894736842,0.10420000000000001,0.16833421052631584,0.12089736842105266,10672.012231578949,1.690056578947368,0.23019184210526314,13.828227368421052,16.281398421052632,1,0.2592592591632373,11920.939547561866,3068.57568359375,3429.584716796875,3249.080078125,2707.56689453125,1985.549072265625,902.5222778320312,2527.0625,1805.0445556640625,1083.0267333984375,361.0089111328125,-361.0089111328125,3491.480157182386,28.77640026957647,1.1378093240586593,3516.961176073121,3264.2047686321916,2885.234587767169,2559.898491143457,1914.6623529515145,3459.408375533968,3321.258193474246,3173.350979238141,3027.413983164419,2829.549112400425,21.02372848100068,23.61856690967572,22.923738328472357,23.3469151711443,28.933782364620267,35.321331674998646,19.851380527889912,18.7306269748751,18.10581586409995,18.94822696593422,19.146122891137413,761.4733502547145,723.6703893478946,681.7649556706709,597.1265438344675,475.9048591861249,322.1615184871633,776.4374513699408,767.4082811443016,745.7771262785251,695.4846088591906,646.6612170656424,0.8788695223460292,0.9751493258548912,0.9953594971356267,0.7304849408203496,0.5434783952622141,0.15064102564102563,2763.3464310702143,3705.6286645131136,3004.6355765964577,3341.8135452581746,618.3732636675874,3429.584716796875,2815.8695068359375,1805.0445556640625,588.7876932977966,-354.444580078125,-336.64263209485625,0.0,2.7451132273841665,678.274658203125,482.58260911699927,0.11111111106995886,0.32452213225565174,307.990234375,19.788141782183175,0.03703703702331962,2.2135314527267873,164.7724609375,379.2697383902687,0.0,0.41944047597423406,46.14641316954476,-8.204271064281592,67.13942842701658,3.1174868361413246,2.526366195986647,-0.06902409072348892,0.17909468850243915,-0.07471310955507073,0.059741820318703454,0.04445817968129656,0.5910212190984936,-0.4226870085721778,0.07747123093483133,0.04342613748622133,11569.925160094746,-897.9129285157978,1.6589729787600245,0.031083600187343574,0.21081033945927707,0.019381502645986065,13.859090582831392,-0.030863214410340234,19.77130033075491,-3.4899019097022794
Z-02,2126.0,535,193,0.982475655802968,41.07195,68.61119304347828,2.4572478260869564,0.1353108695652174,0.09376521739130435,0.28223260869565214,0.11540869565217389,10930.465567826088,1.672219565217391,0.22109021739130433,13.758371739130434,17.46266608695652,1,0.2962962961865569,11920.95742425455,3429.584716796875,3249.080078125,2707.56689453125,1985.549072265625,902.5222778320312,-0.0,3068.57568359375,2527.0625,1805.0445556640625,1083.0267333984375,361.0089111328125,3516.961176073121,-113.63769427509715,1.0254704035156286,3264.2047686321916,2885.234587767169,2559.898491143457,1914.6623529515145,1219.1396796602828,3491.480157182386,3459.408375533968,3321.258193474246,3173.350979238141,3027.413983164419,23.61856690967572,22.923738328472357,23.3469151711443,28.933782364620267,35.321331674998646,60.714037849836124,21.02372848100068,19.851380527889912,18.7306269748751,18.10581586409995,18.94822696593422,723.6703893478946,681.7649556706709,597.1265438344675,475.9048591861249,322.1615184871633,156.46201105800137,761.4733502547145,776.4374513699408,767.4082811443016,745.7771262785251,695.4846088591906,0.9751493258548912,0.9953594971356267,0.9384142810560809,0.8788695223460292,0.7304849408203496,0.15384615384615385,2772.1271770387184,3717.30301975425,3014.148386690834,3369.802001459878,623.3719973874709,3429.584716796875,2996.373974609375,2527.0625,334.78584151192456,-534.511474609375,-514.2166024735329,0.0,-1.8452826797509587,495.687255859375,419.813477337083,0.11111111106995886,-1.42036267495428,-230.73291015625,-317.56096251277313,0.03703703702331962,-0.849666471041516,342.65478515625,414.2177997320873,0.0,-1.4231760368207205,46.188059887427016,-5.116109887427015,67.03392919978205,1.5772638436962296,2.5274069033617597,-0.0701590772748033,0.17806206563068194,-0.04275119606546454,0.0592564298609215,0.03450878753038285,0.5890894711030086,-0.30685686240735643,0.07704682485251269,0.038361870799661205,11593.96705020353,-663.5014823774418,1.6578674015099057,0.014352163707485266,0.21018332871647072,0.010906888674833609,13.85377345238237,-0.09540171325193647,19.876413683326177,-2.4137475963696566
Z-02,2128.0,535,193,0.982475655802968,58.34914655172413,65.94072051724139,2.5503620689655175,0.22783965517241384,0.04549482758620689,0.5146999999999999,0.08192931034482757,11851.47572327586,1.6451993103448272,0.20463241379310343,13.976146896551723,20.694861724137933,1,0.3333333332098765,11920.975300947233,3249.080078125,2707.56689453125,1985.549072265625,902.5222778320312,-0.0,-541.5133666992188,3429.584716796875,3068.57568359375,2527.0625,1805.0445556640625,1083.0267333984375,3264.2047686321916,-315.86329415297587,1.0046479667284818,2885.234587767169,2559.898491143457,1914.6623529515145,1219.1396796602828,629.744320726735,3516.961176073121,3491.480157182386,3459.408375533968,3321.258193474246,3173.350979238141,22.923738328472357,23.3469151711443,28.933782364620267,35.321331674998646,60.714037849836124,92.88365323273615,23.61856690967572,21.02372848100068,19.851380527889912,18.7306269748751,18.10581586409995,681.7649556706709,597.1265438344675,475.9048591861249,322.1615184871633,156.46201105800137,65.34232980461996,723.6703893478946,761.4733502547145,776.4374513699408,767.4082811443016,745.7771262785251,0.9953594971356267,0.9384142810560809,0.7756289027707604,0.9751493258548912,0.8788695223460292,0.15705128205128205,2780.633008428535,3728.602910318277,3023.3583959109683,3396.2098645884207,628.225848354677,3429.584716796875,2888.0712890625,1985.549072265625,510.54366373487323,-354.0068359375,-368.9125500318496,0.0,-0.20655450064739966,497.770263671875,573.5747598795492,0.11111111106995886,0.9239143762629993,-583.3701171875,-478.68619268250495,0.03703703702331962,-0.5788092399027924,523.159423828125,509.1427933694413,0.0,-1.4179603957017441,46.22664130881458,12.122505242909554,66.92975396866348,-0.9890334514220882,2.528426974382109,0.0219350945834087,0.17703870889565554,0.050800946276758296,0.05878117847084052,-0.013286350884633633,0.5872760943989022,-0.07257609439890222,0.07663198122565351,0.005297329119174063,11617.659168736951,233.81655453890926,1.656775357269467,-0.01157604692463976,0.20956450287817852,-0.0049320890850750865,13.84852534163879,0.12762155491293292,19.98002607415924,0.7148356499786921
Z-02,2130.0,535,193,0.982475655802968,36.243510937500005,62.41115140625,2.5587,0.1192875,0.0548765625,0.45431718749999994,0.07394843749999999,12518.2992253125,1.60798875,0.18416765625,13.75488109375,23.78105203125,1,0.37037037023319613,11920.993177639917,2707.56689453125,1985.549072265625,902.5222778320312,-0.0,-541.5133666992188,-722.017822265625,3249.080078125,3429.584716796875,3068.57568359375,2527.0625,1805.0445556640625,2885.234587767169,-352.1531387443674,1.0656099094120568,2559.898491143457,1914.6623529515145,1219.1396796602828,629.744320726735,999.5619188302172,3264.2047686321916,3516.961176073121,3491.480157182386,3459.408375533968,3321.258193474246,23.3469151711443,28.933782364620267,35.321331674998646,60.714037849836124,92.88365323273615,77.10684133572902,22.923738328472357,23.61856690967572,21.02372848100068,19.851380527889912,18.7306269748751,597.1265438344675,475.9048591861249,322.1615184871633,156.46201105800137,65.34232980461996,113.83170627147867,681.7649556706709,723.6703893478946,761.4733502547145,776.4374513699408,767.4082811443016,0.9384142810560809,0.7756289027707604,0.4713684635901836,0.9953594971356267,0.9751493258548912,0.16025641025641024,2788.8630285234117,3739.5271976481167,3032.2646686996986,3421.015113104424,632.9326514951257,3429.584716796875,2454.8606079101564,902.5222778320312,924.6339525596004,-174.3779296875,-231.68589873390601,0.0,3.2409218660366186,325.59765625,615.7386880534868,0.11111111106995886,0.2521260447027025,-752.7130126953125,-548.0252549243637,0.03703703702331962,2.0439435856271864,885.0419921875,827.5957844472587,0.0,0.9172154435008899,46.262157433708126,-10.01864649620812,66.82690273366109,-4.415751327411087,2.529426409047691,0.029273590952309192,0.17602461829735994,-0.05673711829735993,0.05831606614846141,-0.003439503648461406,0.5855810889861317,-0.13126390148613176,0.07622670005425292,-0.0022782625542529245,11641.001515694952,877.2977096175473,1.655696846038703,-0.04770809603870285,0.20895386194440224,-0.024786205694402236,13.843346250600682,-0.08846515685068113,20.082137503254103,3.698914527995896
Z-02,2132.0,535,193,0.982475655802968,50.10771527777777,65.00017194444445,2.565675,0.1968375,0.044609722222222224,0.6361944444444444,0.07607777777777777,12139.194415972222,1.6359816666666667,0.19839791666666665,13.86225625,22.021515694444442,1,0.40740740725651575,11921.0110543326,1985.549072265625,902.5222778320312,-0.0,-541.5133666992188,-722.017822265625,-361.0089111328125,2707.56689453125,3249.080078125,3429.584716796875,3068.57568359375,2527.0625,2559.898491143457,-485.2861174078273,1.2892498683897466,1914.6623529515145,1219.1396796602828,629.744320726735,999.5619188302172,2151.08553837217,2885.234587767169,3264.2047686321916,3516.961176073121,3491.480157182386,3459.408375533968,28.933782364620267,35.321331674998646,60.714037849836124,92.88365323273615,77.10684133572902,43.14280470147625,23.3469151711443,22.923738328472357,23.61856690967572,21.02372848100068,19.851380527889912,475.9048591861249,322.1615184871633,156.46201105800137,65.34232980461996,113.83170627147867,327.49410957243515,597.1265438344675,681.7649556706709,723.6703893478946,761.4733502547145,776.4374513699408,0.7756289027707604,0.4713684635901836,-0.0,0.9384142810560809,0.9953594971356267,0.16346153846153846,2796.8163701453104,3750.074781034004,3040.8663004426044,3444.1970615796436,637.4903109718257,3249.080078125,1768.9436645507812,-0.0,1183.0961905962356,-176.1282958984375,-231.8996062216579,0.0,2.912680900471557,155.50830078125,549.3430149241158,0.1111111110699588,-3.660138324024736,-919.26513671875,-770.3168186501521,0.03703703702331962,4.208641079971141,888.5380859375,888.785419279232,0.0,-1.756383648225782,46.29460826210652,3.8131070156712497,66.72537549477454,-1.725203550330093,2.5304052073585073,0.03526979264149288,0.17501979383579602,0.021817706164203976,0.05786109289378327,-0.013251370671561048,0.5840044548647398,0.052189989579704554,0.07583098133831356,0.0002467964394642086,11663.994091077591,475.2003248946312,1.6546318678176153,-0.01865020115094862,0.20835140591513923,-0.009953489248472586,13.83823617926803,0.024020070731969767,20.18274797061065,1.8387677238337936
Z-02,2134.0,535,193,0.982475655802968,39.6392552631579,64.44252197368424,2.506203947368421,0.11357236842105264,0.07292368421052631,0.4192697368421053,0.09108289473684211,11891.885479078945,1.6287443421052632,0.19654526315789475,13.685778552631579,21.431349210526314,1,0.44444444427983537,11921.028931025285,902.5222778320312,-0.0,-541.5133666992188,-722.017822265625,-361.0089111328125,902.5222778320312,1985.549072265625,2707.56689453125,3249.080078125,3429.584716796875,3068.57568359375,1914.6623529515145,-670.379405741587,2.121403178986948,1219.1396796602828,629.744320726735,999.5619188302172,2151.08553837217,3298.7939902115218,2559.898491143457,2885.234587767169,3264.2047686321916,3516.961176073121,3491.480157182386,35.321331674998646,60.714037849836124,92.88365323273615,77.10684133572902,43.14280470147625,29.727111126223576,28.933782364620267,23.3469151711443,22.923738328472357,23.61856690967572,21.02372848100068,322.1615184871633,156.46201105800137,65.34232980461996,113.83170627147867,327.49410957243515,605.0326915346576,475.9048591861249,597.1265438344675,681.7649556706709,723.6703893478946,761.4733502547145,0.4713684635901836,-0.0,-0.8598626456010733,0.7756289027707604,0.9384142810560809,0.16666666666666666,2804.4921956937956,3760.244597724145,3049.1624175497122,3465.7363778022486,641.8968005193819,2707.56689453125,1010.8249755859375,-541.5133666992188,1206.0075570817926,-178.75396728515625,-310.4281836847613,0.0,0.10146917520751231,168.00640869140625,754.3873082446339,0.1111111110699588,-5.09893976605175,-724.8082885742188,-783.2896643153167,0.03703703702331962,30.061612649073354,893.7821655273438,1123.5912849729352,0.0,-4.819295131913297,46.323993794010676,-6.684738530852776,66.62517225200429,-2.182650278320054,2.5313633693145565,-0.02515942194613574,0.1740242355109629,-0.060451867089910266,0.05741625870680611,0.015507425503720196,0.5825461920346982,-0.16327645519259287,0.07544482507783279,0.015638069659009324,11686.63689488484,205.2485841941052,1.653580422606204,-0.024836080500940882,0.20775713479039304,-0.011211871632498288,13.833195127640842,-0.14741657500926308,20.281857476228993,1.149491734297321
Z-02,2136.0,535,193,0.982475655802968,47.45093289473684,62.620774868421066,2.5841894736842104,0.16604473684210527,0.03690263157894738,0.715128947368421,0.06346578947368421,12650.887908947368,1.6110730263157895,0.18440881578947368,13.759661184210529,24.25280763157895,1,0.44444444427983537,11921.028931025285,-0.0,-541.5133666992188,-722.017822265625,-361.0089111328125,902.5222778320312,2527.0625,902.5222778320312,1985.549072265625,2707.56689453125,3249.080078125,3429.584716796875,1219.1396796602828,-642.4590161123897,50.0,629.744320726735,999.5619188302172,2151.08553837217,3298.7939902115218,4621.817347281082,1914.6623529515145,2559.898491143457,2885.234587767169,3264.2047686321916,3516.961176073121,60.714037849836124,92.88365323273615,77.10684133572902,43.14280470147625,29.727111126223576,24.883016134710562,35.321331674998646,28.933782364620267,23.3469151711443,22.923738328472357,23.61856690967572,156.46201105800137,65.34232980461996,113.83170627147867,327.49410957243515,605.0326915346576,926.533801479994,322.1615184871633,475.9048591861249,597.1265438344675,681.7649556706709,723.6703893478946,-0.0,-0.8598626456010733,-0.7223176660922261,0.4713684635901836,0.7756289027707604,0.16987179487179488,2811.889697185017,3770.035623031565,3057.152177534572,3485.6150988203563,646.1501637862799,1985.549072265625,324.9080322265625,-722.017822265625,1004.3576947795477,0.0,-209.06779160150268,0.0,13.07858066755768,0.0,868.6403817627686,0.1111111110699588,-19.98494083899365,-533.1419677734375,-587.5582877951979,0.0,42.86251745060216,538.891357421875,1265.7141890823193,0.03703703702331962,-23.9790198991316,46.35031402942013,1.1006188653167044,66.52629300535,-3.905518136928933,2.5323008949158403,0.05188857876837005,0.1730379433228606,-0.006993206480755326,0.0569815635875317,-0.02007893200858432,0.581206300496035,0.13392264687238598,0.07506823127281237,-0.011602441799128158,11708.929927116667,941.9579818307011,1.652542510404471,-0.04146948408868156,0.207171048570161,-0.022762232780687314,13.828223095719096,-0.06856191150856716,20.379466020109135,3.873341611469815
Z-02,2138.0,535,193,0.982475655802968,45.9702046875,61.7668465625,2.5550859375000003,0.14161718750000002,0.0356328125,0.4583296875,0.058270312500000004,12652.5173434375,1.60191296875,0.1796846875,13.5838934375,24.610433125,1,0.40740740725651575,11921.0110543326,-541.5133666992188,-722.017822265625,-361.0089111328125,902.5222778320312,2527.0625,4873.6201171875,-0.0,902.5222778320312,1985.549072265625,2707.56689453125,3249.080078125,629.744320726735,-109.78888041503279,1.1628847055664737,999.5619188302172,2151.08553837217,3298.7939902115218,4621.817347281082,6209.377207602869,1219.1396796602828,1914.6623529515145,2559.898491143457,2885.234587767169,3264.2047686321916,92.88365323273615,77.10684133572902,43.14280470147625,29.727111126223576,24.883016134710562,25.31508193969299,60.714037849836124,35.321331674998646,28.933782364620267,23.3469151711443,22.923738328472357,65.34232980461996,113.83170627147867,327.49410957243515,605.0326915346576,926.533801479994,1234.1227961331117,156.46201105800137,322.1615184871633,475.9048591861249,597.1265438344675,681.7649556706709,-0.8598626456010733,-0.7223176660922261,-0.1678245937485904,-0.0,0.4713684635901836,0.17307692307692307,2819.0080962902084,3779.446870437113,3064.8347690907117,3503.816645897029,650.2485146821357,902.5222778320312,-144.403564453125,-722.017822265625,575.3535279720976,-182.25494384765625,106.48569272950488,0.0,10.05143900429455,-350.5938720703125,925.4586935194958,0.1111111110699588,-27.670571038416142,-169.34259033203125,478.75636875934845,0.0,-14.648969691663382,2.62200927734375,1250.5876522638177,0.03703703702331962,-42.484393257511975,46.37356896833512,-0.4033642808351203,66.42873775481178,-4.661891192311778,2.5332177841623587,0.021868153337641694,0.1720609172714882,-0.03044372977148818,0.05655700753595827,-0.02092419503595827,0.5799847802487221,-0.1216550927487221,0.07470119992325053,-0.016430887423250523,11730.873187773133,921.6441556643658,1.6515181312124163,-0.04960516246241631,0.2065931472544449,-0.02690845975444489,13.823320083502821,-0.23942664600282093,20.475573602251075,4.1348595227489255
Z-02,2140.0,535,193,0.982475655802968,71.0836948275862,60.36319155172413,2.5554051724137934,0.22908275862068966,0.014296551724137931,0.789008620689655,0.05091896551724138,12918.668279482761,1.587916724137931,0.17075224137931033,13.392677586206899,26.007981206896552,1,0.37037037023319613,11920.993177639917,-722.017822265625,-361.0089111328125,902.5222778320312,2527.0625,4873.6201171875,7220.17822265625,-541.5133666992188,-0.0,902.5222778320312,1985.549072265625,2707.56689453125,999.5619188302172,760.6706088227174,1.384356580384967,2151.08553837217,3298.7939902115218,4621.817347281082,6209.377207602869,7703.350127086818,629.744320726735,1219.1396796602828,1914.6623529515145,2559.898491143457,2885.234587767169,77.10684133572902,43.14280470147625,29.727111126223576,24.883016134710562,25.31508193969299,23.96967336247021,92.88365323273615,60.714037849836124,35.321331674998646,28.933782364620267,23.3469151711443,113.83170627147867,327.49410957243515,605.0326915346576,926.533801479994,1234.1227961331117,1573.434177851976,65.34232980461996,156.46201105800137,322.1615184871633,475.9048591861249,597.1265438344675,-0.7223176660922261,-0.1678245937485904,0.2735896805915155,-0.8598626456010733,-0.0,0.17628205128205127,2825.846644373544,3788.4773916886566,3072.2094121654145,3520.325838352483,654.1900377273429,902.5222778320312,-144.403564453125,-722.017822265625,575.3535279720976,-1.75048828125,374.9544379615869,0.0,-10.158753413900158,-526.932373046875,252.29740479422674,0.11111111106995886,1.0980022501321827,366.58984375,1096.5946610811834,0.0,-41.04452103253816,-535.395263671875,451.64815623288644,0.03703703702331962,-8.54582808849851,46.39375861075564,24.68993621683056,66.33250650038974,-5.9693149486656125,2.5341140370541098,0.021291135359683633,0.17109315735684838,0.057989601263841284,0.0561425905520867,-0.04184603882794877,0.5788816312927594,0.21012698939689567,0.07434373102914904,-0.023424765511907662,11752.466676854208,1166.2016026285528,1.6505072850300362,-0.06259056089210513,0.20602343084324293,-0.035271189463932595,13.818486090992003,-0.42580850478510435,20.570180222654812,5.43780098424174
Z-02,2142.0,535,193,0.982475655802968,79.32154615384614,61.26244134615385,2.609753846153846,0.2650865384615384,0.013651923076923077,0.867325,0.056019230769230766,13003.210549999998,1.5966630769230767,0.1767317307692307,13.84614076923077,25.51282326923077,1,0.3333333332098765,11920.975300947233,-361.0089111328125,902.5222778320312,2527.0625,4873.6201171875,7220.17822265625,9205.7275390625,-722.017822265625,-541.5133666992188,-0.0,902.5222778320312,1985.549072265625,2151.08553837217,1149.6160356906523,5.9581595553457865,3298.7939902115218,4621.817347281082,6209.377207602869,7703.350127086818,9225.734393985604,999.5619188302172,629.744320726735,1219.1396796602828,1914.6623529515145,2559.898491143457,43.14280470147625,29.727111126223576,24.883016134710562,25.31508193969299,23.96967336247021,22.672145651790704,77.10684133572902,92.88365323273615,60.714037849836124,35.321331674998646,28.933782364620267,327.49410957243515,605.0326915346576,926.533801479994,1234.1227961331117,1573.434177851976,1937.5576608609495,113.83170627147867,65.34232980461996,156.46201105800137,322.1615184871633,475.9048591861249,-0.1678245937485904,0.2735896805915155,0.5467654284451491,-0.7223176660922261,-0.8598626456010733,0.1794871794871795,2832.404622529296,3797.1262768964175,3079.2753580307917,3535.128906271637,657.9729884027702,2527.0625,361.008935546875,-722.017822265625,1224.2408242716256,180.06683349609375,348.2650177817577,0.0,-7.857807878361207,-531.0983276367188,-485.3185715757927,0.11111111106995886,16.644113104203633,1071.8648681640625,1256.0158922519786,0.07407407404663924,-14.18423180541932,-1076.03466796875,-560.50308295373,0.03703703702331962,25.042251116403463,46.41088295668146,32.91066319716468,66.23759924208366,-4.9751578959298115,2.5349896535910954,0.07476419256275069,0.17013466357893847,0.09495187488259993,0.05573831263591522,-0.042086389558992146,0.5778968536281752,0.2894281463718248,0.07399582459050613,-0.017976593821275366,11773.710394359892,1229.5001556401057,1.6495099718573325,-0.05284689493425576,0.2054618993365569,-0.028730168567326186,13.813721118186635,0.03241965104413502,20.663285881320235,4.849537387910534
Z-02,2144.0,535,193,0.982475655802968,39.99545384615385,61.87793423076923,2.5619519230769234,0.11965192307692309,0.04466153846153847,0.5110788461538462,0.06380384615384616,12653.013089615382,1.60296,0.18046519230769234,13.653247307692308,24.487105961538457,1,0.37037037023319613,11920.993177639917,902.5222778320312,2527.0625,4873.6201171875,7220.17822265625,9205.7275390625,10649.7626953125,-361.0089111328125,-722.017822265625,-541.5133666992188,-0.0,902.5222778320312,3298.7939902115218,1235.365904454456,3.65499015890191,4621.817347281082,6209.377207602869,7703.350127086818,9225.734393985604,10897.779412840808,2151.08553837217,999.5619188302172,629.744320726735,1219.1396796602828,1914.6623529515145,29.727111126223576,24.883016134710562,25.31508193969299,23.96967336247021,22.672145651790704,22.843525121887343,43.14280470147625,77.10684133572902,92.88365323273615,60.714037849836124,35.321331674998646,605.0326915346576,926.533801479994,1234.1227961331117,1573.434177851976,1937.5576608609495,2280.113422706229,327.49410957243515,113.83170627147867,65.34232980461996,156.46201105800137,322.1615184871633,0.2735896805915155,0.5467654284451491,0.7848777626877089,-0.1678245937485904,-0.7223176660922261,0.18269230769230768,2838.6813416181317,3805.39265462447,3086.0318893521417,3548.2135020573423,661.5956934973381,4873.6201171875,1444.0356323242188,-722.017822265625,2058.067395398923,364.07220458984375,584.3509652325715,0.0,-0.14762104256879738,-902.5222778320312,-608.8089835230535,0.07407407404663924,9.46011270942784,1585.4735717773438,1404.3996642702855,0.07407407404663924,-3.9988809561777217,-1800.6744995117188,-876.4769720817358,-0.03703703702331962,21.177793722691945,46.42494200611259,-6.429488159958737,66.14401597989365,-4.2660817491244245,2.5358446337733156,0.02610728930360784,0.16918543593776025,-0.04953351286083717,0.055344173787445605,-0.010682635325907137,0.5770304472549554,-0.0659516011011092,0.07365748060732358,-0.009853634453477422,11794.604340290156,858.4087493252264,1.648526191694307,-0.04556619169430709,0.2049085527343859,-0.024443360426693567,13.80902516508673,-0.15577785739442263,20.754890578247455,3.7322153832910026
Z-02,2146.0,535,193,0.982475655802968,29.671755319148925,58.43761021276596,2.6012255319148934,0.09154042553191488,0.038440425531914894,0.4373127659574467,0.053082978723404256,13571.887384893618,1.5692131914893614,0.15796638297872342,13.268774680851065,28.782902765957445,1,0.40740740725651575,11921.0110543326,2527.0625,4873.6201171875,7220.17822265625,9205.7275390625,10649.7626953125,11010.771484375,902.5222778320312,-361.0089111328125,-722.017822265625,-541.5133666992188,-0.0,4621.817347281082,1455.2916086956736,1.8289121624261988,6209.377207602869,7703.350127086818,9225.734393985604,10897.779412840808,12603.949829503046,3298.7939902115218,2151.08553837217,999.5619188302172,629.744320726735,1219.1396796602828,24.883016134710562,25.31508193969299,23.96967336247021,22.672145651790704,22.843525121887343,22.921952931941988,29.727111126223576,43.14280470147625,77.10684133572902,92.88365323273615,60.714037849836124,926.533801479994,1234.1227961331117,1573.434177851976,1937.5576608609495,2280.113422706229,2632.5756354535242,605.0326915346576,327.49410957243515,113.83170627147867,65.34232980461996,156.46201105800137,0.5467654284451491,0.7848777626877089,0.9372748968353201,0.2735896805915155,-0.1678245937485904,0.1858974358974359,2844.6761423025564,3813.2756919783474,3092.478320253549,3559.568710811857,665.056551451498,7220.17822265625,3032.4748413085936,-361.0089111328125,2728.9026026054144,729.89501953125,616.6892409060938,0.0,0.8213031711693297,-921.26953125,-681.2618922392198,0.07407407404663924,5.525294379104945,2093.5009765625,1492.0293769125255,0.07407407404663924,-1.1353135489734356,-1988.171142578125,-1053.072494974006,-0.03703703702331962,12.119888766057596,46.435935759049244,-16.76418043990032,66.05175671381971,-7.614146501053753,2.5366789776007703,0.06454655431412304,0.16824547443331195,-0.07670504890139707,0.05496017400667785,-0.01651974847476296,0.5762824121730858,-0.13896964621563912,0.07332869907960049,-0.020245720356196234,11815.148514645058,1756.7388702485605,1.6475559445409598,-0.07834275305159832,0.20436339103672907,-0.046397008058005645,13.80439823169229,-0.5356235508412244,20.844994313436587,7.937908452520858
Z-02,2148.0,535,193,0.982475655802968,49.25376444444444,61.994436888888885,2.3801577777777774,0.19841555555555554,0.03256,0.6016377777777778,0.06427555555555556,11794.141306888889,1.6057817777777772,0.17961844444444444,12.51251977777778,23.17421311111111,1,0.44444444427983537,11921.028931025285,4873.6201171875,7220.17822265625,9205.7275390625,10649.7626953125,11010.771484375,9927.7451171875,2527.0625,902.5222778320312,-361.0089111328125,-722.017822265625,-541.5133666992188,6209.377207602869,1540.766389902868,1.2740730290482638,7703.350127086818,9225.734393985604,10897.779412840808,12603.949829503046,14102.806491188883,4621.817347281082,3298.7939902115218,2151.08553837217,999.5619188302172,629.744320726735,25.31508193969299,23.96967336247021,22.672145651790704,22.843525121887343,22.921952931941988,22.27229756449827,24.883016134710562,29.727111126223576,43.14280470147625,77.10684133572902,92.88365323273615,1234.1227961331117,1573.434177851976,1937.5576608609495,2280.113422706229,2632.5756354535242,2988.2920314105754,926.533801479994,605.0326915346576,327.49410957243515,113.83170627147867,65.34232980461996,0.7848777626877089,0.9372748968353201,0.9978289237630077,0.5467654284451491,0.2735896805915155,0.1891025641025641,2850.3883950812965,3820.774594688823,3098.613996380723,3569.185059531115,668.3540326947832,9205.7275390625,4945.822131347656,902.5222778320312,3017.3953901759705,735.58447265625,552.4771912533697,0.0,-1.1488194858531138,-1126.769775390625,-794.7877061043455,0.07407407404663918,1.9161057940434354,2057.2255859375,1369.4661598342364,0.07407407404663918,-2.3539383965804923,-2358.7939453125,-1399.0821235276271,-0.03703703702331962,3.9074855333312257,46.44386421549143,2.809900228953012,65.96082144386196,-3.966384554973075,2.5374926850734596,-0.15733490729568222,0.16731477906559533,0.031100776489960208,0.054586313293611965,-0.022026313293611967,0.5756527483825664,0.025985029395211412,0.07300948000733776,-0.008733924451782199,11835.342917424568,-41.20161053567972,1.646599230397289,-0.04081745261951175,0.20382641424358816,-0.02420796979914372,13.799840318003305,-1.2873205402255259,20.933597086887403,2.2406160242237085
Z-02,2150.0,535,193,0.982475655802968,56.58414749999999,57.1291335,2.6540974999999998,0.20743999999999999,0.00754,0.9464650000000001,0.0407125,14215.8260565,1.5575165,0.14780225,12.990329249999998,31.73548125,1,0.481481481303155,11921.046807717968,7220.17822265625,9205.7275390625,10649.7626953125,11010.771484375,9927.7451171875,7581.18701171875,4873.6201171875,2527.0625,902.5222778320312,-361.0089111328125,-722.017822265625,7703.350127086818,1508.1785931913673,1.0669162706194433,9225.734393985604,10897.779412840808,12603.949829503046,14102.806491188883,15733.028319696086,6209.377207602869,4621.817347281082,3298.7939902115218,2151.08553837217,999.5619188302172,23.96967336247021,22.672145651790704,22.843525121887343,22.921952931941988,22.27229756449827,22.201376977622264,25.31508193969299,24.883016134710562,29.727111126223576,43.14280470147625,77.10684133572902,1573.434177851976,1937.5576608609495,2280.113422706229,2632.5756354535242,2988.2920314105754,3339.0457440360547,1234.1227961331117,926.533801479994,605.0326915346576,327.49410957243515,113.83170627147867,0.9372748968353201,0.9978289237630077,0.9772394766833645,0.7848777626877089,0.5467654284451491,0.1923076923076923,2855.8175003226447,3827.8886071917477,3104.438294961047,3577.054525098366,671.4866799757622,10649.7626953125,6895.27021484375,2527.0625,2922.6118388813497,741.27294921875,611.1986705253166,0.0,-0.638215999274717,-975.427734375,-710.8637894025733,0.07407407404663918,1.8995956312985847,1843.23486328125,1445.6819853453944,0.07407407404663918,-1.2413254715322921,-2370.15625,-1441.737842022244,-0.03703703702331962,2.3251899496311097,46.44872737543915,10.135420124560845,65.87121017002016,-8.742076670020161,2.5382857561913816,0.11581174380861814,0.16639334983460952,0.04104665016539047,0.054222591648246166,-0.04668259164824617,0.5751414558834256,0.37132354411657453,0.0726998233905336,-0.031987323390533604,11855.187548628688,2360.638507871312,1.6456560492632928,-0.08813954926329282,0.20329762235496052,-0.05549537235496052,13.79535142401977,-0.805022174019772,21.020698898600017,10.714782351399982
Z-02,2152.0,535,193,0.982475655802968,22.960158974358976,62.21154333333334,2.4887461538461535,0.14367179487179488,0.047999999999999994,0.437251282051282,0.07097948717948718,12202.368326410255,1.6059110256410256,0.18299948717948716,13.371382051282053,23.251643846153843,1,0.5185185183264746,11921.064684410652,9205.7275390625,10649.7626953125,11010.771484375,9927.7451171875,7581.18701171875,3790.593505859375,7220.17822265625,4873.6201171875,2527.0625,902.5222778320312,-361.0089111328125,9225.734393985604,1597.2146428769947,1.002170804787238,10897.779412840808,12603.949829503046,14102.806491188883,15733.028319696086,17142.174446928886,7703.350127086818,6209.377207602869,4621.817347281082,3298.7939902115218,2151.08553837217,22.672145651790704,22.843525121887343,22.921952931941988,22.27229756449827,22.201376977622264,21.940571334835916,23.96967336247021,25.31508193969299,24.883016134710562,29.727111126223576,43.14280470147625,1937.5576608609495,2280.113422706229,2632.5756354535242,2988.2920314105754,3339.0457440360547,3659.6701535009925,1573.434177851976,1234.1227961331117,926.533801479994,605.0326915346576,327.49410957243515,0.9978289237630077,0.9772394766833645,0.8735953069384169,0.9372748968353201,0.7848777626877089,0.1955128205128205,2860.9628882966376,3834.617012704045,3109.950624860793,3583.1705410656664,674.4531086828557,11010.771484375,8592.01201171875,4873.6201171875,2287.7826923476355,746.0869140625,726.267393008804,0.0,0.16794397599933575,-819.919921875,-736.3265913365885,0.07407407404663924,1.177631191583714,1457.1123046875,1565.9782107327683,0.07407407404663924,0.15185874895181684,-1840.87939453125,-1357.0284079755193,-0.03703703702331956,2.8109083966809685,46.45052523889217,-23.490366264533193,65.78292289229444,-3.571379558961098,2.539058190954538,-0.05031203710838472,0.1654811867403554,-0.021809391868560513,0.05386900907058223,-0.005869009070582236,0.5747485346756491,-0.13749725262436713,0.07239972922918891,-0.001420242049701731,11874.682408257388,327.6859181528671,1.644726401138973,-0.038815375497947446,0.2027770153708497,-0.019777528191362526,13.7909315497417,-0.41954949845964684,21.10629974857443,2.1453440975794145
Z-02,2154.0,535,193,0.982475655802968,68.12767297297297,62.082296216216236,2.603972972972973,0.16903243243243246,0.04242162162162162,0.5327378378378379,0.06944324324324326,12819.322937297298,1.6048813513513513,0.1818943243243243,13.922715405405404,24.6478227027027,1,0.5555555553497942,11921.082561103336,10649.7626953125,11010.771484375,9927.7451171875,7581.18701171875,3790.593505859375,-902.5222778320312,9205.7275390625,7220.17822265625,4873.6201171875,2527.0625,902.5222778320312,10897.779412840808,1689.1077177587213,1.0232862667591232,12603.949829503046,14102.806491188883,15733.028319696086,17142.174446928886,18560.381221348474,9225.734393985604,7703.350127086818,6209.377207602869,4621.817347281082,3298.7939902115218,22.843525121887343,22.921952931941988,22.27229756449827,22.201376977622264,21.940571334835916,21.829577653101637,22.672145651790704,23.96967336247021,25.31508193969299,24.883016134710562,29.727111126223576,2280.113422706229,2632.5756354535242,2988.2920314105754,3339.0457440360547,3659.6701535009925,3972.5029238311,1937.5576608609495,1573.434177851976,1234.1227961331117,926.533801479994,605.0326915346576,0.9772394766833645,0.8735953069384169,0.7039541353145425,0.9978289237630077,0.9372748968353201,0.1987179487179487,2865.824019206002,3840.9591332957984,3115.1504266395286,3587.528003213594,677.2520071546004,11010.771484375,9602.83701171875,7220.17822265625,1343.0306758694287,568.646484375,780.4720898446176,0.0,0.19482510562948008,-658.1611328125,-817.5179007407078,0.07407407404663924,0.06386016025118124,546.21875,1457.8224213154826,0.07407407404663924,-0.32103313491800733,-1129.3486328125,-1368.0111071168958,-0.03703703702331962,2.0661643968427406,46.44925780585049,21.67841516712248,65.69595961068478,-3.6136633944685457,2.5398099893629276,0.06416298361004547,0.1645782897828303,0.004454142649602172,0.05352556556062016,-0.011103943938998537,0.5744739847592228,-0.04173614692138494,0.07210919752330369,-0.0026659542800604313,11893.827496310725,925.4954409865732,1.6438102860243333,-0.038928934672981974,0.2022645932912539,-0.02037026896692959,13.786580695169093,0.13613471023631085,21.19039963681064,3.457423065892062
Z-02,2156.0,535,193,0.982475655802968,55.91337428571429,62.87656028571429,2.4660285714285712,0.23507428571428568,0.013528571428571428,0.89642,0.051122857142857143,11971.731040571429,1.6127862857142858,0.18695742857142855,13.304549142857143,22.459341428571424,1,0.5925925923731138,11921.100437796022,11010.771484375,9927.7451171875,7581.18701171875,3790.593505859375,-902.5222778320312,-6317.65576171875,10649.7626953125,9205.7275390625,7220.17822265625,4873.6201171875,2527.0625,12603.949829503046,1602.5135391740378,1.1446903204320198,14102.806491188883,15733.028319696086,17142.174446928886,18560.381221348474,19746.301422364573,10897.779412840808,9225.734393985604,7703.350127086818,6209.377207602869,4621.817347281082,22.921952931941988,22.27229756449827,22.201376977622264,21.940571334835916,21.829577653101637,21.52658190787624,22.843525121887343,22.672145651790704,23.96967336247021,25.31508193969299,24.883016134710562,2632.5756354535242,2988.2920314105754,3339.0457440360547,3659.6701535009925,3972.5029238311,4255.966728350666,2280.113422706229,1937.5576608609495,1573.434177851976,1234.1227961331117,926.533801479994,0.8735953069384169,0.7039541353145425,0.4818637448804837,0.9772394766833645,0.9978289237630077,0.20192307692307693,2870.4003832158255,3846.914329958415,3120.0371726016533,3590.123273881344,679.8821369780618,11010.771484375,9675.03876953125,7581.18701171875,1216.765986529753,207.6376953125,745.852278648721,0.0,-0.14601338508700934,-305.484375,-883.1530841711265,0.07407407404663924,-0.3478109215584375,-525.646484375,1351.8169186611394,0.07407407404663924,-0.6109406580075358,-232.9443359375,-1432.4961704125271,-0.03703703702331962,1.1534176842608375,46.44492507631435,9.468449209399942,65.6103203251912,-2.7337600394769055,2.5405411514165532,-0.074512579987982,0.16368465896203777,0.07138962675224791,0.053192261118358175,-0.039663689689786744,0.574317806134161,0.32210219386583905,0.07182822827287882,-0.02070537113002168,11912.622812788672,59.10822778275724,1.64290770391937,-0.030121418205084183,0.20176035611617316,-0.014802927544744604,13.782298860301928,-0.47774971744478556,21.272998563308647,1.1863428652627768
Z-02,2158.0,535,193,0.982475655802968,36.25370606060607,62.44543666666666,2.5644575757575763,0.1579878787878788,0.03564848484848485,0.5718333333333333,0.06089696969696969,12529.48594,1.6083463636363637,0.1843669696969697,13.795217575757576,23.749640000000003,1,0.6296296293964334,11921.118314488705,9927.7451171875,7581.18701171875,3790.593505859375,-902.5222778320312,-6317.65576171875,-11552.28515625,11010.771484375,10649.7626953125,9205.7275390625,7220.17822265625,4873.6201171875,14102.806491188883,1564.53924509652,1.4205414923746629,15733.028319696086,17142.174446928886,18560.381221348474,19746.301422364573,20774.327175529743,12603.949829503046,10897.779412840808,9225.734393985604,7703.350127086818,6209.377207602869,22.27229756449827,22.201376977622264,21.940571334835916,21.829577653101637,21.52658190787624,21.203213482385017,22.921952931941988,22.843525121887343,22.672145651790704,23.96967336247021,25.31508193969299,2988.2920314105754,3339.0457440360547,3659.6701535009925,3972.5029238311,4255.966728350666,4511.55362731997,2632.5756354535242,2280.113422706229,1937.5576608609495,1573.434177851976,1234.1227961331117,0.7039541353145425,0.4818637448804837,0.22112646437235242,0.8735953069384169,0.9772394766833645,0.20512820512820512,2874.691500481866,3852.4820026689013,3124.6103668450833,3590.9541850612623,682.3423332742108,11010.771484375,8592.011962890625,3790.593505859375,2681.2051409943974,-156.873046875,769.3963961586051,0.0,-0.1767247867752637,242.27734375,-805.0450068644113,0.07407407404663924,-0.22519587675201436,-1575.1875,1295.1716917692047,0.07407407404663924,-0.3243868162353962,850.08203125,-1375.7920609405082,-0.03703703702331962,0.8827389621064015,46.437527050283734,-10.183820989677663,65.52600503581368,-3.0805683691470236,2.5412516771154117,0.023205898642164602,0.16280029427797515,-0.004812415490096367,0.052869095743798944,-0.01722061089531409,0.5742799988004492,-0.002446665467115916,0.07155682147791342,-0.010659851780943731,11931.068357691227,598.4175823087735,1.6420186548240814,-0.03367229118771764,0.20126430384560656,-0.016897334148636867,13.778086045140235,0.017131530617341184,21.35409652806834,2.3955434719316635
Z-02,2160.0,535,193,0.982475655802968,14.445654545454545,64.58413393939394,2.481493939393939,0.013342424242424242,0.09627272727272727,0.10626969696969699,0.09840606060606061,11783.295204545457,1.631770909090909,0.1961321212121212,13.45038212121212,21.409548484848486,1,0.666666666419753,11921.13619118139,7581.18701171875,3790.593505859375,-902.5222778320312,-6317.65576171875,-11552.28515625,-16425.90625,9927.7451171875,11010.771484375,10649.7626953125,9205.7275390625,7220.17822265625,15733.028319696086,1519.6839778700014,2.0752661333092184,17142.174446928886,18560.381221348474,19746.301422364573,20774.327175529743,21701.445495860666,14102.806491188883,12603.949829503046,10897.779412840808,9225.734393985604,7703.350127086818,22.201376977622264,21.940571334835916,21.829577653101637,21.52658190787624,21.203213482385017,21.045589057405977,22.27229756449827,22.921952931941988,22.843525121887343,22.672145651790704,23.96967336247021,3339.0457440360547,3659.6701535009925,3972.5029238311,4255.966728350666,4511.55362731997,4730.511683289533,2988.2920314105754,2632.5756354535242,2280.113422706229,1937.5576608609495,1573.434177851976,0.4818637448804837,0.22112646437235242,-0.048626218946613654,0.7039541353145425,0.8735953069384169,0.20833333333333331,2878.696921177474,3857.661590450198,3128.86954530705,3590.020040253518,684.6315049691636,11010.771484375,6281.554968261718,-902.5222778320312,4362.6847191104225,-524.44580078125,743.7536929019789,0.0,-0.11545991131903932,804.62060546875,-823.76233900023,0.07407407404663924,-0.2911248589950155,-2605.1953125,1190.6548725156445,0.07407407404663924,-0.16524828510474876,1939.22705078125,-1337.3090141998564,-0.03703703702331962,0.8436106271484256,46.42706372775865,-31.981409182304105,65.44301374255224,-0.8588798031583025,2.5419415664595046,-0.06044762706556561,0.16192519573064423,-0.14858277148822,0.05255606943694069,0.043716657835786585,0.5743605627581161,-0.4680908657884191,0.07129497713840749,0.02711108346765312,11949.164131018391,-165.86892647293462,1.641143138738471,-0.009372229647562014,0.2007764364795559,-0.0046443152674346955,13.773942249684005,-0.3235601284718843,21.43369353108983,-0.024145046241343948
Z-02,2162.0,535,193,0.982475655802968,52.61645999999999,65.94834733333333,2.5264233333333332,0.20457333333333336,0.03176333333333334,0.77343,0.06447666666666667,11757.547772999997,1.6458536666666668,0.2043373333333334,13.824189666666665,20.604320666666663,1,0.7037037034430726,11921.154067874073,3790.593505859375,-902.5222778320312,-6317.65576171875,-11552.28515625,-16425.90625,-20035.994140625,7581.18701171875,9927.7451171875,11010.771484375,10649.7626953125,9205.7275390625,17142.174446928886,1413.676450826194,4.522265591022709,18560.381221348474,19746.301422364573,20774.327175529743,21701.445495860666,22274.839044852346,15733.028319696086,14102.806491188883,12603.949829503046,10897.779412840808,9225.734393985604,21.940571334835916,21.829577653101637,21.52658190787624,21.203213482385017,21.045589057405977,20.567760919781218,22.201376977622264,22.27229756449827,22.921952931941988,22.843525121887343,22.672145651790704,3659.6701535009925,3972.5029238311,4255.966728350666,4511.55362731997,4730.511683289533,4911.578242664157,3339.0457440360547,2988.2920314105754,2632.5756354535242,2280.113422706229,1937.5576608609495,0.22112646437235242,-0.048626218946613654,-0.31994084756920804,0.4818637448804837,0.7039541353145425,0.21153846153846154,2882.4162255190363,3862.452571427605,3132.8142758070026,3587.3216150785024,686.7486350502884,9927.7451171875,2815.869519042969,-6317.65576171875,5856.361221600686,-895.520263671875,835.866088671206,0.0,0.15500507596600244,1383.628662109375,-696.110317450115,0.07407407404663924,-0.1597244732421892,-3435.16552734375,1070.5865954168003,0.07407407404663924,-0.10971295791114954,2855.733154296875,-1228.074762549737,-0.03703703702331962,0.5990331450381525,46.41353510873887,6.2029248912611195,65.36134644540687,0.5870008879264645,2.542610819448832,-0.016187486115498917,0.16105936332004323,0.04351397001329013,0.0522531821977843,-0.02048984886445096,0.5745594980071331,0.19887050199286682,0.07104269525436102,-0.006566028587694353,11966.910132770165,-209.36235977016804,1.6402811556625387,0.0055725110041280335,0.20029675401802027,0.004040579315313125,13.769867473933225,0.054322192733440744,21.511789572373118,-0.9074689057064553
Z-02,2164.0,535,193,0.982475655802968,33.97521612903226,65.57075645161291,2.5323870967741935,0.11468064516129033,0.059370967741935475,0.5387516129032258,0.07770000000000002,11824.849820967744,1.6413319354838707,0.20256483870967742,13.875057741935482,20.789471612903224,1,0.666666666419753,11921.13619118139,-902.5222778320312,-6317.65576171875,-11552.28515625,-16425.90625,-20035.994140625,-22382.552734375,3790.593505859375,7581.18701171875,9927.7451171875,11010.771484375,10649.7626953125,18560.381221348474,1302.0634877178436,20.564488389026877,19746.301422364573,20774.327175529743,21701.445495860666,22274.839044852346,22816.3463436962,17142.174446928886,15733.028319696086,14102.806491188883,12603.949829503046,10897.779412840808,21.829577653101637,21.52658190787624,21.203213482385017,21.045589057405977,20.567760919781218,20.44395769479866,21.940571334835916,22.201376977622264,22.27229756449827,22.921952931941988,22.843525121887343,3972.5029238311,4255.966728350666,4511.55362731997,4730.511683289533,4911.578242664157,5046.190177064584,3659.6701535009925,3339.0457440360547,2988.2920314105754,2632.5756354535242,2280.113422706229,-0.048626218946613654,-0.31994084756920804,-0.5560840688940137,0.22112646437235242,0.4818637448804837,0.21474358974358973,2885.8490237899327,3866.8544628812633,3136.4441580865946,3582.8611566461996,688.6927808062641,7581.18701171875,-1480.1365356445312,-11552.28515625,6856.698738160262,-1268.7826538085938,741.6661368419955,0.0,0.05869104822791016,1794.6295166015625,-689.7069323567885,0.14814814809327848,-0.13464022069294757,-3895.7555541992188,816.3925836535018,0.07407407404663924,-0.3488459065989673,3596.9790649414062,-1230.8643713062302,0.03703703702331962,0.251633473990303,46.39694119322439,-12.421725064192131,65.28100314437756,0.289753307235344,2.5432594360833924,-0.010872339309198953,0.1602027970461748,-0.04552215188488447,0.051960434026327995,0.00741053371560748,0.5748768045475288,-0.036125191644302945,0.07079997582577402,0.006900024174225999,11984.306362946547,-159.45654197880322,1.639432705596283,0.0018992298875877278,0.1998252564609988,0.0027395822486786237,13.765861717887901,0.10919602404758066,21.588384651918204,-0.7989130390149803
Z-02,2166.0,535,193,0.982475655802968,43.32946333333333,65.37640766666667,2.51191,0.15417666666666668,0.046139999999999994,0.72375,0.07079999999999999,11738.702450666666,1.6384343333333335,0.20209899999999995,13.809641,20.589243333333332,1,0.6296296293964334,11921.118314488705,-6317.65576171875,-11552.28515625,-16425.90625,-20035.994140625,-22382.552734375,-22924.06640625,-902.5222778320312,3790.593505859375,7581.18701171875,9927.7451171875,11010.771484375,19746.301422364573,1106.9729770906342,3.125562768895054,20774.327175529743,21701.445495860666,22274.839044852346,22816.3463436962,22967.653006640085,18560.381221348474,17142.174446928886,15733.028319696086,14102.806491188883,12603.949829503046,21.52658190787624,21.203213482385017,21.045589057405977,20.567760919781218,20.44395769479866,19.89092778664259,21.829577653101637,21.940571334835916,22.201376977622264,22.27229756449827,22.921952931941988,4255.966728350666,4511.55362731997,4730.511683289533,4911.578242664157,5046.190177064584,5149.784999767268,3972.5029238311,3659.6701535009925,3339.0457440360547,2988.2920314105754,2632.5756354535242,-0.31994084756920804,-0.5560840688940137,-0.7569029845891125,-0.048626218946613654,0.22112646437235242,0.21794871794871795,2888.9949563629293,3870.8668212947064,3139.7588238467583,3576.6423816835895,690.4630740502577,3790.593505859375,-6281.555187988281,-16425.90625,7225.952262208977,-1462.853515625,799.872068124736,0.0,0.3708116519214144,2035.541015625,-569.8555359137354,0.14814814809327848,-0.10470650743319965,-3812.04150390625,627.7361956720852,0.07407407404663924,-0.3287553012684832,3982.4599609375,-883.5256347696632,0.03703703702331962,0.855714780897312,46.37728198121545,-3.047818647882117,65.20198383946422,0.1744238272024461,2.5438874163631873,-0.031977416363187405,0.15935549690903628,-0.005178830242369592,0.051677824922574445,-0.005537824922574451,0.5753124823792604,0.14843751762073965,0.07056681885264648,0.00023318114735350337,12001.352821547538,-262.6503708808723,1.6385977885397018,-0.00016345520636829036,0.19936194380849326,0.002737056191506687,13.761924981548034,0.047716018451964715,21.66347876972509,-1.0742354363917563
Z-02,2168.0,535,193,0.982475655802968,42.70255217391305,67.44882565217392,2.4702304347826085,0.12255217391304347,0.06700434782608697,0.8704130434782608,0.08661304347826086,11179.669261304347,1.6598026086956523,0.2145182608695652,13.767614782608694,18.447657391304347,1,0.5925925923731138,11921.100437796022,-11552.28515625,-16425.90625,-20035.994140625,-22382.552734375,-22924.06640625,-21841.0390625,-6317.65576171875,-902.5222778320312,3790.593505859375,7581.18701171875,9927.7451171875,20774.327175529743,977.5720367480462,1.7982836808642038,21701.445495860666,22274.839044852346,22816.3463436962,22967.653006640085,22894.990035622795,19746.301422364573,18560.381221348474,17142.174446928886,15733.028319696086,14102.806491188883,21.203213482385017,21.045589057405977,20.567760919781218,20.44395769479866,19.89092778664259,19.19175948948806,21.52658190787624,21.829577653101637,21.940571334835916,22.201376977622264,22.27229756449827,4511.55362731997,4730.511683289533,4911.578242664157,5046.190177064584,5149.784999767268,5226.164344427406,4255.966728350666,3972.5029238311,3659.6701535009925,3339.0457440360547,2988.2920314105754,-0.5560840688940137,-0.7569029845891125,-0.8994890351902773,-0.31994084756920804,-0.048626218946613654,0.22115384615384615,2891.8536937210097,3874.489242399477,3142.7579367818385,3568.6704734228597,692.0587213254527,-902.5222778320312,-11046.872717285156,-20035.994140625,6859.549348088809,-1656.486328125,684.5060207181814,0.0,0.22817734816809931,2095.9482421875,-622.6165635704056,0.14814814809327848,-0.34638371089159037,-3375.689453125,387.9730736122947,0.07407407404663924,-0.46275564863328356,3648.54541015625,-780.8342290858345,0.03703703702331962,0.6576492640883131,46.35455747271226,-3.65200529879921,65.12428853066706,2.3245371215068644,2.5444947602882166,-0.07426432550560813,0.15851746290862945,-0.03596528899558597,0.05140535488652187,0.015598992939565098,0.5758665315023705,0.2945465119758902,0.07034322433497842,0.016269819143282446,12018.049508573138,-838.3802472687912,1.637776404492799,0.022026204202853394,0.19890681606050187,0.015611444809063346,13.758057264913639,0.00955751769505575,21.737071925793657,-3.2894145344893104
Z-02,2170.0,535,193,0.982475655802968,33.866418181818176,64.67829454545455,2.4979727272727272,0.09726363636363637,0.06952272727272725,0.6093681818181819,0.08507727272727274,11784.793036363635,1.6307868181818181,0.19834772727272726,13.716306363636363,20.96283636363636,1,0.5555555553497942,11921.082561103336,-16425.90625,-20035.994140625,-22382.552734375,-22924.06640625,-21841.0390625,-19494.48046875,-11552.28515625,-6317.65576171875,-902.5222778320312,3790.593505859375,7581.18701171875,21701.445495860666,750.2559346613016,1.3211700360024712,22274.839044852346,22816.3463436962,22967.653006640085,22894.990035622795,22782.79808916915,20774.327175529743,19746.301422364573,18560.381221348474,17142.174446928886,15733.028319696086,21.045589057405977,20.567760919781218,20.44395769479866,19.89092778664259,19.19175948948806,19.02607986649392,21.203213482385017,21.52658190787624,21.829577653101637,21.940571334835916,22.201376977622264,4730.511683289533,4911.578242664157,5046.190177064584,5149.784999767268,5226.164344427406,5223.148861339972,4511.55362731997,4255.966728350666,3972.5029238311,3659.6701535009925,3339.0457440360547,-0.7569029845891125,-0.8994890351902773,-0.9809866078579635,-0.5560840688940137,-0.31994084756920804,0.22435897435897434,2894.424936476551,3877.7213612157634,3145.441192610789,3558.9520772549977,693.4790040922501,-6317.65576171875,-15342.87880859375,-22382.552734375,5806.522887631505,-1306.41796875,468.80800398478095,0.0,-0.08943986166779183,1973.7685546875,-485.4724916463565,0.14814814809327848,-0.18156110336844478,-2411.77734375,121.07955814363959,0.07407407404663924,-0.5537410841502712,3312.8837890625,-678.8198775753481,0.03703703702331962,0.41603057310748426,46.328767667714146,-12.46234948589597,65.04791721798597,-0.36962267253142045,2.5450814678584806,-0.04710874058575332,0.15768869504495164,-0.06042505868131527,0.05114302391817116,0.01837970335455609,0.5765389519168309,0.032829229901350954,0.0701291922727707,0.014948080454502036,12034.396424023347,-249.6033876597121,1.6369685534555742,-0.006181735273756095,0.1984598732170264,-0.00011214594429914682,13.754258567984685,-0.03795220434832203,21.809164120124024,-0.8463277564876641
Z-02,2172.0,535,193,0.982475655802968,16.29954615384615,78.31647153846154,2.4553307692307693,0.01936153846153846,0.10796153846153846,0.09925769230769231,0.11104230769230769,9666.932973846155,1.7889438461538463,0.26747192307692313,13.603067307692308,12.45356076923077,1,0.5185185183264746,11921.064684410652,-20035.994140625,-22382.552734375,-22924.06640625,-21841.0390625,-19494.48046875,-15884.392578125,-16425.90625,-11552.28515625,-6317.65576171875,-902.5222778320312,3790.593505859375,22274.839044852346,557.4504239177677,1.1117398694798157,22816.3463436962,22967.653006640085,22894.990035622795,22782.79808916915,22405.368224509828,21701.445495860666,20774.327175529743,19746.301422364573,18560.381221348474,17142.174446928886,20.567760919781218,20.44395769479866,19.89092778664259,19.19175948948806,19.02607986649392,18.64098457113586,21.045589057405977,21.203213482385017,21.52658190787624,21.829577653101637,21.940571334835916,4911.578242664157,5046.190177064584,5149.784999767268,5226.164344427406,5223.148861339972,5189.406151358289,4730.511683289533,4511.55362731997,4255.966728350666,3972.5029238311,3659.6701535009925,-0.8994890351902773,-0.9809866078579635,-0.9981012633541199,-0.7569029845891125,-0.5560840688940137,0.22756410256410256,2896.7084153888645,3880.56285208914,3147.808319105423,3547.495295155091,694.7232788965044,-11552.28515625,-18664.1609375,-22924.06640625,4229.508710689592,-1134.228515625,531.0579168720651,0.0,0.3592440330956208,1480.1640625,-401.429083107967,0.14814814809327848,-0.032645670628653534,-1467.3984375,54.19597613058431,0.07407407404663924,-0.23983740944661847,2252.580078125,-346.15093493698805,0.03703703702331962,0.7507835671206564,46.299912566221565,-30.000366412375413,64.97286990142095,13.343601637040592,2.5456475390739772,-0.09031676984320791,0.15686919331800642,-0.13750765485646796,0.05089083201752054,0.05707070644401792,0.5773297436226699,-0.47807205131497754,0.06992472266602157,0.041117585026286124,12050.393567898165,-2383.4605940520105,1.636174235428026,0.1527696107258203,0.19802111527806598,0.06945080779885715,13.750528890761196,-0.14746158306888724,21.879755352716302,-9.426194583485533
Z-02,2174.0,535,193,0.982475655802968,14.961233333333332,87.27243466666668,2.492783333333333,0.02578,0.08731666666666668,0.15872,0.09144000000000001,8760.106543333333,1.9046883333333335,0.30657,13.489259333333333,8.752412333333332,1,0.481481481303155,11921.046807717968,-22382.552734375,-22924.06640625,-21841.0390625,-19494.48046875,-15884.392578125,-11552.28515625,-20035.994140625,-16425.90625,-11552.28515625,-6317.65576171875,-902.5222778320312,22816.3463436962,346.40698089386933,1.0193798357902524,22967.653006640085,22894.990035622795,22782.79808916915,22405.368224509828,21805.906048010784,22274.839044852346,21701.445495860666,20774.327175529743,19746.301422364573,18560.381221348474,20.44395769479866,19.89092778664259,19.19175948948806,19.02607986649392,18.64098457113586,18.11343766166842,20.567760919781218,21.045589057405977,21.203213482385017,21.52658190787624,21.829577653101637,5046.190177064584,5149.784999767268,5226.164344427406,5223.148861339972,5189.406151358289,5123.582058353018,4911.578242664157,4730.511683289533,4511.55362731997,4255.966728350666,3972.5029238311,-0.9809866078579635,-0.9981012633541199,-0.9539649118947868,-0.8994890351902773,-0.7569029845891125,0.23076923076923075,2898.703891380042,3883.0134287232927,3149.859076115685,3534.3096788875296,695.7909775182503,-16425.90625,-20721.91171875,-22924.06640625,2357.363178362382,-597.091796875,323.7762847484446,0.0,0.21300797145218198,971.978515625,-367.64683131953643,0.14814814809327842,-0.16340375701955168,-187.123046875,-242.89819821101264,0.07407407404663918,-0.43711268054799746,1365.791015625,-347.6782899771424,0.03703703702331956,0.32122125696862724,46.26799216823429,-31.306758834900954,64.899146580972,22.373288085694682,2.5461929739347102,-0.053409640601377095,0.156058957727792,-0.130278957727792,0.05064877918457267,0.036667887482094014,0.578238906619859,-0.419518906619859,0.06972981551473278,0.021710184485267223,12066.040940197592,-3305.934396864259,1.6353934504101524,0.26929488292318116,0.19759054224361972,0.1089794577563803,13.74686823324317,-0.2576088999098367,21.948845623570378,-13.196433290237046
Z-02,2176.0,535,193,0.982475655802968,24.97925161290323,71.58364516129032,2.5640064516129026,0.057803225806451614,0.05721935483870968,0.18866774193548388,0.06645806451612904,11034.626224193551,1.7077390322580646,0.23488516129032255,14.21506741935484,16.89598193548387,1,0.44444444427983537,11921.028931025285,-22924.06640625,-21841.0390625,-19494.48046875,-15884.392578125,-11552.28515625,-6859.16943359375,-22382.552734375,-20035.994140625,-16425.90625,-11552.28515625,-6317.65576171875,22967.653006640085,39.321845963297164,1.00190034299843,22894.990035622795,22782.79808916915,22405.368224509828,21805.906048010784,20997.451759316773,22816.3463436962,22274.839044852346,21701.445495860666,20774.327175529743,19746.301422364573,19.89092778664259,19.19175948948806,19.02607986649392,18.64098457113586,18.11343766166842,17.172736507197914,20.44395769479866,20.567760919781218,21.045589057405977,21.203213482385017,21.52658190787624,5149.784999767268,5226.164344427406,5223.148861339972,5189.406151358289,5123.582058353018,5066.952569796381,5046.190177064584,4911.578242664157,4730.511683289533,4511.55362731997,4255.966728350666,-0.9981012633541199,-0.9539649118947868,-0.8556657852040896,-0.9809866078579635,-0.8994890351902773,0.23397435897435898,2900.411155549087,3885.072844208836,3151.5932555919603,3519.4062220010564,696.6816071004055,-19494.48046875,-21335.6265625,-22924.06640625,1338.1704459630828,-55.578125,232.96089015857433,0.0,0.28035474303705854,264.54296875,-281.70490600728954,0.14814814809327842,-0.09740287229135447,887.53125,-334.9095841386188,0.07407407404663918,-0.20776929191262283,111.0,-32.777227923663304,0.03703703702331962,0.5962051870421838,46.23300647375254,-21.25375486084931,64.82674725663912,6.756897904651197,2.546717772440674,0.017288679172228427,0.15525798827430837,-0.09745476246785675,0.050416865419325774,0.0068024894193839044,0.5792664409083983,-0.39059869897291444,0.06954447081890347,-0.0030864063027744304,12081.338540921628,-1046.712316728077,1.634626198401957,0.07311283385610756,0.19716815411368938,0.03771700717663318,13.7432765954306,0.47179082392423943,22.01643493268614,-5.120452997202268
Z-02,2178.0,535,193,0.982475655802968,27.516750000000002,66.5294075,2.5437875,0.068255,0.054275000000000004,0.21671749999999998,0.0651875,11903.5725105,1.65662125,0.2037725,13.520344,21.62650375,1,0.40740740725651575,11921.0110543326,-21841.0390625,-19494.48046875,-15884.392578125,-11552.28515625,-6859.16943359375,-2527.0625,-22924.06640625,-22382.552734375,-20035.994140625,-16425.90625,-11552.28515625,22894.990035622795,-92.42745873546664,1.0482544303026462,22782.79808916915,22405.368224509828,21805.906048010784,20997.451759316773,19992.331631980458,22967.653006640085,22816.3463436962,22274.839044852346,21701.445495860666,20774.327175529743,19.19175948948806,19.02607986649392,18.64098457113586,18.11343766166842,17.172736507197914,16.236974392126594,19.89092778664259,20.44395769479866,20.567760919781218,21.045589057405977,21.203213482385017,5226.164344427406,5223.148861339972,5189.406151358289,5123.582058353018,5066.952569796381,4961.475993943413,5149.784999767268,5046.190177064584,4911.578242664157,4730.511683289533,4511.55362731997,-0.9539649118947868,-0.8556657852040896,-0.7089540388690553,-0.9981012633541199,-0.9809866078579635,0.23717948717948717,2901.8300291843107,3886.7408910481404,3153.0106816044354,3502.797350625643,697.3947502570085,-15884.392578125,-20505.30625,-22924.06640625,2589.7200283393936,489.873046875,181.28269859875945,0.0,0.6480838989224544,-461.642578125,-174.1006515666304,0.14814814809327842,0.09848972258646782,1937.072265625,-496.93774338680305,0.07407407404663924,-0.14171170774053365,-972.02734375,189.27536678185425,0.03703703702331962,0.9061980749955474,46.19495548277655,-18.678205482776548,64.75567192842232,1.7737355715776886,2.5472219345918745,-0.0034344345918744246,0.15446628495755554,-0.08621128495755555,0.050195090721779856,0.004079909278220148,0.580412346488302,-0.36369484648830197,0.06936868857853273,-0.004181188578532738,12096.286370070302,-192.7138595703018,1.6338724794034398,0.02274877059656011,0.19675395088827408,0.007018549111725919,13.739753977323481,-0.21940997732348144,22.082523280063697,-0.45601953006369556
Z-02,2180.0,535,193,0.982475655802968,74.58183191489361,62.93690617021276,2.522782978723404,0.21356170212765954,0.012082978723404254,0.8559659574468086,0.04622553191489362,12432.956552127658,1.6182600000000005,0.1828923404255319,13.07645595744681,24.56455723404256,1,0.37037037023319613,11920.993177639917,-19494.48046875,-15884.392578125,-11552.28515625,-6859.16943359375,-2527.0625,1444.03564453125,-21841.0390625,-22924.06640625,-22382.552734375,-20035.994140625,-16425.90625,22782.79808916915,-244.8109055564837,1.1686780411459856,22405.368224509828,21805.906048010784,20997.451759316773,19992.331631980458,19193.96727072843,22894.990035622795,22967.653006640085,22816.3463436962,22274.839044852346,21701.445495860666,19.02607986649392,18.64098457113586,18.11343766166842,17.172736507197914,16.236974392126594,15.918799681992686,19.19175948948806,19.89092778664259,20.44395769479866,20.567760919781218,21.045589057405977,5223.148861339972,5189.406151358289,5123.582058353018,5066.952569796381,4961.475993943413,4810.714581156807,5226.164344427406,5149.784999767268,5046.190177064584,4911.578242664157,4730.511683289533,-0.8556657852040896,-0.7089540388690553,-0.5297772522304223,-0.9539649118947868,-0.9981012633541199,0.24038461538461536,2902.960363773979,3888.0174011762033,3154.1112103594446,3484.496913084971,697.9300651606081,-11552.28515625,-18339.252734375,-22924.06640625,4164.296874748196,1219.330078125,-53.32643912357889,0.0,0.405848754384067,-1023.986328125,-140.9165544149946,0.14814814809327842,-0.10027908269842811,2789.365234375,-777.2085110957523,0.07407407404663924,-0.4229703137491434,-1701.912109375,249.81037524421117,0.03703703702331962,0.5652100491542704,46.153839195305636,28.427992719587976,64.68592059632147,-1.7490144261087082,2.547705460388311,-0.02492248166490718,0.15368384777753352,0.05987785435012602,0.049983455091934914,-0.03790047636853066,0.5816766233595843,0.27428933408722433,0.06920246879362324,-0.02297693687872962,12110.884427643527,322.07212448413156,1.633132293414599,-0.014872293414598614,0.19634793256737382,-0.013455592141841916,13.736300378921833,-0.6598444214750216,22.14711066570294,2.4174465683396207
Z-03,2230.0,428,146,0.955501352385255,44.62144461538461,66.34909461538462,2.6342796153846155,0.16136923076923076,0.030280769230769226,0.8444807692307692,0.05610384615384616,12163.191984615383,1.6495330769230772,0.20708038461538464,14.488898846153848,20.969772692307693,1,0.40740740725651575,12345.940665313565,0.0,0.0,0.0,0.0,0.0,0.0,0.0,0.0,0.0,0.0,0.0,45.25408558954732,7.109078128891578,50.0,14.429039341814827,78.77338245380754,38.44857137176822,134.5361677729491,80.63469111450873,0.2108830840316709,23.666037261281634,9.484093755447333,9.136724326889302,15.450652469095688,-124.99999999978463,9.188269079783493e-13,1.4489193548889354e-12,7.067899292141149e-14,-4.3114185682061005e-12,-3.5339496460705743e-14,-1.6609563336531698e-12,-2.0447432652164343e-10,1.3429008655068182e-12,-2.9331782062385764e-12,-124.99999999998764,143.10598389117328,45.62862876831168,249.1033075495754,121.58505831433213,425.440717833062,254.98928234598864,0.6668708655407639,74.83858093606337,29.991337809793528,28.892859226039015,48.859253138046704,0.0,0.0,0.0,0.0,0.0,0.3205128205128205,1237.7237746375524,1838.5002613978766,2279.1238891173416,903.8269546789969,377.53351778364856,0.0,0.0,0.0,0.0,0.0,-3.1657124839727047,0.0,-2.2922108655620832e-10,0.0,17.175400245553426,0.0,124.99999999977777,0.0,-25.2341157200201,0.0,374.99999999977376,0.0,-38.13932157915926,0.0,124.99999999978276,44.12971064780231,0.4917339675822987,63.372436031524444,2.9766585838601713,2.5530867900002345,0.081192825384381,0.1371344127145413,0.024234818054689466,0.04798776134878313,-0.017706992118013905,0.6517542148337441,0.19272655439702513,0.06815477219522581,-0.012050926041379653,12362.160104973154,-198.9681203577711,1.6190258718385664,0.03050720508451077,0.18885756851225466,0.01822281610312998,13.672391823154399,0.8165070229994491,23.273982741764712,-2.3042100494570192
Z-03,2232.0,428,146,0.955501352385255,74.70924575757576,68.34180151515152,2.6767369696969694,0.3223636363636364,0.014915151515151515,0.9875969696969696,0.06647878787878787,12060.532201515152,1.6727406060606063,0.21687848484848482,14.691467575757574,20.11351909090909,1,0.40740740725651575,12345.940665313565,0.0,0.0,0.0,0.0,0.0,0.0,0.0,0.0,0.0,0.0,0.0,14.429039341814827,16.75964843213011,50.0,78.77338245380754,38.44857137176822,134.5361677729491,80.63469111450873,238.48290840091133,45.25408558954732,0.2108830840316709,23.666037261281634,9.484093755447333,9.136724326889302,9.188269079783493e-13,1.4489193548889354e-12,7.067899292141149e-14,-4.3114185682061005e-12,-3.5339496460705743e-14,7.067899292141149e-14,-124.99999999978463,-1.6609563336531698e-12,-2.0447432652164343e-10,1.3429008655068182e-12,-2.9331782062385764e-12,45.62862876831168,249.1033075495754,121.58505831433213,425.440717833062,254.98928234598864,754.1491735681838,143.10598389117328,0.6668708655407639,74.83858093606337,29.991337809793528,28.892859226039015,0.0,0.0,0.0,0.0,0.0,0.32371794871794873,1248.7080354196285,1851.5997000490897,2289.584627494747,913.470901305774,387.0553391214931,0.0,0.0,0.0,0.0,0.0,-13.725786339710046,0.0,-2.1733790323334033e-12,0.0,-4.046129087801059,0.0,-1.970176927684345e-12,0.0,20.664540397079982,0.0,124.99999999984323,0.0,21.898149844729993,0.0,-249.99999999999207,44.008896651472924,30.700349106102834,63.33710859844143,5.004692916710084,2.553033770572757,0.12370319912421257,0.13659289508952277,0.18577074127411364,0.04803974147917511,-0.0331245899640236,0.656096145280415,0.3315008244165546,0.06823717625226511,-0.0017583883734772349,12367.66410158627,-307.13190007111734,1.6186375441013237,0.054103061959282606,0.18866435770874546,0.028214127139739364,13.670732737094653,1.0207348386629214,23.29954512221036,-3.186026031301271
Z-03,2234.0,428,146,0.955501352385255,85.384486,72.18901257142856,2.635813142857143,0.3884228571428571,0.020651428571428574,0.8701657142857143,0.08276571428571428,11195.477106857144,1.7141842857142855,0.2385911428571428,14.71184457142857,16.60246542857143,1,0.40740740725651575,12345.940665313565,0.0,0.0,0.0,0.0,0.0,0.0,0.0,0.0,0.0,0.0,0.0,78.77338245380754,12.009766014976694,50.0,38.44857137176822,134.5361677729491,80.63469111450873,238.48290840091133,163.94479162557775,14.429039341814827,45.25408558954732,0.2108830840316709,23.666037261281634,9.484093755447333,1.4489193548889354e-12,7.067899292141149e-14,-4.3114185682061005e-12,-3.5339496460705743e-14,7.067899292141149e-14,-3.5339496460705743e-13,9.188269079783493e-13,-124.99999999978463,-1.6609563336531698e-12,-2.0447432652164343e-10,1.3429008655068182e-12,249.1033075495754,121.58505831433213,425.440717833062,254.98928234598864,754.1491735681838,518.4389520585245,45.62862876831168,143.10598389117328,0.6668708655407639,74.83858093606337,29.991337809793528,0.0,0.0,0.0,0.0,0.0,0.3269230769230769,1259.5672497581163,1864.5139469735561,2299.8147781470198,923.792784419355,396.5320208666086,0.0,0.0,0.0,0.0,0.0,-2.554405043233885,0.0,1.9251190696969453e-11,0.0,-23.25003553437707,0.0,-124.99999999998977,0.0,-78.2418101571517,0.0,2.191048780563756e-12,0.0,-52.20752697125764,0.0,0.0,43.88501735864884,41.49946864135116,63.30310516147438,8.885907409954186,2.552960114790512,0.0828530280666313,0.13606064360123593,0.2523622135416212,0.04810186067726807,-0.027450432105839497,0.6605564470184362,0.20960926726727813,0.06832914276476298,0.014436571520951291,12372.818326623994,-1177.3412197668495,1.6182627493737574,0.09592153634052814,0.18847933180975218,0.050111811047390625,13.66914267074037,1.0427019006881988,23.323606540917808,-6.721141112346377
Z-03,2236.0,428,146,0.955501352385255,29.033855675675678,71.12983918918918,2.4946708108108107,0.08587027027027026,0.08331351351351352,0.2239162162162162,0.09705945945945946,10700.63145864865,1.699738108108108,0.23483297297297295,14.056729729729732,15.945666216216216,1,0.40740740725651575,12345.940665313565,0.0,0.0,0.0,0.0,0.0,0.0,0.0,0.0,0.0,0.0,0.0,38.44857137176822,27.881392659570785,50.0,134.5361677729491,80.63469111450873,238.48290840091133,163.94479162557775,479.45760881995574,78.77338245380754,14.429039341814827,45.25408558954732,0.2108830840316709,23.666037261281634,7.067899292141149e-14,-4.3114185682061005e-12,-3.5339496460705743e-14,7.067899292141149e-14,-3.5339496460705743e-13,7.067899292141149e-13,1.4489193548889354e-12,9.188269079783493e-13,-124.99999999978463,-1.6609563336531698e-12,-2.0447432652164343e-10,121.58505831433213,425.440717833062,254.98928234598864,754.1491735681838,518.4389520585245,1516.1780853690957,249.1033075495754,45.62862876831168,143.10598389117328,0.6668708655407639,74.83858093606337,0.0,0.0,0.0,0.0,0.0,0.3301282051282051,1270.300304448637,1877.241673503383,2309.813309573111,934.7969519165011,405.9597440788999,0.0,0.0,0.0,0.0,0.0,-14.065449213122317,0.0,3.5339496460705743e-13,0.0,-22.205833093824207,0.0,-2.2970672699458736e-12,0.0,47.91363287833841,0.0,1.550343709731161e-10,0.0,-12.901229862695669,0.0,-3.887344610677632e-13,43.75807276933051,-14.724217093654833,63.27042572062351,7.859413468565677,2.5528658226534997,-0.05819501184268905,0.13553765824968078,-0.04966738797941052,0.04817411894306378,0.03513939457044973,0.6651351200478217,-0.4412189038316055,0.06843067173272122,0.028628787726738242,12377.622780086327,-1676.9913214376775,1.617901487655871,0.08183662045223694,0.18830249081527306,0.04653048215769989,13.667621624091552,0.3891081056381793,23.34616699788694,-7.400500781670724
Z-03,2238.0,428,146,0.955501352385255,25.859576341463413,69.5317480487805,2.4796404878048777,0.06387073170731708,0.09443902439024392,0.12137073170731706,0.10465365853658537,10881.367112682927,1.681963170731707,0.22636,13.937620975609756,16.92138317073171,1,0.40740740725651575,12345.940665313565,0.0,0.0,0.0,0.0,0.0,0.0,0.0,0.0,0.0,0.0,0.0,134.5361677729491,21.093059871370254,50.0,80.63469111450873,238.48290840091133,163.94479162557775,479.45760881995574,370.45324280052597,38.44857137176822,78.77338245380754,14.429039341814827,45.25408558954732,0.2108830840316709,-4.3114185682061005e-12,-3.5339496460705743e-14,7.067899292141149e-14,-3.5339496460705743e-13,7.067899292141149e-13,3.5339496460705743e-14,7.067899292141149e-14,1.4489193548889354e-12,9.188269079783493e-13,-124.99999999978463,-1.6609563336531698e-12,425.440717833062,254.98928234598864,754.1491735681838,518.4389520585245,1516.1780853690957,1171.4760138450358,121.58505831433213,249.1033075495754,45.62862876831168,143.10598389117328,0.6668708655407639,0.0,0.0,0.0,0.0,0.0,0.3333333333333333,1280.9060998606108,1889.7815709006445,2319.5792136413984,946.4841832468375,415.33470975643826,0.0,0.0,0.0,0.0,0.0,-1.1348683701554307,0.0,4.655978658697981e-12,0.0,-92.76709420875929,0.0,-1.9966815500298746e-12,0.0,-95.71286597822068,0.0,3.251233674384928e-12,0.0,-77.2327677404322,0.0,-249.99999999999335,43.62806288351749,-17.768486542054074,63.23907027588871,6.292677772891793,2.552750894161722,-0.0731104063568444,0.13502393903485643,-0.07115320732753935,0.04825651627655958,0.04618250811368434,0.6698321643685574,-0.5484614326612404,0.06854176315613891,0.03611189538044646,12382.07746197327,-1500.7103492903425,1.6175537589476612,0.06440941178404591,0.18813383472530898,0.038226165274691026,13.66616959714819,0.2714513784615651,23.36722649311787,-6.44584332238616
Z-03,2240.0,428,146,0.955501352385255,22.931142439024388,67.38883341463414,2.4898936585365856,0.050034146341463415,0.09681707317073171,0.11818048780487807,0.1048219512195122,11275.923245609756,1.6589848780487806,0.21433048780487807,13.887494146341465,18.608968780487803,1,0.40740740725651575,12345.940665313565,0.0,0.0,0.0,0.0,0.0,0.0,0.0,0.0,0.0,0.0,0.0,80.63469111450873,51.97337031398111,50.0,238.48290840091133,163.94479162557775,479.45760881995574,370.45324280052597,1558.6819169059183,134.5361677729491,38.44857137176822,78.77338245380754,14.429039341814827,45.25408558954732,-3.5339496460705743e-14,7.067899292141149e-14,-3.5339496460705743e-13,7.067899292141149e-13,3.5339496460705743e-14,39.923431861900696,-4.3114185682061005e-12,7.067899292141149e-14,1.4489193548889354e-12,9.188269079783493e-13,-124.99999999978463,254.98928234598864,754.1491735681838,518.4389520585245,1516.1780853690957,1171.4760138450358,246.6854664383728,425.440717833062,121.58505831433213,249.1033075495754,45.62862876831168,143.10598389117328,0.0,0.0,0.0,0.0,0.0,0.3365384615384615,1291.3835500013415,1902.1323504355003,2329.111505689979,958.8517586671682,424.65314034299047,0.0,0.0,0.0,0.0,0.0,-13.819210283755567,0.0,-5.3009244691058615e-14,0.0,-17.623632666155075,0.0,3.0922059403117523e-13,0.0,105.24761013239113,0.0,-3.3219126673063397e-12,0.0,-73.98462275190194,0.0,-1.2722218725854068e-12,43.494987701209766,-20.563845262185378,63.20903882727009,4.179794587364043,2.552615329315179,-0.06272167077859336,0.134519485956762,-0.08448533961529858,0.04834905267775724,0.04846802049297447,0.6746475799806717,-0.5564670921757936,0.0686624170350143,0.036159534184497896,12386.182372284791,-1110.259126675035,1.617219563249126,0.04176531479965462,0.18797336353986083,0.02635712426501724,13.664786589910278,0.22270755643118711,23.386785026610596,-4.777816246122793
Z-03,2242.0,428,146,0.955501352385255,28.867963170731706,64.94561536585366,2.5647131707317077,0.0943390243902439,0.050314634146341464,0.39385853658536585,0.06541219512195122,12043.084454634147,1.6334168292682927,0.20007097560975612,14.123898536585365,21.224936341463415,1,0.40740740725651575,12345.940665313565,0.0,0.0,0.0,0.0,0.0,2167.302001953125,0.0,0.0,0.0,0.0,0.0,238.48290840091133,41.65505025553451,50.0,163.94479162557775,479.45760881995574,370.45324280052597,1558.6819169059183,2570.0394254492417,80.63469111450873,134.5361677729491,38.44857137176822,78.77338245380754,14.429039341814827,7.067899292141149e-14,-3.5339496460705743e-13,7.067899292141149e-13,3.5339496460705743e-14,39.923431861900696,68.42366466896178,-3.5339496460705743e-14,-4.3114185682061005e-12,7.067899292141149e-14,1.4489193548889354e-12,9.188269079783493e-13,754.1491735681838,518.4389520585245,1516.1780853690957,1171.4760138450358,246.6854664383728,310.6966855544597,254.98928234598864,425.440717833062,121.58505831433213,249.1033075495754,45.62862876831168,0.0,0.0,0.0,0.0,0.0,0.33974358974358976,1301.7315825818305,1914.2927434654987,2338.4092246246437,971.8935657627596,433.91128123000215,0.0,0.0,0.0,0.0,0.0,2.4037853387055463,0.0,-7.597991739051734e-13,0.0,-224.43454515708646,0.0,-2.9155084580082236e-13,0.0,-120.04545351245226,0.0,1.7669748230352872e-13,0.0,-129.15658002427602,0.0,124.99999999999653,43.35884722240735,-14.490884051675643,63.180331374767434,1.7652839910862212,2.5524591281138687,0.012254042617839023,0.13402429901539925,-0.03968527462515535,0.04845172814665677,0.0018629059996846942,0.6795813668841362,-0.2857228302987703,0.06879263336935093,-0.0033804382473997113,12389.937511020951,-346.8530563868044,1.616898900560269,0.01651792870802371,0.18782107725892594,0.01224989835083018,13.66347260237783,0.4604259342075352,23.404842598365235,-2.1799062569018197
Z-03,2244.0,428,146,0.955501352385255,75.84285857142856,72.22994959183673,2.650652857142857,0.3499530612244897,0.020610204081632652,0.9024897959183674,0.07657755102040817,11289.709214693876,1.7157751020408163,0.23815979591836733,14.750438775510203,16.893220408163266,1,0.40740740725651575,12345.940665313565,0.0,0.0,0.0,0.0,2167.302001953125,2167.302001953125,0.0,0.0,0.0,0.0,0.0,163.94479162557775,120.4873502095222,50.0,479.45760881995574,370.45324280052597,1558.6819169059183,2570.0394254492417,2191.5445714669845,238.48290840091133,80.63469111450873,134.5361677729491,38.44857137176822,78.77338245380754,-3.5339496460705743e-13,7.067899292141149e-13,3.5339496460705743e-14,39.923431861900696,68.42366466896178,36.54081136596203,7.067899292141149e-14,-3.5339496460705743e-14,-4.3114185682061005e-12,7.067899292141149e-14,1.4489193548889354e-12,518.4389520585245,1516.1780853690957,1171.4760138450358,246.6854664383728,310.6966855544597,362.54441111195666,754.1491735681838,254.98928234598864,425.440717833062,121.58505831433213,249.1033075495754,0.0,0.0,0.0,0.0,0.0,0.34294871794871795,1311.949139084031,1926.26150151583,2347.4714330145302,985.6002387590651,443.1054022519611,0.0,0.0,0.0,0.0,0.0,-11.763481764264014,0.0,2.6504622345529307e-13,0.0,-9.021266722807951,0.0,-124.99999999999781,0.0,262.50326492885694,0.0,5.654319433712919e-13,0.0,-135.61561461400075,0.0,4.240739575284689e-13,43.21964144711046,32.6232171243181,63.152947918380846,9.077001673455882,2.5522822905577947,0.09837056658506249,0.1335383782107673,0.2164146830137224,0.04856454268325727,-0.02795433860162462,0.6846335250789792,0.2178562708393882,0.06893241215914703,0.0076451388612611415,12393.34287818172,-1103.6336634878444,1.6165917708810902,0.0991833311597261,0.18767697588250698,0.050482820035860354,13.662227634550838,1.0882111409593644,23.42139920838156,-6.528178800218292
Z-03,2246.0,428,146,0.955501352385255,32.55053977272728,64.03577068181818,2.577510909090909,0.11792272727272725,0.04977499999999999,0.41121590909090905,0.06864318181818181,12298.877642727271,1.62455,0.19408636363636367,14.035205681818182,22.387492954545454,1,0.40740740725651575,12345.940665313565,0.0,0.0,0.0,2167.302001953125,2167.302001953125,2000.5865478515625,0.0,0.0,0.0,0.0,0.0,479.45760881995574,103.25422558747411,50.0,370.45324280052597,1558.6819169059183,2570.0394254492417,2191.5445714669845,2130.452095866314,163.94479162557775,238.48290840091133,80.63469111450873,134.5361677729491,38.44857137176822,7.067899292141149e-13,3.5339496460705743e-14,39.923431861900696,68.42366466896178,36.54081136596203,23.54930750110952,-3.5339496460705743e-13,7.067899292141149e-14,-3.5339496460705743e-14,-4.3114185682061005e-12,7.067899292141149e-14,1516.1780853690957,1171.4760138450358,246.6854664383728,310.6966855544597,362.54441111195666,439.01838017689124,518.4389520585245,754.1491735681838,254.98928234598864,425.440717833062,121.58505831433213,0.0,0.0,0.0,0.0,0.0,0.34615384615384615,1322.0351748293624,1938.0373963603156,2356.297217185491,999.9593255688301,452.2317991741711,0.0,0.0,0.0,0.0,0.0,13.22251244813998,0.0,-4.0640420929811605e-13,0.0,-432.53351469599016,0.0,-9.188269079783493e-13,0.0,-154.02424968617515,0.0,-3.887344610677632e-13,0.0,-271.31551229764466,0.0,3.887344610677631e-13,43.07737037531933,-10.526830602592057,63.126888458110216,0.9088822237079626,2.5520848166469534,0.02542609244395555,0.13306172354286616,-0.015138996270138913,0.04868749628755786,0.0010875037124421297,0.6898040545651725,-0.2785881454742634,0.06908175340440348,-0.00043857158622166714,12396.398473767098,-97.52083103982659,1.6162981742115878,0.008251825788412104,0.18754105941060395,0.006545304225759718,13.661051686429303,0.3741539953888786,23.43645485665968,-1.0489619021142254
Z-03,2248.0,428,146,0.955501352385255,29.6173508,66.183487,2.5317346,0.07350200000000001,0.08327200000000001,0.315988,0.09504000000000001,11699.8768344,1.6466710000000004,0.20699159999999994,13.987413800000002,20.100175999999998,1,0.40740740725651575,12345.940665313565,0.0,0.0,2167.302001953125,2167.302001953125,2000.5865478515625,1667.155517578125,0.0,0.0,0.0,0.0,0.0,370.45324280052597,539.6121540429813,50.0,1558.6819169059183,2570.0394254492417,2191.5445714669845,2130.452095866314,2259.104978056384,479.45760881995574,163.94479162557775,238.48290840091133,80.63469111450873,134.5361677729491,3.5339496460705743e-14,39.923431861900696,68.42366466896178,36.54081136596203,23.54930750110952,23.887988047543484,7.067899292141149e-13,-3.5339496460705743e-13,7.067899292141149e-14,-3.5339496460705743e-14,-4.3114185682061005e-12,1171.4760138450358,246.6854664383728,310.6966855544597,362.54441111195666,439.01838017689124,462.21775730545505,1516.1780853690957,518.4389520585245,754.1491735681838,254.98928234598864,425.440717833062,0.0,0.0,0.8432911034079656,0.0,0.0,0.34935897435897434,1331.9886590482713,1949.6192201029598,2364.885687311079,1014.9554771947866,461.2867951720134,2167.302001953125,433.460400390625,0.0,866.92080078125,0.0,-2.8720938406605114,0.0,8.834874115176436e-14,0.0,10.225467694889915,0.0,5.124226986802332e-13,0.0,1187.0850908273435,0.0,41.231759762179585,0.0,-269.87496117075773,0.0,2.1203697876423446e-13,42.93203400703351,-13.314683207033507,63.10215299395577,3.08133400604423,2.551866706381345,-0.020132106381344883,0.13259433501169582,-0.05909233501169581,0.048820588959562095,0.03445141104043792,0.6950929553427017,-0.37910495534270167,0.06924065710511851,0.025799342894881505,12399.104297777085,-699.2274633770849,1.6160181105517601,0.030652889448240295,0.18741332784321507,0.01957827215678487,13.659944758013232,0.3274690419867703,23.450009543199485,-3.3498335431994875
Z-03,2250.0,428,146,0.955501352385255,28.838536222222224,61.70634533333333,2.5886762222222215,0.07094222222222223,0.049877777777777785,0.49919555555555556,0.06121777777777777,12817.813630666667,1.6011046666666664,0.17952066666666663,13.784997555555556,24.895233555555553,1,0.40740740725651575,12345.940665313565,0.0,2167.302001953125,2167.302001953125,2000.5865478515625,1667.155517578125,1333.724365234375,0.0,0.0,0.0,0.0,0.0,1558.6819169059183,1099.7930913243579,50.0,2570.0394254492417,2191.5445714669845,2130.452095866314,2259.104978056384,2297.1465828819364,370.45324280052597,479.45760881995574,163.94479162557775,238.48290840091133,80.63469111450873,39.923431861900696,68.42366466896178,36.54081136596203,23.54930750110952,23.887988047543484,22.322841044639187,3.5339496460705743e-14,7.067899292141149e-13,-3.5339496460705743e-13,7.067899292141149e-14,-3.5339496460705743e-14,246.6854664383728,310.6966855544597,362.54441111195666,439.01838017689124,462.21775730545505,486.19890387118244,1171.4760138450358,1516.1780853690957,518.4389520585245,754.1491735681838,254.98928234598864,0.0,0.8432911034079656,0.9889324529974278,0.0,0.0,0.35256410256410253,1341.8085749506406,1961.0057852598597,2373.2359775012274,1030.5706540264077,470.26674230082995,2167.302001953125,866.92080078125,0.0,1061.7568046595256,0.0,77.20602745797828,0.0,0.4388080183102332,0.0,-1346.0045285975666,0.0,-39.92343186190051,2346.52880859375,1168.2273413885894,0.03703703702331962,32.47454312312975,0.0,-1116.0729641446997,0.0,-39.92343186189985,42.783632342252986,-13.945096120030762,63.078741525917394,-1.3723961925840626,2.551627959760973,0.037048262461248704,0.13213621261725716,-0.06119399039503494,0.048963820699266414,0.000913957078511371,0.7005002274116237,-0.2013046718560681,0.069409123261293,-0.008191345483515237,12401.46035021168,416.3532804549868,1.6157515799016107,-0.01464691323494427,0.18729378118034212,-0.007773114513675489,13.658906849302618,0.1260907062529384,23.46206326800109,1.4331702875544643
Z-03,2252.0,428,146,0.955501352385255,32.79886069767443,63.33002162790697,2.5791037209302323,0.10389302325581394,0.05588837209302325,0.5373860465116279,0.07251860465116278,12447.226703953487,1.6173523255813953,0.18978651162790697,13.964879999999999,23.10706906976744,1,0.44444444427983537,12346.080162420969,2167.302001953125,2167.302001953125,2000.5865478515625,1667.155517578125,1333.724365234375,666.8621826171875,0.0,0.0,0.0,0.0,0.0,2570.0394254492417,316.4313272805331,1.1858174314601746,2191.5445714669845,2130.452095866314,2259.104978056384,2297.1465828819364,2508.960977800535,1558.6819169059183,370.45324280052597,479.45760881995574,163.94479162557775,238.48290840091133,68.42366466896178,36.54081136596203,23.54930750110952,23.887988047543484,22.322841044639187,21.942896051566457,39.923431861900696,3.5339496460705743e-14,7.067899292141149e-13,-3.5339496460705743e-13,7.067899292141149e-14,310.6966855544597,362.54441111195666,439.01838017689124,462.21775730545505,486.19890387118244,535.6078504104934,246.6854664383728,1171.4760138450358,1516.1780853690957,518.4389520585245,754.1491735681838,0.8432911034079656,0.9889324529974278,0.9390376469810456,0.0,0.0,0.3557692307692308,1351.493919796892,1972.1959248413352,2381.347245888539,1046.7843437051954,479.16802295561746,2167.302001953125,1267.0381103515624,0.0,1036.3218231194774,147.812255859375,156.28312269814023,0.0,0.772090481000248,-2167.302001953125,-1096.3884624694876,-0.03703703702331962,-23.425014814545847,179.226806640625,-148.98489048245756,0.03703703702331962,-28.898172788219583,-2167.302001953125,-2282.8377677846374,-0.03703703702331962,-68.42366466896168,42.63216538097777,-9.83330468330334,63.05665405399509,0.2733675739118837,2.5513685767858334,0.027735144144398927,0.13168735635954842,-0.027794333103734484,0.0491171915066726,0.00677118058635065,0.7060258707718958,-0.1686398242602679,0.06958715187292697,0.00293145277823581,12403.466631070885,43.76007288260189,1.6154985822611376,0.0018537433202576725,0.18718241942198333,0.0026040922059236415,13.657937960297467,0.3069420397025322,23.472616031064604,-0.3655469612971629
Z-03,2254.0,428,146,0.955501352385255,31.25940975609756,65.3728412195122,2.531062195121951,0.09350975609756097,0.06514634146341464,0.4438804878048781,0.08010975609756098,11806.571922195122,1.637870243902439,0.20258170731707315,13.973455853658537,20.566880487804877,1,0.481481481303155,12346.219659528371,2167.302001953125,2000.5865478515625,1667.155517578125,1333.724365234375,666.8621826171875,166.71554565429688,2167.302001953125,0.0,0.0,0.0,0.0,2191.5445714669845,-219.79366479146393,1.011179723133315,2130.452095866314,2259.104978056384,2297.1465828819364,2508.960977800535,2454.279227908887,2570.0394254492417,1558.6819169059183,370.45324280052597,479.45760881995574,163.94479162557775,36.54081136596203,23.54930750110952,23.887988047543484,22.322841044639187,21.942896051566457,19.91212565593614,68.42366466896178,39.923431861900696,3.5339496460705743e-14,7.067899292141149e-13,-3.5339496460705743e-13,362.54441111195666,439.01838017689124,462.21775730545505,486.19890387118244,535.6078504104934,550.0031281729214,310.6966855544597,246.6854664383728,1171.4760138450358,1516.1780853690957,518.4389520585245,0.9889324529974278,0.9390376469810456,0.7379675760906966,0.8432911034079656,0.0,0.358974358974359,1361.0437049696168,1983.1884924341114,2389.218674712224,1063.5737855512193,487.98705131974816,2167.302001953125,1600.4692138671876,0.0,820.8095355065752,147.812255859375,156.74192564440636,0.0,0.13245939326277778,170.3564453125,392.0384122777323,-0.03703703702331962,41.63702103169348,-155.99169921875,51.81846931676728,0.03703703702331956,-13.0215607394607,-2167.302001953125,-662.6732167889006,-0.07407407404663924,5.8742010643174964,42.477633123208534,-11.218223367110973,63.035890578188855,2.336950641323341,2.5510885574559286,-0.020026362333977588,0.13124776623857137,-0.0377380101410104,0.04928070138177976,0.01586564008163488,0.7116698854235324,-0.2677893976186543,0.06977474294002128,0.010335013157539694,12405.123140354728,-598.5512181596059,1.6152591176303446,0.022611126272094495,0.18707924256813957,0.015502464748933575,13.657038090997759,0.3164177626607785,23.481667832389803,-2.9147873445849264
Z-03,2256.0,428,146,0.955501352385255,41.10359947368422,62.85500763157895,2.593884736842105,0.1426342105263158,0.03532631578947368,0.6707210526315791,0.05813684210526316,12593.956552105263,1.612354473684211,0.18704526315789474,14.018247105263159,23.593622894736846,1,0.5185185183264746,12346.359156635775,2000.5865478515625,1667.155517578125,1333.724365234375,666.8621826171875,166.71554565429688,-666.8621826171875,2167.302001953125,2167.302001953125,0.0,0.0,0.0,2130.452095866314,33.78020329469973,1.0649070335958932,2259.104978056384,2297.1465828819364,2508.960977800535,2454.279227908887,2907.4832874006424,2191.5445714669845,2570.0394254492417,1558.6819169059183,370.45324280052597,479.45760881995574,23.54930750110952,23.887988047543484,22.322841044639187,21.942896051566457,19.91212565593614,25.129758141320213,36.54081136596203,68.42366466896178,39.923431861900696,3.5339496460705743e-14,7.067899292141149e-13,439.01838017689124,462.21775730545505,486.19890387118244,535.6078504104934,550.0031281729214,579.9934281338698,362.54441111195666,310.6966855544597,246.6854664383728,1171.4760138450358,1516.1780853690957,0.9390376469810456,0.7379675760906966,0.5805972784045862,0.9889324529974278,0.8432911034079656,0.36217948717948717,1370.4569560455893,1993.9823622834117,2396.8494703996507,1080.9141970026926,496.7202748019698,2167.302001953125,1867.2140869140626,1333.724365234375,323.27339548565413,149.1624755859375,171.1805618169201,0.0,0.4354543958910604,3.1207275390625,39.54044416473516,-0.03703703702331956,15.475373043061257,-324.49462890625,380.3129146589308,0.03703703702331962,1.2154608382883723,240.5025634765625,429.985932766539,-0.07407407404663918,48.69654014514818,42.32003556894415,-1.2164360952599296,63.01645109849869,-0.1614434669197422,2.5507879017712582,0.04309683507084694,0.13081744225432423,0.011816768271991573,0.04945435032458878,-0.014128034535115103,0.7174322713665191,-0.04671121873494,0.06997189646257418,-0.011835054357311019,12406.42987806315,187.52667404211206,1.6150331860092244,-0.002678712325013377,0.18698425061881174,6.101253908299964e-05,13.656207241403521,0.3620398638596374,23.489218671976687,0.10440422276015937
Z-03,2258.0,428,146,0.955501352385255,48.61105,62.59348333333334,2.631008333333333,0.1848361111111111,0.025722222222222223,0.6792972222222222,0.05527222222222222,12844.828819722221,1.6101852777777779,0.18494555555555556,14.125639166666666,24.36733138888889,1,0.5555555553497942,12346.498653743178,1667.155517578125,1333.724365234375,666.8621826171875,166.71554565429688,-666.8621826171875,-1500.43994140625,2000.5865478515625,2167.302001953125,2167.302001953125,0.0,0.0,2259.104978056384,83.3472435078113,1.3550552967797105,2297.1465828819364,2508.960977800535,2454.279227908887,2907.4832874006424,2808.5929898752624,2130.452095866314,2191.5445714669845,2570.0394254492417,1558.6819169059183,370.45324280052597,23.887988047543484,22.322841044639187,21.942896051566457,19.91212565593614,25.129758141320213,22.103408977279432,23.54930750110952,36.54081136596203,68.42366466896178,39.923431861900696,3.5339496460705743e-14,462.21775730545505,486.19890387118244,535.6078504104934,550.0031281729214,579.9934281338698,597.3916910017778,439.01838017689124,362.54441111195666,310.6966855544597,246.6854664383728,1171.4760138450358,0.7379675760906966,0.5805972784045862,0.26579083595617864,0.9390376469810456,0.9889324529974278,0.36538461538461536,1379.7327128680265,2004.576429374831,2404.23886364549,1098.7789980768869,505.36417546097,2167.302001953125,1567.126123046875,666.8621826171875,533.489727783205,151.8629150390625,277.33339286550654,0.0,2.0776347322233164,2.6004638671875,-311.24269329555455,-0.03703703702331962,-2.38223511351789,-493.89111328125,236.05778028680925,0.03703703702331962,-1.8500857073053503,413.855712890625,-114.06850341700783,-0.07407407404663918,12.425718727902474,42.15937271818552,6.451677281814476,62.9983356149246,-0.4048522815912605,2.5504666097318225,0.08054172360151046,0.13039638440680967,0.05443972670430142,0.04963813833509878,-0.023915916112876558,0.7233130286008844,-0.0440158063786622,0.07017861244058743,-0.014906390218365206,12407.386844196182,437.44197552603873,1.6148207873977825,-0.004635509620004585,0.18689744357399807,-0.0019518880184425103,13.65544541151474,0.4701937551519251,23.495268549825482,0.8720628390634069
Z-03,2260.0,428,146,0.955501352385255,44.17632470588236,64.56314294117648,2.5884850000000004,0.15828529411764708,0.04539117647058823,0.7478264705882353,0.07069999999999999,12225.976406176473,1.629599117647059,0.19765529411764704,14.205494705882353,21.79324529411765,1,0.5925925923731138,12346.638150850582,1333.724365234375,666.8621826171875,166.71554565429688,-666.8621826171875,-1500.43994140625,-2167.302001953125,1667.155517578125,2000.5865478515625,2167.302001953125,2167.302001953125,0.0,2297.1465828819364,124.92799987207559,1.7223385538823077,2508.960977800535,2454.279227908887,2907.4832874006424,2808.5929898752624,3060.3130126323094,2259.104978056384,2130.452095866314,2191.5445714669845,2570.0394254492417,1558.6819169059183,22.322841044639187,21.942896051566457,19.91212565593614,25.129758141320213,22.103408977279432,22.518854836969233,23.887988047543484,23.54930750110952,36.54081136596203,68.42366466896178,39.923431861900696,486.19890387118244,535.6078504104934,550.0031281729214,579.9934281338698,597.3916910017778,644.900477152804,462.21775730545505,439.01838017689124,362.54441111195666,310.6966855544597,246.6854664383728,0.5805972784045862,0.26579083595617864,0.06792816741445944,0.7379675760906966,0.9390376469810456,0.36858974358974356,1388.8700296189804,2014.9696095158702,2411.386109488481,1117.1400304732067,513.9152714168083,2000.5865478515625,1167.0088317871093,166.71554565429688,666.8621917724613,-10.8018798828125,221.984154959408,0.0,0.10406821934162025,2.0804443359375,-49.07461916265083,-0.03703703702331962,3.185828331847368,-830.8967895507812,557.6661260912315,0.03703703702331962,1.8617814837616926,587.2091064453125,-204.5510248677192,-0.07407407404663924,0.676278373553064,41.9956445709322,2.1806801349501583,62.98154412746658,1.5815988137099026,2.5501246813376195,0.03836031866238088,0.12998459269602503,0.028300701421622054,0.049832065413310644,-0.004440888942722411,0.7293121571265999,0.018514313461635346,0.07039489087406015,0.00030510912593983974,12407.994038753823,-182.01763257735,1.6146219217960187,0.014977195851040292,0.18681882143369943,0.010836472683947607,13.65475260133141,0.5507421045509435,23.499817465936076,-1.7065721718184257
Z-03,2262.0,428,146,0.955501352385255,52.307799062499996,62.77788375,2.6221603125,0.181403125,0.027578125000000002,0.9796562499999999,0.05658125,12739.275188437501,1.6114718749999999,0.1866875,14.180781562500002,23.869344375,1,0.6296296293964334,12346.777647957986,666.8621826171875,166.71554565429688,-666.8621826171875,-1500.43994140625,-2167.302001953125,-2834.164306640625,1333.724365234375,1667.155517578125,2000.5865478515625,2167.302001953125,2167.302001953125,2508.960977800535,78.56632251347537,3.7622670278881194,2454.279227908887,2907.4832874006424,2808.5929898752624,3060.3130126323094,3134.3604594185317,2297.1465828819364,2259.104978056384,2130.452095866314,2191.5445714669845,2570.0394254492417,21.942896051566457,19.91212565593614,25.129758141320213,22.103408977279432,22.518854836969233,22.400284516944723,22.322841044639187,23.887988047543484,23.54930750110952,36.54081136596203,68.42366466896178,535.6078504104934,550.0031281729214,579.9934281338698,597.3916910017778,644.900477152804,662.2503137103325,486.19890387118244,462.21775730545505,439.01838017689124,362.54441111195666,310.6966855544597,0.26579083595617864,0.06792816741445944,-0.2293596311687658,0.5805972784045862,0.7379675760906966,0.3717948717948718,1397.8679748917339,2025.1608394169978,2418.290487385771,1135.9677685702911,522.3701182485521,1667.155517578125,633.5190856933593,-666.8621826171875,832.9106142792275,-5.40093994140625,319.309563611273,0.0,2.377567313489564,168.01580810546875,-306.3200083647657,-0.03703703702331962,0.7061390059995922,-1002.08056640625,331.5080280592497,-0.03703703702331962,0.40816682191778497,933.9156494140625,-155.03559547020495,-0.07407407404663924,4.413400100453078,41.82885112718418,10.478947935315816,62.96607663612451,-0.18819288612451146,2.549762116588651,0.0723981959113491,0.12958206712197207,0.05182105787802793,0.050036131559223485,-0.022458006559223483,0.7354296569436798,0.2442265930563201,0.07062073176299322,-0.014039481762993217,12408.251461736101,331.02372670139994,1.6144365892039314,-0.0029647142039315177,0.18674838419791584,-6.088419791583366e-05,13.65412881085355,0.5266527516464521,23.502865420308353,0.3664789546916474
Z-03,2264.0,428,146,0.955501352385255,61.60689,61.4865603448276,2.3478113793103446,0.23919310344827585,0.013372413793103445,0.8981689655172415,0.0516,11642.031044827585,1.5987286206896552,0.17835241379310346,12.518059999999998,22.624927586206894,1,0.666666666419753,12346.917145065388,166.71554565429688,-666.8621826171875,-1500.43994140625,-2167.302001953125,-2834.164306640625,-3167.595458984375,666.8621826171875,1333.724365234375,1667.155517578125,2000.5865478515625,2167.302001953125,2454.279227908887,199.26115480005365,14.720246123179209,2907.4832874006424,2808.5929898752624,3060.3130126323094,3134.3604594185317,3246.4652272716107,2508.960977800535,2297.1465828819364,2259.104978056384,2130.452095866314,2191.5445714669845,19.91212565593614,25.129758141320213,22.103408977279432,22.518854836969233,22.400284516944723,21.553904803811857,21.942896051566457,22.322841044639187,23.887988047543484,23.54930750110952,36.54081136596203,550.0031281729214,579.9934281338698,597.3916910017778,644.900477152804,662.2503137103325,699.2746351577629,535.6078504104934,486.19890387118244,462.21775730545505,439.01838017689124,362.54441111195666,0.06792816741445944,-0.2293596311687658,-0.5342294948326147,0.26579083595617864,0.5805972784045862,0.375,1406.7256317630956,2035.149076772157,2424.951301284837,1155.231520187578,530.7253103774549,1333.724365234375,-6.103515625e-06,-1500.43994140625,994.7205752933589,-332.0808563232422,381.44642358834926,-0.07407407404663924,2.632426783441211,0.2600555419921875,38.32700418135801,-0.03703703702331962,3.936570801813545,-1339.9799499511719,672.1864856355128,-0.11111111106995886,3.0392814045236847,953.8290100097656,-119.22860675293168,-0.07407407404663924,2.6023882104323093,41.658992386942145,19.947897613057854,62.95193314089863,-1.4653727960710299,2.549378915484917,-0.20156753617457257,0.12918880768464813,0.11000429576362772,0.05025033677283819,-0.036877922979734745,0.741665528052124,0.1565034374651174,0.07085613510738398,-0.019256135107383977,12408.15911314296,-766.1280683153745,1.6142647896215188,-0.015536168931863603,0.18668613186664818,-0.008333718073544716,13.653574040081146,-1.1355140400811479,23.50441241294243,-0.8794848267355349
Z-03,2266.0,428,146,0.955501352385255,42.24656517241379,62.13106827586207,2.5337751724137925,0.12517931034482757,0.044603448275862066,0.9897965517241379,0.06462068965517241,12446.373523103444,1.6051579310344826,0.18243,13.589254482758621,23.80564034482758,1,0.6296296293964334,12346.777647957986,-666.8621826171875,-1500.43994140625,-2167.302001953125,-2834.164306640625,-3167.595458984375,-3501.0263671875,166.71554565429688,666.8621826171875,1333.724365234375,1667.155517578125,2000.5865478515625,2907.4832874006424,177.15688098318765,4.359863944919766,2808.5929898752624,3060.3130126323094,3134.3604594185317,3246.4652272716107,3518.7716906997753,2454.279227908887,2508.960977800535,2297.1465828819364,2259.104978056384,2130.452095866314,25.129758141320213,22.103408977279432,22.518854836969233,22.400284516944723,21.553904803811857,23.728915837929296,19.91212565593614,21.942896051566457,22.322841044639187,23.887988047543484,23.54930750110952,579.9934281338698,597.3916910017778,644.900477152804,662.2503137103325,699.2746351577629,722.3574252274746,550.0031281729214,535.6078504104934,486.19890387118244,462.21775730545505,439.01838017689124,-0.2293596311687658,-0.5342294948326147,-0.7081932714561274,0.06792816741445944,0.26579083595617864,0.3782051282051282,1415.442097865523,2044.9333003386039,2431.3678796929667,1174.8996155634181,538.9774824350552,666.8621826171875,-700.2052795410157,-2167.302001953125,1040.6041737687183,-325.3297119140625,149.56456332498374,-0.07407407404663924,-2.9584468765577725,165.93536376953125,-511.5742345522781,-0.03703703702331962,-4.384370418132992,-1344.4481201171875,232.83578291772574,-0.11111111106995886,-3.58025085912686,1147.0955505371094,-253.84126935374752,0.0,-0.4366765615506374,41.48606835020496,0.7604968222088289,62.93911364178882,-0.8080453659267519,2.548975078026416,-0.015199905612623521,0.12880481438405678,-0.003625504039229205,0.05047468105415387,-0.005871232778291803,0.7480197704519185,0.24177678127221947,0.07110110090723509,-0.006480411252062682,12407.716992974427,38.65653012901748,1.6141065230487843,-0.00894859201430176,0.18663206443989466,-0.004202064439894654,13.653088289014185,-0.06383380625556434,23.504458443838416,0.30118190098916386
Z-03,2268.0,428,146,0.955501352385255,64.25701392857142,64.77326892857144,2.4647560714285714,0.2544,0.03807857142857142,0.9930642857142856,0.07873571428571428,11602.878901428572,1.6316560714285713,0.19902714285714282,13.55783357142857,20.542763928571425,1,0.5925925923731138,12346.638150850582,-1500.43994140625,-2167.302001953125,-2834.164306640625,-3167.595458984375,-3501.0263671875,-3334.31103515625,-666.8621826171875,166.71554565429688,666.8621826171875,1333.724365234375,1667.155517578125,2808.5929898752624,76.4148626158335,1.8718306154871376,3060.3130126323094,3134.3604594185317,3246.4652272716107,3518.7716906997753,3584.026294710919,2907.4832874006424,2454.279227908887,2508.960977800535,2297.1465828819364,2259.104978056384,22.103408977279432,22.518854836969233,22.400284516944723,21.553904803811857,23.728915837929296,22.55651031701309,25.129758141320213,19.91212565593614,21.942896051566457,22.322841044639187,23.887988047543484,597.3916910017778,644.900477152804,662.2503137103325,699.2746351577629,722.3574252274746,754.6320245179953,579.9934281338698,550.0031281729214,535.6078504104934,486.19890387118244,462.21775730545505,-0.5342294948326147,-0.7081932714561274,-0.9042204803894446,-0.2293596311687658,0.06792816741445944,0.3814102564102564,1424.0164854589302,2054.5125100159835,2437.539575744314,1194.9395835292091,547.1233106155736,166.71554565429688,-1400.410577392578,-2834.164306640625,1062.8034267799146,-318.5784912109375,341.6196512007796,-0.07407407404663924,0.12529419923667362,331.6107177734375,-145.3733077232764,-0.03703703702331962,-0.003994739640120315,-1181.30712890625,546.1350113947751,-0.1111111110699588,-0.32348777844034515,1180.2843627929688,-136.13693353142298,0.0,0.9341612678991993,41.31007901697353,22.946934911597893,62.927618138794855,1.8456507897765846,2.5485506042131494,-0.08379453278457794,0.12843008722019622,0.1259699127798038,0.050709164403170526,-0.012630592974599106,0.7544923841430915,0.23857190157119412,0.07135562916254656,0.007380085123167721,12406.925101230474,-804.0461998019018,1.613961789485728,0.01769428194284317,0.18658618191765708,0.01244096093948574,13.652671557652702,-0.09483798622413175,23.503003512996088,-2.960239584424663
Z-03,2270.0,428,146,0.955501352385255,58.651222413793114,60.77416103448275,2.630114137931035,0.2100758620689655,0.0206,0.9430586206896552,0.05416896551724138,13222.047841034482,1.5922120689655175,0.17313482758620685,13.810192413793104,26.419800344827582,1,0.5555555553497942,12346.498653743178,-2167.302001953125,-2834.164306640625,-3167.595458984375,-3501.0263671875,-3334.31103515625,-3000.8798828125,-1500.43994140625,-666.8621826171875,166.71554565429688,666.8621826171875,1333.724365234375,3060.3130126323094,162.88373477163464,1.4120299012414765,3134.3604594185317,3246.4652272716107,3518.7716906997753,3584.026294710919,3820.6025781774115,2808.5929898752624,2907.4832874006424,2454.279227908887,2508.960977800535,2297.1465828819364,22.518854836969233,22.400284516944723,21.553904803811857,23.728915837929296,22.55651031701309,22.25917979460601,22.103408977279432,25.129758141320213,19.91212565593614,21.942896051566457,22.322841044639187,644.900477152804,662.2503137103325,699.2746351577629,722.3574252274746,754.6320245179953,809.7990924238828,597.3916910017778,579.9934281338698,550.0031281729214,535.6078504104934,486.19890387118244,-0.7081932714561274,-0.9042204803894446,-0.9757021716842668,-0.5342294948326147,-0.2293596311687658,0.3846153846153846,1432.4479215021404,2063.8857269245477,2443.465767264505,1215.3183143215392,555.1595140120045,-666.8621826171875,-2067.2727783203127,-3167.595458984375,904.5758967533263,-478.54296875,346.7499191321044,-0.07407407404663918,0.4113071249866387,330.5704345703125,-411.0274089228442,-0.03703703702331962,-1.5538168192433588,-1184.8818359375,480.98755617647475,-0.1111111110699588,0.8869619698549656,1046.7574462890625,-162.4139559526866,0.0,0.2493230393046595,41.13102438724741,17.520198026545707,62.91744663191719,-2.143285597434435,2.5481054940451173,0.08200864388591755,0.12806462619306647,0.08201123587589904,0.050953786819889935,-0.030353786819889934,0.7610833691256147,0.18197525156404049,0.0716197198733175,-0.01745075435607612,12405.783437911188,816.264403123294,1.6138305889323483,-0.02161851996683084,0.18654848429993454,-0.013413656713727684,13.65232384599667,0.15786856779643443,23.500047620415558,2.9197527244120245
Z-03,2272.0,428,146,0.955501352385255,37.26419296296296,59.94412703703703,2.5840303703703706,0.11093333333333334,0.03207777777777778,0.7296925925925927,0.049829629629629626,13176.474985925926,1.584034814814815,0.16772888888888887,13.41442925925926,26.965405185185187,1,0.5185185183264746,12346.359156635775,-2834.164306640625,-3167.595458984375,-3501.0263671875,-3334.31103515625,-3000.8798828125,-2334.017578125,-2167.302001953125,-1500.43994140625,-666.8621826171875,166.71554565429688,666.8621826171875,3134.3604594185317,93.07610731965065,1.1059156047996652,3246.4652272716107,3518.7716906997753,3584.026294710919,3820.6025781774115,3930.1573057697324,3060.3130126323094,2808.5929898752624,2907.4832874006424,2454.279227908887,2508.960977800535,22.400284516944723,21.553904803811857,23.728915837929296,22.55651031701309,22.25917979460601,21.66598471363983,22.518854836969233,22.103408977279432,25.129758141320213,19.91212565593614,21.942896051566457,662.2503137103325,699.2746351577629,722.3574252274746,754.6320245179953,809.7990924238828,844.3465190974414,644.900477152804,597.3916910017778,579.9934281338698,550.0031281729214,535.6078504104934,-0.9042204803894446,-0.9757021716842668,-0.9949533945562782,-0.7081932714561274,-0.5342294948326147,0.38782051282051283,1440.7355477238905,2073.0519934824492,2449.1458568327857,1236.0022088665278,563.0828559353195,-1500.43994140625,-2634.105615234375,-3501.0263671875,718.2325468742223,-473.141845703125,425.46936311526997,-0.07407407404663918,1.2638808838386382,496.505859375,-321.96342646223457,-0.03703703702331956,-1.3217253448539346,-853.238037109375,558.8850979827444,-0.1111111110699588,1.1397193993113461,913.2308349609375,-125.0008141353851,0.0,1.087868177485177,40.948904461026586,-3.6847114980636277,62.90859912115559,-2.9644720841185617,2.54763974752232,0.036390622848050835,0.1277084313026675,-0.01677509796933417,0.05120854830430943,-0.01913077052653165,0.7677927253995023,-0.0381001328069096,0.07189337303954701,-0.02206374340991739,12404.292003016482,772.182982909444,1.613712921388645,-0.029678106573830076,0.18651897158672615,-0.018790082697837274,13.6520451540461,-0.2376158947868401,23.495590766096825,3.4698144190883617
Z-03,2274.0,428,146,0.955501352385255,28.70866576923077,55.914651538461534,2.6067930769230765,0.05629615384615386,0.03626153846153846,0.8222153846153847,0.04526538461538461,14219.421314615385,1.5456965384615384,0.13987423076923078,12.579972307692309,32.511198846153846,1,0.481481481303155,12346.219659528371,-3167.595458984375,-3501.0263671875,-3334.31103515625,-3000.8798828125,-2334.017578125,-1500.43994140625,-2834.164306640625,-2167.302001953125,-1500.43994140625,-666.8621826171875,166.71554565429688,3246.4652272716107,192.20561564062177,1.0248948653374237,3518.7716906997753,3584.026294710919,3820.6025781774115,3930.1573057697324,4271.8724527528075,3134.3604594185317,3060.3130126323094,2808.5929898752624,2907.4832874006424,2454.279227908887,21.553904803811857,23.728915837929296,22.55651031701309,22.25917979460601,21.66598471363983,22.29783770406376,22.400284516944723,22.518854836969233,22.103408977279432,25.129758141320213,19.91212565593614,699.2746351577629,722.3574252274746,754.6320245179953,809.7990924238828,844.3465190974414,904.6631538451643,662.2503137103325,644.900477152804,597.3916910017778,579.9934281338698,550.0031281729214,-0.9757021716842668,-0.9949533945562782,-0.9303222258947986,-0.9042204803894446,-0.7081932714561274,0.391025641025641,1448.8785206933005,2082.0103734820314,2454.5792718416915,1256.9573146920964,570.8901452162074,-2167.302001953125,-3000.879833984375,-3501.0263671875,471.5428059721807,-635.806640625,571.3223086350345,-0.07407407404663924,2.721205588015504,329.01025390625,-297.0685374391637,-0.03703703702331962,1.1004384351670389,-519.806884765625,572.5958819793241,-0.11111111106995886,1.1945457896340095,446.27294921875,14.29773344544492,0.0,2.8310599165462023,40.76371923831152,-12.055053469080754,62.90107560650995,-6.986424068048414,2.547153364644755,0.05963971227832143,0.12736150254899936,-0.0710653487028455,0.05147344885643168,-0.015211910394893217,0.77462045296474,0.047594931650644656,0.07217658866123688,-0.026911204045852274,12402.450796546414,1816.9705180689707,1.613608786854618,-0.06791224839307963,0.18649764377803368,-0.046623413008802905,13.651835481800973,-1.071863174108664,23.489632950039777,9.021565896114069
Z-03,2276.0,428,146,0.955501352385255,60.39777000000001,59.25370679999999,2.6670683999999993,0.223716,0.0047599999999999995,1.0,0.040519999999999994,13731.994742399998,1.5771284,0.1633984,13.7638976,28.505680400000003,1,0.44444444427983537,12346.080162420969,-3501.0263671875,-3334.31103515625,-3000.8798828125,-2334.017578125,-1500.43994140625,-333.43109130859375,-3167.595458984375,-2834.164306640625,-2167.302001953125,-1500.43994140625,-666.8621826171875,3518.7716906997753,168.78053371965416,1.0050649910814484,3584.026294710919,3820.6025781774115,3930.1573057697324,4271.8724527528075,4422.877939381975,3246.4652272716107,3134.3604594185317,3060.3130126323094,2808.5929898752624,2907.4832874006424,23.728915837929296,22.55651031701309,22.25917979460601,21.66598471363983,22.29783770406376,21.215067267090436,21.553904803811857,22.400284516944723,22.518854836969233,22.103408977279432,25.129758141320213,722.3574252274746,754.6320245179953,809.7990924238828,844.3465190974414,904.6631538451643,960.246532329412,699.2746351577629,662.2503137103325,644.900477152804,597.3916910017778,579.9934281338698,-0.9949533945562782,-0.9303222258947986,-0.7854441624787248,-0.9757021716842668,-0.9042204803894446,0.3942307692307692,1456.8760118897596,2090.759952165036,2459.765464554282,1278.1494488778271,578.5782374887863,-2834.164306640625,-3167.59541015625,-3501.0263671875,235.77135982772393,-302.375732421875,388.57466199502824,-0.07407407404663924,-0.6900470615551519,495.465576171875,-512.5993120536432,-0.03703703702331962,-2.4864746362092127,148.842529296875,334.04605781837154,-0.11111111106995886,-2.283587038566928,299.470703125,-200.85477987443528,0.0,-0.6247051281501612,40.575468719101764,19.822301280898245,62.89487608798049,-3.641169287980503,2.5466463454124266,0.12042205458757271,0.1270238399320629,0.0966921600679371,0.05174848847625313,-0.04698848847625313,0.7815665518213422,0.21843344817865784,0.07246936673838622,-0.03194936673838623,12400.259818500926,1331.7349238990719,1.6135181853302694,-0.036389785330269264,0.18648450087385537,-0.023086100873855375,13.651694829261324,0.11220277073867635,23.48217417224464,5.023506227755362
Z-03,2278.0,428,146,0.955501352385255,53.98266730769231,60.50978653846154,2.6476488461538463,0.18446153846153843,0.014296153846153847,0.9996153846153846,0.0438,13338.787561923074,1.5890699999999998,0.17207153846153847,13.959003076923079,26.62806769230769,1,0.40740740725651575,12345.940665313565,-3334.31103515625,-3000.8798828125,-2334.017578125,-1500.43994140625,-333.43109130859375,833.5777587890625,-3501.0263671875,-3167.595458984375,-2834.164306640625,-2167.302001953125,-1500.43994140625,3584.026294710919,150.9154437388181,1.0748885516344102,3820.6025781774115,3930.1573057697324,4271.8724527528075,4422.877939381975,4806.711638013472,3518.7716906997753,3246.4652272716107,3134.3604594185317,3060.3130126323094,2808.5929898752624,22.55651031701309,22.25917979460601,21.66598471363983,22.29783770406376,21.215067267090436,21.706051978501513,23.728915837929296,21.553904803811857,22.400284516944723,22.518854836969233,22.103408977279432,754.6320245179953,809.7990924238828,844.3465190974414,904.6631538451643,960.246532329412,1031.710022721262,722.3574252274746,699.2746351577629,662.2503137103325,644.900477152804,597.3916910017778,-0.9303222258947986,-0.7854441624787248,-0.5938719288467158,-0.9949533945562782,-0.9757021716842668,0.3974358974358974,1464.7272077721468,2099.2998362966414,2464.703912158858,1299.5443086434364,586.1440364557407,-2334.017578125,-3067.566064453125,-3501.0263671875,402.88634174624616,-303.725830078125,544.0133979063471,-0.07407407404663924,0.6748103991909709,328.750244140625,-474.8472070113721,-0.03703703702331962,-2.145033616320152,484.954833984375,515.5280272401073,-0.11111111106995886,-0.5322808540408879,-187.400390625,-62.30126699671837,0.0,0.654564808535735,40.384152903397535,13.598514404294775,62.89000056556699,-2.3802140271054526,2.546118689825331,0.10153015632851536,0.12669544345185635,0.05776609500968208,0.05203366716377822,-0.03773751331762437,0.7886310219693229,0.21098436264606168,0.07277170727099413,-0.028971707270994136,12397.719068880077,941.0684930429979,1.613441116815597,-0.024371116815597338,0.1864795428741921,-0.014408004412653636,13.651623196427124,0.30737988049595444,23.47321443271119,3.1548532595965035
Z-03,2280.0,428,146,0.955501352385255,27.247236400000002,59.91220319999999,2.5559596,0.074632,0.0521,0.9596399999999999,0.064032,13009.936234799998,1.583306,0.16805240000000002,13.354914400000002,26.443474000000002,1,0.37037037023319613,12345.80116820616,-3000.8798828125,-2334.017578125,-1500.43994140625,-333.43109130859375,833.5777587890625,2334.017578125,-3334.31103515625,-3501.0263671875,-3167.595458984375,-2834.164306640625,-2167.302001953125,3820.6025781774115,173.06550552940666,1.2731554394993982,3930.1573057697324,4271.8724527528075,4422.877939381975,4806.711638013472,5152.908011872542,3584.026294710919,3518.7716906997753,3246.4652272716107,3134.3604594185317,3060.3130126323094,22.25917979460601,21.66598471363983,22.29783770406376,21.215067267090436,21.706051978501513,22.23672798386457,22.55651031701309,23.728915837929296,21.553904803811857,22.400284516944723,22.518854836969233,809.7990924238828,844.3465190974414,904.6631538451643,960.246532329412,1031.710022721262,1092.7402694176158,754.6320245179953,722.3574252274746,699.2746351577629,662.2503137103325,644.900477152804,-0.7854441624787248,-0.5938719288467158,-0.3512360294213922,-0.9303222258947986,-0.9949533945562782,0.4006410256410256,1472.4313098473474,2107.629154238327,2469.394116821223,1321.1075703130489,593.584495134343,-1500.43994140625,-2734.1349609375,-3501.0263671875,735.0624359380322,24.30419921875,519.4562243797027,-0.07407407404663924,0.7021731797980202,162.294677734375,-598.5990542280797,-0.03703703702331962,-1.9730765296725394,989.569580078125,360.91236164254315,-0.11111111106995886,-0.6122584355648151,-520.83154296875,-113.32389738773963,0.0,1.4956237458420816,40.18977179119861,-12.942535391198607,62.88644903926968,-2.9742458392696847,2.545570397883468,0.010389202116531937,0.1263763131083815,-0.051744313108381484,0.052328984919004284,-0.00022898491900428392,0.7958138634086538,0.16382613659134615,0.07308361025906329,-0.009051610259063286,12394.828547683806,615.1076871161913,1.613377581310603,-0.030071581310602946,0.18648276977904477,-0.018430369779044747,13.651620583298374,-0.2967061832983724,23.462753731439534,2.980720268560468
Z-03,2282.0,428,146,0.955501352385255,14.332734,57.5217176,2.5812,0.012108,0.057512,0.911532,0.059444,13698.7985284,1.5607091999999998,0.1513568,12.8944704,29.938988799999997,1,0.3333333332098765,12345.661671098758,-2334.017578125,-1500.43994140625,-333.43109130859375,833.5777587890625,2334.017578125,3667.741943359375,-3000.8798828125,-3334.31103515625,-3501.0263671875,-3167.595458984375,-2834.164306640625,3930.1573057697324,225.634937287698,1.6838502584032105,4271.8724527528075,4422.877939381975,4806.711638013472,5152.908011872542,5480.548379208876,3820.6025781774115,3584.026294710919,3518.7716906997753,3246.4652272716107,3134.3604594185317,21.66598471363983,22.29783770406376,21.215067267090436,21.706051978501513,22.23672798386457,21.616100081269042,22.25917979460601,22.55651031701309,23.728915837929296,21.553904803811857,22.400284516944723,844.3465190974414,904.6631538451643,960.246532329412,1031.710022721262,1092.7402694176158,1178.7870187555325,809.7990924238828,754.6320245179953,722.3574252274746,699.2746351577629,662.2503137103325,-0.5938719288467158,-0.3512360294213922,-0.07538759752523036,-0.7854441624787248,-0.9303222258947986,0.40384615384615385,1479.9875347379827,2115.747056019425,2473.835605734447,1342.804977480815,600.896617082839,-333.43109130859375,-2100.6159057617188,-3334.31103515625,1083.52282836614,184.2685546875,541.3994075548508,-0.07407407404663924,0.21689733622948637,-170.616455078125,-445.6277674106773,-0.03703703702331962,0.2397756675451923,1328.3624267578125,588.6169740055475,-0.11111111106995883,1.2004849305170602,-867.5380859375,-66.21347028668652,0.0,1.1598103723099555,39.99232538250499,-25.659591382504985,62.88422150908832,-5.362503909088318,2.5450014695868415,0.03619853041315846,0.12606644890163743,-0.11395844890163742,0.052634441741931326,0.004877558258068675,0.8031150761393491,0.10841692386065094,0.07340507570259103,-0.01396107570259103,12391.588254912174,1307.2102734878263,1.6133275788152837,-0.05261837881528386,0.18649418158841158,-0.035137381588411565,13.651686989875095,-0.757216589875096,23.450792068429678,6.488196731570319
Z-03,2284.0,428,146,0.955501352385255,36.821254800000006,59.6343592,2.5332592,0.09045199999999999,0.06160799999999999,0.9823480000000001,0.07607599999999999,12959.902802000002,1.5806384,0.1661648,13.173496,26.576899999999995,1,0.2962962961865569,12345.522173991354,-1500.43994140625,-333.43109130859375,833.5777587890625,2334.017578125,3667.741943359375,5001.46630859375,-2334.017578125,-3000.8798828125,-3334.31103515625,-3501.0263671875,-3167.595458984375,4271.8724527528075,246.36031680612132,2.8470560424185813,4422.877939381975,4806.711638013472,5152.908011872542,5480.548379208876,5893.742394047218,3930.1573057697324,3820.6025781774115,3584.026294710919,3518.7716906997753,3246.4652272716107,22.29783770406376,21.215067267090436,21.706051978501513,22.23672798386457,21.616100081269042,21.92571646798307,21.66598471363983,22.25917979460601,22.55651031701309,23.728915837929296,21.553904803811857,904.6631538451643,960.246532329412,1031.710022721262,1092.7402694176158,1178.7870187555325,1258.6768736706379,844.3465190974414,809.7990924238828,754.6320245179953,722.3574252274746,699.2746351577629,-0.3512360294213922,-0.07538759752523036,0.17341909350940557,-0.5938719288467158,-0.7854441624787248,0.40705128205128205,1487.3951142493263,2123.652713407383,2478.027931166123,1364.6024192518153,608.0774576066649,833.5777587890625,-1267.0381469726562,-3000.8798828125,1377.19555525074,508.248046875,584.0039491659982,-0.07407407404663921,0.28565802933341544,-336.2916259765625,-622.5357176941066,-0.03703703702331962,-0.7736070695750996,1835.6583251953125,330.4305348477865,-0.03703703702331962,-0.7401351793851099,-1060.8046875,-195.50269207746805,0.0,-0.06804004026328414,39.79181367731712,-2.970558877317117,62.88331797502315,-3.248958775023148,2.5444119049354477,-0.011152704935447844,0.12576585083162417,-0.03531385083162418,0.052950037632558455,0.008657962367441534,0.8105346601613803,0.1718133398386198,0.07373610360157912,0.0023398963984208737,12387.998190565122,571.9046114348803,1.6132911093296425,-0.03265270932964248,0.18651377830229432,-0.020348978302294318,13.651822416157273,-0.4783264161572731,23.437329443681506,3.139570556318489
Z-03,2286.0,428,146,0.955501352385255,21.42597913043478,58.03762217391303,2.6008334782608697,0.04620869565217391,0.04580869565217391,0.8658,0.05320869565217391,13665.901023043476,1.5654556521739134,0.15514217391304347,13.162064347826087,29.337843043478255,1,0.2592592591632373,12345.382676883952,-333.43109130859375,833.5777587890625,2334.017578125,3667.741943359375,5001.46630859375,6001.759765625,-1500.43994140625,-2334.017578125,-3000.8798828125,-3334.31103515625,-3501.0263671875,4422.877939381975,267.4195926303323,13.264242675431655,4806.711638013472,5152.908011872542,5480.548379208876,5893.742394047218,6256.927188604674,4271.8724527528075,3930.1573057697324,3820.6025781774115,3584.026294710919,3518.7716906997753,21.215067267090436,21.706051978501513,22.23672798386457,21.616100081269042,21.92571646798307,21.692210140571703,22.29783770406376,21.66598471363983,22.25917979460601,22.55651031701309,23.728915837929296,960.246532329412,1031.710022721262,1092.7402694176158,1178.7870187555325,1258.6768736706379,1343.4119269026041,904.6631538451643,844.3465190974414,809.7990924238828,754.6320245179953,722.3574252274746,-0.07538759752523036,0.17341909350940557,0.4529504250826169,-0.3512360294213922,-0.5938719288467158,0.41025641025641024,1494.6532954353352,2131.3453199766163,2481.9706705031435,1386.4659994483332,615.1241249440172,2334.017578125,-200.05865478515625,-2334.017578125,1658.463564482921,664.1617126464844,587.0537430279264,0.0,0.34523064238493006,-668.4225463867188,-541.7782450878058,-0.03703703702331959,-0.22969371810762595,1841.9137573242188,410.8683914312496,0.03703703702331962,-0.49218459902921907,-1427.4246215820312,-83.68265038717982,0.0,1.7515777996057835,39.58823667563456,-18.162257545199783,62.88373843707393,-4.846116263160901,2.54380170392929,0.05703177433157958,0.12547451889834083,-0.0792658232461669,0.053275772590889225,-0.007467076938715317,0.8180726154748044,0.04772738452519565,0.07407669395602579,-0.020867998303851873,12384.058354642708,1281.8426684007682,1.6132681728536777,-0.04781252067976438,0.1865415599206921,-0.03139938600764863,13.652026862144908,-0.48996251431882065,23.422365857195246,5.91547718628301
Z-03,2288.0,428,146,0.955501352385255,48.49583958333333,61.286102916666664,2.5770850000000003,0.17035,0.019679166666666664,0.9475416666666666,0.0469125,12841.414682916666,1.5969620833333333,0.17680249999999997,13.661452916666667,25.21488125,1,0.2962962961865569,12345.522173991354,833.5777587890625,2334.017578125,3667.741943359375,5001.46630859375,6001.759765625,6668.6220703125,-333.43109130859375,-1500.43994140625,-2334.017578125,-3000.8798828125,-3334.31103515625,4806.711638013472,365.0150362452837,5.7662755226493,5152.908011872542,5480.548379208876,5893.742394047218,6256.927188604674,6669.123812963384,4422.877939381975,4271.8724527528075,3930.1573057697324,3820.6025781774115,3584.026294710919,21.706051978501513,22.23672798386457,21.616100081269042,21.92571646798307,21.692210140571703,21.573605547823686,21.215067267090436,22.29783770406376,21.66598471363983,22.25917979460601,22.55651031701309,1031.710022721262,1092.7402694176158,1178.7870187555325,1258.6768736706379,1343.4119269026041,1435.8445143848207,960.246532329412,904.6631538451643,844.3465190974414,809.7990924238828,754.6320245179953,0.17341909350940557,0.4529504250826169,0.6692274682017757,-0.07538759752523036,-0.3512360294213922,0.41346153846153844,1501.7613406637713,2138.8240911759485,2485.6634262939406,1408.36209766216,622.0337814302558,3667.741943359375,1000.2932495117187,-1500.43994140625,1841.4333701411383,985.440673828125,708.8015582882217,0.0,1.2518031897470898,-833.5777587890625,-614.3885457918905,-0.07407407404663921,0.5883578643931315,2015.7784423828125,286.4084531111894,0.03703703702331962,-0.829602830558489,-1313.8111267089844,-98.22240254998633,-0.07407407404663921,1.5416196923640264,39.381594377457304,9.114245205876024,62.8854828952409,-1.599379978574234,2.5431708665683654,0.03391413343163485,0.12519245310179006,0.045157546898209944,0.05361164661692008,-0.03393247995025342,0.8257289420795786,0.12181272458708803,0.07442684676593281,-0.027514346765932805,12379.768747144873,461.6459357717922,1.6132587693873894,-0.016296686054056098,0.18657752644360492,-0.00977502644360495,13.652300327837999,0.009152588828667874,23.405901308970783,1.808979941029218
Z-03,2290.0,428,146,0.955501352385255,33.3455256,65.191156,2.4739244,0.06869200000000002,0.07316399999999999,0.858348,0.08416799999999998,11571.933734799999,1.6359536000000003,0.20153640000000003,13.646223200000001,20.2531576,1,0.3333333332098765,12345.661671098758,2334.017578125,3667.741943359375,5001.46630859375,6001.759765625,6668.6220703125,6835.33740234375,833.5777587890625,-333.43109130859375,-1500.43994140625,-2334.017578125,-3000.8798828125,5152.908011872542,336.91837059770205,2.20772982154723,5480.548379208876,5893.742394047218,6256.927188604674,6669.123812963384,7064.920547962917,4806.711638013472,4422.877939381975,4271.8724527528075,3930.1573057697324,3820.6025781774115,22.23672798386457,21.616100081269042,21.92571646798307,21.692210140571703,21.573605547823686,21.562273264697346,21.706051978501513,21.215067267090436,22.29783770406376,21.66598471363983,22.25917979460601,1092.7402694176158,1178.7870187555325,1258.6768736706379,1343.4119269026041,1435.8445143848207,1521.458144286163,1031.710022721262,960.246532329412,904.6631538451643,844.3465190974414,809.7990924238828,0.4529504250826169,0.6692274682017757,0.8486043821111495,0.17341909350940557,-0.07538759752523036,0.41666666666666663,1508.718527680356,2146.0882643945715,2489.1058262882434,1430.2574230049963,628.8036446406667,5001.46630859375,2300.6744995117188,-333.43109130859375,1910.7666871260885,1138.654052734375,638.3088371559033,0.0,0.4542053768114691,-998.2127685546875,-621.398440407731,-0.07407407404663924,-0.039268021684222276,1688.60302734375,239.2407395512173,0.03703703702331962,-1.4577217821410642,-1533.628662109375,-321.21775450066343,-0.07407407404663924,-1.058459741694012,39.17188678278558,-5.8263611827855755,62.88855134952382,2.3026046504761837,2.5425193928526735,-0.06859499285267345,0.12491965344197009,-0.056227653441970074,0.053957659710652806,0.019206340289347187,0.8335036399757172,0.024844360024282808,0.07478656203129841,0.00938143796870157,12375.129368071677,-803.1956332716782,1.6132628989307776,0.022690701069222774,0.1866216778710319,0.014914722128968133,13.652642813236547,-0.006419613236545274,23.38793579900812,-3.1347781990081174
Z-03,2292.0,428,146,0.955501352385255,45.437882083333335,62.52014333333333,2.5401233333333333,0.1479375,0.0430125,0.8982958333333334,0.06667916666666666,12393.796588333333,1.6090341666666665,0.1849075,13.684417499999997,23.42374375,1,0.37037037023319613,12345.80116820616,3667.741943359375,5001.46630859375,6001.759765625,6668.6220703125,6835.33740234375,6501.90625,2334.017578125,833.5777587890625,-333.43109130859375,-1500.43994140625,-2334.017578125,5480.548379208876,370.41719108733787,1.4942516806308084,5893.742394047218,6256.927188604674,6669.123812963384,7064.920547962917,7534.225314965306,5152.908011872542,4806.711638013472,4422.877939381975,4271.8724527528075,3930.1573057697324,21.616100081269042,21.92571646798307,21.692210140571703,21.573605547823686,21.562273264697346,22.020502050752217,22.23672798386457,21.706051978501513,21.215067267090436,22.29783770406376,21.66598471363983,1178.7870187555325,1258.6768736706379,1343.4119269026041,1435.8445143848207,1521.458144286163,1605.5542913767586,1092.7402694176158,1031.710022721262,960.246532329412,904.6631538451643,844.3465190974414,0.6692274682017757,0.8486043821111495,0.959216482127533,0.4529504250826169,0.17341909350940557,0.4198717948717949,1515.5241496719223,2153.137099026468,2492.297523474303,1452.1190613664965,635.4309885111171,6001.759765625,3567.7126708984374,833.5777587890625,1843.2437661822717,1127.852294921875,610.833451083181,0.0,-0.5180979862674349,-1163.10791015625,-749.3908523095424,-0.07407407404663924,-0.8248520493149023,1528.142822265625,303.37635418020545,0.03703703702331962,-0.19982803804899874,-1426.65283203125,-105.70722674832359,-0.07407407404663924,1.190885707246892,38.95911389161938,6.478768191713954,62.89294379992293,-0.3728004665896023,2.541847282782216,-0.0017239494488827667,0.12465611991888004,0.023281380081119962,0.054313811872086504,-0.011301311872086502,0.841396709163206,0.056899124170127435,0.07515583975212436,-0.0084766730854577,12370.14021742309,23.656370910242913,1.613280561483844,-0.004246394817177368,0.1866740142029748,-0.0017665142029748004,13.653054318340558,0.03136318165943841,23.36846932730714,0.05527442269286098
Z-03,2294.0,428,146,0.955501352385255,48.10828583333333,64.68329083333333,2.5080091666666666,0.15737500000000001,0.05512916666666667,0.9960083333333333,0.0802875,11820.467989166667,1.6306970833333334,0.19851583333333334,13.790941250000001,20.96870208333333,1,0.40740740725651575,12345.940665313565,5001.46630859375,6001.759765625,6668.6220703125,6835.33740234375,6501.90625,5501.61279296875,3667.741943359375,2334.017578125,833.5777587890625,-333.43109130859375,-1500.43994140625,5893.742394047218,388.1894046978987,1.17839993144207,6256.927188604674,6669.123812963384,7064.920547962917,7534.225314965306,7971.344287278114,5480.548379208876,5152.908011872542,4806.711638013472,4422.877939381975,4271.8724527528075,21.92571646798307,21.692210140571703,21.573605547823686,21.562273264697346,22.020502050752217,22.52394620533732,21.616100081269042,22.23672798386457,21.706051978501513,21.215067267090436,22.29783770406376,1258.6768736706379,1343.4119269026041,1435.8445143848207,1521.458144286163,1605.5542913767586,1679.6133824948135,1178.7870187555325,1092.7402694176158,1031.710022721262,960.246532329412,904.6631538451643,0.8486043821111495,0.959216482127533,0.9999228783120105,0.6692274682017757,0.4529504250826169,0.4230769230769231,1522.177515328524,2159.9698765333183,2495.238196113592,1473.9145169374985,641.9131444361286,6668.6220703125,4734.721533203125,2334.017578125,1569.6072674474824,951.68505859375,562.7858330751751,0.0,-0.6808607696059781,-1161.027587890625,-649.754012472501,-0.07407407404663924,-0.009680917098503272,1032.46435546875,251.34303704677495,0.03703703702331962,-0.11377935821314367,-1159.599365234375,-193.72451660922434,-0.07407407404663924,0.8869605685383917,38.743275703958716,9.365010129374618,62.898660246438,1.7846305868953323,2.541154536356993,-0.033145369690326554,0.12440185253252078,0.03297314746747923,0.054680103101222066,0.0004490635654446004,0.8494081496420591,0.14660018369127414,0.07553467992840979,0.004752820071590211,12364.801295199082,-544.3333060324148,1.6133117570465867,0.017385326286746716,0.18673453543943275,0.011781297893900589,13.65353484315002,0.13740640684998162,23.347501893867957,-2.378799810534627
Z-03,2296.0,428,146,0.955501352385255,39.078105384615384,63.286313846153845,2.5220265384615383,0.09967307692307692,0.05616538461538461,0.9635269230769231,0.07211153846153846,12169.775505000001,1.6169011538461535,0.18951807692307693,13.656065769230766,22.587077307692308,1,0.44444444427983537,12346.080162420969,6001.759765625,6668.6220703125,6835.33740234375,6501.90625,5501.61279296875,3834.45751953125,5001.46630859375,3667.741943359375,2334.017578125,833.5777587890625,-333.43109130859375,6256.927188604674,387.6907094580829,1.0425132469798049,6669.123812963384,7064.920547962917,7534.225314965306,7971.344287278114,8383.385966485517,5893.742394047218,5480.548379208876,5152.908011872542,4806.711638013472,4422.877939381975,21.692210140571703,21.573605547823686,21.562273264697346,22.020502050752217,22.52394620533732,22.642238034280666,21.92571646798307,21.616100081269042,22.23672798386457,21.706051978501513,21.215067267090436,1343.4119269026041,1435.8445143848207,1521.458144286163,1605.5542913767586,1679.6133824948135,1761.8128994112012,1258.6768736706379,1178.7870187555325,1092.7402694176158,1031.710022721262,960.246532329412,0.959216482127533,0.9999228783120105,0.967502064992889,0.8486043821111495,0.6692274682017757,0.42628205128205127,1528.6779489044618,2166.585900505746,2497.9275477729943,1495.6117486983412,648.2475023439227,6835.33740234375,5634.985498046875,3667.741943359375,1176.0243524601426,943.58349609375,747.958325509112,0.0,1.0462444972097522,-992.49169921875,-660.7098144688325,-0.07407407404663924,0.35924838294249994,534.99853515625,308.4195536748857,0.03703703702331962,0.4197345717196299,-879.2705078125,-182.77551562622466,-0.07407407404663924,0.28386348935585204,38.524372219803354,0.55373316481203,62.905700689069135,0.38061315708471,2.540441153577005,-0.018414615115466493,0.12415685128289322,-0.0244837743598163,0.055056533398058605,0.0011088512173260054,0.8575379614122909,0.10598896166463223,0.07592308256015468,-0.0038115440986162125,12359.112601399713,-189.3370963997113,1.613356485619006,0.003544668227147607,0.18680324158040396,0.002714835342672972,13.654084387664945,0.001981381565821394,23.32503349869046,-0.7379561909981511
Z-03,2298.0,428,146,0.955501352385255,18.705059199999997,65.6325332,2.4401748000000003,0.011812,0.11254800000000001,0.997804,0.114436,11334.888348,1.6404275999999998,0.2042512,13.506675600000001,19.5765168,1,0.481481481303155,12346.219659528371,6668.6220703125,6835.33740234375,6501.90625,5501.61279296875,3834.45751953125,1667.155517578125,6001.759765625,5001.46630859375,3667.741943359375,2334.017578125,833.5777587890625,6669.123812963384,403.9966796791218,1.0000733508835757,7064.920547962917,7534.225314965306,7971.344287278114,8383.385966485517,8706.779075712771,6256.927188604674,5893.742394047218,5480.548379208876,5152.908011872542,4806.711638013472,21.573605547823686,21.562273264697346,22.020502050752217,22.52394620533732,22.642238034280666,22.55968791371558,21.692210140571703,21.92571646798307,21.616100081269042,22.23672798386457,21.706051978501513,1435.8445143848207,1521.458144286163,1605.5542913767586,1679.6133824948135,1761.8128994112012,1833.1203606099864,1343.4119269026041,1258.6768736706379,1178.7870187555325,1092.7402694176158,1031.710022721262,0.9999228783120105,0.967502064992889,0.8629812769302903,0.959216482127533,0.8486043821111495,0.42948717948717946,1535.0247902782214,2172.98449672299,2500.365307354452,1517.1792025116472,654.4315117479973,6835.33740234375,6201.818359375,5001.46630859375,661.8418710231023,607.45166015625,718.4900666111416,0.0,0.968132313063542,-657.50048828125,-542.1005021867713,-0.07407407404663924,1.0670756936856165,-299.47265625,149.8262454149326,0.03703703702331956,-0.37437804142589215,-425.58837890625,-175.2410149071966,-0.07407407404663924,0.5960779298744221,38.302403439153295,-19.597344239153298,62.91406512781634,2.7184680721836543,2.5397071344422493,-0.09953233444224896,0.12392111616999735,-0.11210911616999734,0.05544310276259612,0.05710489723740389,0.8657861444738728,0.13201785552612721,0.07632104764735903,0.038114952352640966,12353.074136024923,-1018.1857880249227,1.6134147472011033,0.027012852798896425,0.18688013262589198,0.017371067374108012,13.654702951885334,-0.14802735188533234,23.301064141774873,-3.7245473417748727
Z-03,2300.0,428,146,0.955501352385255,57.3260492,62.011038400000004,2.5778172,0.185612,0.032564,0.9200959999999999,0.06224800000000001,12708.560012,1.6041948000000001,0.1813968,13.760736,24.508887599999998,1,0.5185185183264746,12346.359156635775,6835.33740234375,6501.90625,5501.61279296875,3834.45751953125,1667.155517578125,-833.5777587890625,6668.6220703125,6001.759765625,5001.46630859375,3667.741943359375,2334.017578125,7064.920547962917,432.5507510009611,1.033585778839323,7534.225314965306,7971.344287278114,8383.385966485517,8706.779075712771,9080.17080340858,6669.123812963384,6256.927188604674,5893.742394047218,5480.548379208876,5152.908011872542,21.562273264697346,22.020502050752217,22.52394620533732,22.642238034280666,22.55968791371558,22.90523212418456,21.573605547823686,21.692210140571703,21.92571646798307,21.616100081269042,22.23672798386457,1521.458144286163,1605.5542913767586,1679.6133824948135,1761.8128994112012,1833.1203606099864,1897.2592080055636,1435.8445143848207,1343.4119269026041,1258.6768736706379,1178.7870187555325,1092.7402694176158,0.967502064992889,0.8629812769302903,0.6901726865334721,0.9999228783120105,0.959216482127533,0.43269230769230765,1541.217395011236,2179.1650132108534,2502.5512291220834,1538.585839397875,660.462682774797,6835.33740234375,6301.84765625,5501.61279296875,487.7677314955991,110.005859375,597.4390379522847,0.0,0.018802438494258666,-323.2890625,-515.472196302022,-0.07407407404663918,1.1088776371073656,-969.015625,174.86264190886232,0.03703703702331962,0.05776402548872994,48.00732421875,-181.2198992738322,-0.07407407404663918,0.45849617449351854,38.07736936200877,19.248679837991233,62.92375356267962,-0.9127151626796177,2.53895247895273,0.03886472104727012,0.12369464719383139,0.06191735280616861,0.055839811194836386,-0.023275811194836384,0.8741526988268191,0.045943301173180795,0.07672857519002374,-0.014480575190023728,12346.685899074771,361.8741129252285,1.6134865417928772,-0.009291741792877062,0.18696520857589505,-0.005568408575895051,13.65539053581118,0.10534546418882051,23.275593823121085,1.233293776878913
Z-03,2302.0,428,146,0.955501352385255,31.848581851851854,65.75276555555556,2.4792059259259256,0.06215185185185185,0.08833703703703705,0.9891037037037037,0.09827407407407406,11553.121778518516,1.6426437037037036,0.2040074074074074,13.608434444444446,20.217783703703706,1,0.5555555553497942,12346.498653743178,6501.90625,5501.61279296875,3834.45751953125,1667.155517578125,-833.5777587890625,-3501.0263671875,6835.33740234375,6668.6220703125,6001.759765625,5001.46630859375,3667.741943359375,7534.225314965306,453.2118696575985,1.1587695105983753,7971.344287278114,8383.385966485517,8706.779075712771,9080.17080340858,9368.343817807301,7064.920547962917,6669.123812963384,6256.927188604674,5893.742394047218,5480.548379208876,22.020502050752217,22.52394620533732,22.642238034280666,22.55968791371558,22.90523212418456,23.175835291137155,21.562273264697346,21.573605547823686,21.692210140571703,21.92571646798307,21.616100081269042,1605.5542913767586,1679.6133824948135,1761.8128994112012,1833.1203606099864,1897.2592080055636,1946.0102483951828,1521.458144286163,1435.8445143848207,1343.4119269026041,1258.6768736706379,1178.7870187555325,0.8629812769302903,0.6901726865334721,0.45738700034299645,0.967502064992889,0.9999228783120105,0.4358974358974359,1547.255134405512,2185.12682029798,2504.4850927267676,1559.8011605121487,666.3385871670655,6835.33740234375,5868.38720703125,3834.45751953125,1117.864780636229,-383.3896484375,578.515234169744,0.0,-0.08189533153118234,10.14208984375,-535.9163794624337,-0.07407407404663918,0.6710208338160655,-1808.8486328125,98.762735316006,0.03703703702331962,0.04966439669139433,541.5166015625,-216.66427934583498,-0.07407407404663918,-0.11371713736289024,37.84926998837,-6.000688136518143,62.93476599365897,2.8179995618965847,2.5381771871084435,-0.05897126118251794,0.12347744435439623,-0.06132559250254438,0.05624665869477763,0.03209037834225942,0.8826376244711014,0.10646607923260232,0.07714566518814614,0.021128408885927916,12339.9478905492,-786.8261120306834,1.6135718693943275,0.0290718343093761,0.18705846943041315,0.016948937976994233,13.656147139442467,-0.047712694998020666,23.24862254272898,-3.030838839025275
Z-03,2304.0,428,146,0.955501352385255,32.64862392857143,67.28352964285715,2.418971785714286,0.08217857142857142,0.10950357142857145,0.9999535714285714,0.12263571428571428,10991.897075357145,1.6583732142857142,0.2132942857142857,13.44247178571429,18.308919642857145,1,0.5925925923731138,12346.638150850582,5501.61279296875,3834.45751953125,1667.155517578125,-833.5777587890625,-3501.0263671875,-6001.759765625,6501.90625,6835.33740234375,6668.6220703125,6001.759765625,5001.46630859375,7971.344287278114,424.58032576010555,1.4489071372377615,8383.385966485517,8706.779075712771,9080.17080340858,9368.343817807301,9611.555694314324,7534.225314965306,7064.920547962917,6669.123812963384,6256.927188604674,5893.742394047218,22.52394620533732,22.642238034280666,22.55968791371558,22.90523212418456,23.175835291137155,22.97253411466148,22.020502050752217,21.562273264697346,21.573605547823686,21.692210140571703,21.92571646798307,1679.6133824948135,1761.8128994112012,1833.1203606099864,1897.2592080055636,1946.0102483951828,2005.3456221689355,1605.5542913767586,1521.458144286163,1435.8445143848207,1343.4119269026041,1258.6768736706379,0.6901726865334721,0.45738700034299645,0.1914775937137259,0.8629812769302903,0.967502064992889,0.4391025641025641,1553.1373955600222,2190.869310670396,2506.166703228193,1580.7952292833622,672.0568592624602,6835.33740234375,4868.093896484375,1667.155517578125,1910.766687765133,-871.38427734375,434.5380031849618,0.0,-0.5886771982588712,342.533203125,-472.29445677911554,-0.07407407404663924,0.6078436344605471,-2484.6474609375,-35.17273020682023,0.03703703702331962,-0.969634162585951,1061.57666015625,-317.4667005098345,-0.07407407404663924,-0.9915294119773108,37.6181053182363,-4.969481389664871,62.94710242075439,4.336427222102756,2.53738125890939,-0.11840947319510375,0.12326950765169187,-0.04109093622312045,0.05666364526241985,0.0528399261661516,0.8912409214067765,0.10871265002179498,0.07757231764172978,0.045063396643984496,12332.860110448266,-1340.9630350911211,1.6136707300054542,0.04470248428025991,0.1871599151894463,0.026134370524839384,13.656972762779233,-0.21450097706494375,23.220150300598675,-4.91123065774153
Z-03,2306.0,428,146,0.955501352385255,25.746183750000004,65.8370078125,2.399109375,0.05759375,0.122165625,0.99453125,0.13137187500000003,11111.401865,1.6425999999999998,0.2054121875,13.2900625,19.0946790625,1,0.6296296293964334,12346.777647957986,3834.45751953125,1667.155517578125,-833.5777587890625,-3501.0263671875,-6001.759765625,-8002.34619140625,5501.61279296875,6501.90625,6835.33740234375,6668.6220703125,6001.759765625,8383.385966485517,367.71739421732855,2.1863218963127555,8706.779075712771,9080.17080340858,9368.343817807301,9611.555694314324,9766.08522914045,7971.344287278114,7534.225314965306,7064.920547962917,6669.123812963384,6256.927188604674,22.642238034280666,22.55968791371558,22.90523212418456,23.175835291137155,22.97253411466148,22.69538356234582,22.52394620533732,22.020502050752217,21.562273264697346,21.573605547823686,21.692210140571703,1761.8128994112012,1833.1203606099864,1897.2592080055636,1946.0102483951828,2005.3456221689355,2049.990019242575,1679.6133824948135,1605.5542913767586,1521.458144286163,1435.8445143848207,1343.4119269026041,0.45738700034299645,0.1914775937137259,-0.09180186373474349,0.6901726865334721,0.8629812769302903,0.4423076923076923,1558.8635814259037,2196.3918994242717,2507.5958911143575,1601.538691122394,677.6151969470417,6501.90625,3334.3108642578127,-833.5777587890625,2650.724707653995,-1188.612548828125,480.4216004803602,0.0,-0.1529130181386087,673.8837890625,-563.4040065592799,-0.07407407404663924,-0.1085195313332008,-2828.8023681640625,-14.889027013201485,0.03703703702331962,-0.2616701596230939,1768.26513671875,-208.0172807570516,-0.07407407404663924,-0.2923387364568164,37.38387535160791,-11.637691601607909,62.96076284396588,2.876244968534124,2.5365646943555724,-0.13745531935557231,0.1230708370857192,-0.0654770870857192,0.057090770897763043,0.06507485410223696,0.8999625896338017,0.09456866036619826,0.07800853255077289,0.053363342449227136,12325.422558771941,-1214.0206937719413,1.6137831236262592,0.02881687637374064,0.1872695458529945,0.01814264164700552,13.657867405821449,-0.3678049058214494,23.190177096730167,-4.095498034230168
Z-03,2308.0,428,146,0.955501352385255,43.72563343750001,62.8811665625,2.4941821875,0.150203125,0.054849999999999996,0.981375,0.07885624999999999,12096.726790625,1.612513125,0.1873340625,13.502778124999999,22.596393125,1,0.666666666419753,12346.917145065388,1667.155517578125,-833.5777587890625,-3501.0263671875,-6001.759765625,-8002.34619140625,-9502.7861328125,3834.45751953125,5501.61279296875,6501.90625,6835.33740234375,6668.6220703125,8706.779075712771,348.39241846153163,5.22249617394313,9080.17080340858,9368.343817807301,9611.555694314324,9766.08522914045,10031.100007723158,8383.385966485517,7971.344287278114,7534.225314965306,7064.920547962917,6669.123812963384,22.55968791371558,22.90523212418456,23.175835291137155,22.97253411466148,22.69538356234582,23.06235297520689,22.642238034280666,22.52394620533732,22.020502050752217,21.562273264697346,21.573605547823686,1833.1203606099864,1897.2592080055636,1946.0102483951828,2005.3456221689355,2049.990019242575,2088.799490236311,1761.8128994112012,1679.6133824948135,1605.5542913767586,1521.458144286163,1435.8445143848207,0.1914775937137259,-0.09180186373474349,-0.3737076402612803,0.45738700034299645,0.6901726865334721,0.4455128205128205,1564.4331108603756,2201.6940241169173,2508.7725123185264,1622.0027910558533,683.0113625832364,5501.61279296875,1333.7243408203126,-3501.0263671875,3218.948577714324,-1501.7902069091797,408.6105868466093,0.0,0.025152817173552222,1004.4541015625,-395.2316431433701,-0.07407407404663924,0.35663414507893165,-3175.63818359375,80.43279325528056,-0.03703703702331962,0.5637479937987635,2174.71142578125,-201.4915748699368,-0.07407407404663924,-0.4681770834270793,37.14658008848528,6.579053349014728,62.97574726329344,-0.09458070079344338,2.535727493446988,-0.04154530594698791,0.12288143265647733,0.027321692343522663,0.05752803560080899,-0.002678035600808995,0.9088026291521913,0.07257237084780865,0.07845430991527547,0.00040194008472452247,12317.635235520225,-220.90844489522533,1.6139090502567406,-0.0013959252567405933,0.18738736142105683,-5.3298921056821325e-05,13.658831068569121,-0.15605294356912225,23.158702931123457,-0.5623098061234586
Z-03,2310.0,428,146,0.955501352385255,36.622844074074074,60.532726296296296,2.528667407407408,0.09372222222222222,0.057851851851851835,0.8974851851851852,0.07285185185185186,12767.068902962961,1.5896359259259258,0.17178370370370366,13.253215185185185,25.66654888888889,1,0.6296296293964334,12346.777647957986,-833.5777587890625,-3501.0263671875,-6001.759765625,-8002.34619140625,-9502.7861328125,-10169.6484375,1667.155517578125,3834.45751953125,5501.61279296875,6501.90625,6835.33740234375,9080.17080340858,330.78237104726486,10.892845377096236,9368.343817807301,9611.555694314324,9766.08522914045,10031.100007723158,10174.47708742994,8706.779075712771,8383.385966485517,7971.344287278114,7534.225314965306,7064.920547962917,22.90523212418456,23.175835291137155,22.97253411466148,22.69538356234582,23.06235297520689,22.895834594209415,22.55968791371558,22.642238034280666,22.52394620533732,22.020502050752217,21.562273264697346,1897.2592080055636,1946.0102483951828,2005.3456221689355,2049.990019242575,2088.799490236311,2126.345628327144,1833.1203606099864,1761.8128994112012,1679.6133824948135,1605.5542913767586,1521.458144286163,-0.09180186373474349,-0.3737076402612803,-0.624430851094005,0.1914775937137259,0.45738700034299645,0.4487179487179487,1569.8454186794056,2206.775144815944,2509.696448233652,1642.1593895954088,688.2431839119032,3834.45751953125,-966.9501708984375,-6001.759765625,3515.129204221185,-1646.9019775390625,408.1228348388522,0.0,0.13367891443425606,1167.5289611816406,-405.72340647650526,0.0,0.4576517432568856,-3189.0428466796875,-31.803323273419664,-0.03703703702331962,0.0420053071877291,2594.4334716796875,-209.01250205169345,0.0,-0.8310617592583291,36.90621952886772,-0.28337545479364934,62.99205567873719,-2.4593293824408917,2.5348696561836377,-0.0062022487762298795,0.12270129436396626,-0.02897907214174404,0.057975439371555026,-0.0001235875197031916,0.9177610399619311,-0.020275854776745983,0.07890964973523751,-0.006057797883385646,12309.498140693118,457.5707622698428,1.6140485098968984,-0.024412583970972568,0.1875133618936351,-0.01572965818993144,13.65986375102225,-0.4066485658370649,23.12572780377866,2.540821085110231
Z-04,2132.0,569,193,0.9940492237197698,36.33179555555555,67.39040977777779,2.5083155555555554,0.10516666666666666,0.07563555555555555,0.2869044444444444,0.09246444444444445,11384.814639999999,1.6595097777777779,0.2138786666666666,13.937273333333335,18.933437333333334,1,0.2592592591632373,11227.036167688108,13145.2158203125,17469.298828125,20409.677734375,21966.34765625,21793.384765625,20236.712890625,8129.2783203125,2940.377197265625,-2075.560302734375,-6226.68115234375,-9167.05859375,20050.081880243517,945.1669484363556,1.5252733672068295,20876.82984408359,21471.051573273944,21998.2819115437,22240.930405509618,22476.846262722807,18986.49594721088,17969.17943913627,16772.574305984203,15457.73083519985,14082.313985692683,21.84073182596993,21.488118362466206,20.910285062305935,20.558398043412947,20.059277787459358,19.96123879128551,21.90881222729414,22.541202237204427,23.036457242410453,23.267911843639894,23.550225946334045,4290.249578832299,4503.657525365723,4695.408030476647,4851.702113858674,4965.869527851729,5030.853029259371,4056.349845955959,3784.7718753817844,3494.5549951092476,3204.5498792821427,2901.860187820443,0.6556183242838989,0.8367783878325064,0.9505662216399806,0.4281605578625822,0.16363426773285547,0.16346153846153846,2082.8389406097945,3004.4079847524963,3362.886879420182,4132.242048386651,264.78571311612814,20409.677734375,12418.769580078126,2940.377197265625,6294.916050050225,1894.1142578125,328.8216525141652,0.07407407404663924,-0.1488066139863875,-1913.048828125,94.81151574316391,0.07407407404663924,0.2677858026059141,2608.951171875,585.2885080739288,0.07407407404663924,-0.6071759714702694,-3696.5400390625,-991.7262101122615,-0.03703703702331959,0.45893007568526656,46.29460826210652,-9.96281270655097,66.72537549477454,0.6650342830032514,2.5304052073585073,-0.02208965180295186,0.17501979383579602,-0.06985312716912936,0.05786109289378327,0.01777446266177228,0.5840044548647398,-0.29710001042029544,0.07583098133831356,0.016633463106130883,11663.994091077591,-279.1794510775926,1.6546318678176153,0.004877909960162574,0.20835140591513923,0.005527260751527374,13.83823617926803,0.09903715406530544,20.18274797061065,-1.2493106372773148
Z-04,2134.0,569,193,0.9940492237197698,30.496285714285712,67.86052857142856,2.4905250000000003,0.07662857142857142,0.09066607142857143,0.19458035714285712,0.1029375,11196.896314285714,1.6639473214285714,0.21706517857142857,13.924934642857142,18.221498571428572,1,0.2962962961865569,11227.049358174583,17469.298828125,20409.677734375,21966.34765625,21793.384765625,20236.712890625,17123.373046875,13145.2158203125,8129.2783203125,2940.377197265625,-2075.560302734375,-6226.68115234375,20876.82984408359,710.4848465152136,1.1950567214161119,21471.051573273944,21998.2819115437,22240.930405509618,22476.846262722807,22437.908597118527,20050.081880243517,18986.49594721088,17969.17943913627,16772.574305984203,15457.73083519985,21.488118362466206,20.910285062305935,20.558398043412947,20.059277787459358,19.96123879128551,19.710670968032787,21.84073182596993,21.90881222729414,22.541202237204427,23.036457242410453,23.267911843639894,4503.657525365723,4695.408030476647,4851.702113858674,4965.869527851729,5030.853029259371,5053.958488005438,4290.249578832299,4056.349845955959,3784.7718753817844,3494.5549951092476,3204.5498792821427,0.8367783878325064,0.9505662216399806,0.9985473093027648,0.6556183242838989,0.4281605578625822,0.16666666666666666,2084.4296542419693,3004.0219792940197,3365.701388894823,4119.4183654912285,262.5679162565137,21966.34765625,16223.963671875,8129.2783203125,5040.806581544469,1421.56640625,365.9771971256414,0.07407407404663924,0.03741513048125,-1423.3466796875,121.42544083490793,0.07407407404663924,0.11119484461064033,2002.142578125,595.8497714090554,0.07407407404663924,-0.42493118747903935,-3038.59375,-790.4482673538951,-0.03703703702331962,0.6396227807889403,46.323993794010676,-15.827708079724964,66.62517225200429,1.2353563194242696,2.5313633693145565,-0.0408383693145562,0.1740242355109629,-0.09739566408239149,0.05741625870680611,0.03324981272176532,0.5825461920346982,-0.387965834891841,0.07544482507783279,0.027492674922167212,11686.63689488484,-489.7405805991257,1.653580422606204,0.010366898822367299,0.20775713479039304,0.00930804378103553,13.833195127640842,0.0917395152163003,20.281857476228993,-2.0603589048004203
Z-04,2136.0,569,193,0.9940492237197698,44.98674821428572,64.95261660714286,2.4392285714285715,0.1534785714285714,0.06339107142857144,0.4470178571428572,0.08794464285714287,11466.410324285713,1.6338694642857143,0.19970464285714287,13.381954107142858,20.31645,1,0.3333333332098765,11227.062548661059,20409.677734375,21966.34765625,21793.384765625,20236.712890625,17123.373046875,12972.251953125,17469.298828125,13145.2158203125,8129.2783203125,2940.377197265625,-2075.560302734375,21471.051573273944,560.7260337300559,1.0520023004291437,21998.2819115437,22240.930405509618,22476.846262722807,22437.908597118527,22166.259100920346,20876.82984408359,20050.081880243517,18986.49594721088,17969.17943913627,16772.574305984203,20.910285062305935,20.558398043412947,20.059277787459358,19.96123879128551,19.710670968032787,19.30223668346997,21.488118362466206,21.84073182596993,21.90881222729414,22.541202237204427,23.036457242410453,4695.408030476647,4851.702113858674,4965.869527851729,5030.853029259371,5053.958488005438,5045.318494994274,4503.657525365723,4290.249578832299,4056.349845955959,3784.7718753817844,3494.5549951092476,0.9505662216399806,0.9985473093027648,0.9798763965240922,0.8367783878325064,0.6556183242838989,0.16987179487179488,2085.8123762821183,3003.333808036187,3368.1768366247766,4104.652326607021,260.44004662293986,21966.34765625,18956.7849609375,13145.2158203125,3322.6981310871743,1048.87890625,422.70921930656186,0.07407407404663924,0.37240186200734016,-797.958984375,169.6974265114477,0.07407407404663924,-0.05014933629722407,1362.93359375,630.6231606381662,0.07407407404663924,-0.19419771502125371,-2199.501953125,-766.4483046969035,-0.03703703702331962,0.35263871696299276,46.35031402942013,-1.3635658151344145,66.52629300535,-1.573676398207141,2.5323008949158403,-0.0930723234872688,0.1730379433228606,-0.01955937189428919,0.0569815635875317,0.006409507841039733,0.581206300496035,-0.13418844335317787,0.07506823127281237,0.012876411584330505,11708.929927116667,-242.51960283095468,1.652542510404471,-0.018673046118756753,0.207171048570161,-0.007466405713018126,13.828223095719096,-0.44626898857623765,20.379466020109135,-0.06301602010913498
Z-04,2138.0,569,193,0.9940492237197698,31.4593868852459,63.05013262295081,2.5064459016393443,0.1110016393442623,0.053222950819672155,0.46022786885245903,0.07098032786885249,12169.630613934427,1.614799508196721,0.1877722950819672,13.500348360655737,22.868467049180328,1,0.37037037023319613,11227.075739147534,21966.34765625,21793.384765625,20236.712890625,17123.373046875,12972.251953125,8129.2783203125,20409.677734375,17469.298828125,13145.2158203125,8129.2783203125,2940.377197265625,21998.2819115437,384.939416117837,1.0014527561110045,22240.930405509618,22476.846262722807,22437.908597118527,22166.259100920346,21750.644857450825,21471.051573273944,20876.82984408359,20050.081880243517,18986.49594721088,17969.17943913627,20.558398043412947,20.059277787459358,19.96123879128551,19.710670968032787,19.30223668346997,18.96588884663642,20.910285062305935,21.488118362466206,21.84073182596993,21.90881222729414,22.541202237204427,4851.702113858674,4965.869527851729,5030.853029259371,5053.958488005438,5045.318494994274,4994.425471796126,4695.408030476647,4503.657525365723,4290.249578832299,4056.349845955959,3784.7718753817844,0.9985473093027648,0.9798763965240922,0.9003350566798293,0.9505662216399806,0.8367783878325064,0.17307692307692307,2086.9869634648862,3002.343540624744,3370.3129732230377,4087.9586722685285,258.40700251722,21966.34765625,20375.084375,17469.298828125,1612.9245389000798,225.833984375,233.73330791433182,0.07407407404663924,0.14047110800991902,-36.87890625,278.41225582584593,0.07407407404663924,0.14191215705234939,514.31640625,564.7788376094577,0.07407407404663924,-0.2424730713994805,-1179.259765625,-624.4421493914924,-0.03703703702331962,0.40529024954842896,46.37356896833512,-14.91418208308922,66.42873775481178,-3.378605131860965,2.5332177841623587,-0.026771882523014323,0.1720609172714882,-0.0610592779272259,0.05655700753595827,-0.0033340567162861157,0.5799847802487221,-0.1197569113962631,0.07470119992325053,-0.0037208720543980417,11730.873187773133,438.75742616129355,1.6515181312124163,-0.036718623015695284,0.2065931472544449,-0.018820852172477698,13.823320083502821,-0.3229717228470843,20.475573602251075,2.3928934469292535
Z-04,2140.0,569,193,0.9940492237197698,52.124312676056334,64.27573295774648,2.4436943661971826,0.18641549295774645,0.03997323943661971,0.6438422535211268,0.06979014084507042,11632.459473661971,1.627426197183099,0.19516887323943663,13.29241366197183,21.130836056338026,1,0.40740740725651575,11227.08892963401,21793.384765625,20236.712890625,17123.373046875,12972.251953125,8129.2783203125,3113.340576171875,21966.34765625,20409.677734375,17469.298828125,13145.2158203125,8129.2783203125,22240.930405509618,239.28217558955293,1.020534795594799,22476.846262722807,22437.908597118527,22166.259100920346,21750.644857450825,21043.50926843025,21998.2819115437,21471.051573273944,20876.82984408359,20050.081880243517,18986.49594721088,20.059277787459358,19.96123879128551,19.710670968032787,19.30223668346997,18.96588884663642,18.291012692002933,20.558398043412947,20.910285062305935,21.488118362466206,21.84073182596993,21.90881222729414,4965.869527851729,5030.853029259371,5053.958488005438,5045.318494994274,4994.425471796126,4920.38731291379,4851.702113858674,4695.408030476647,4503.657525365723,4290.249578832299,4056.349845955959,0.9798763965240922,0.9003350566798293,0.7631440256425254,0.9985473093027648,0.9505662216399806,0.17628205128205127,2087.9532940982613,3001.051277279311,3372.109583486248,4069.3538451310906,256.47352888715403,21966.34765625,20305.89921875,17123.373046875,1738.6047180847231,-334.828125,368.95571341935283,0.07407407404663924,0.5551459292466419,849.236328125,481.35765940901183,0.07407407404663924,0.44363516187098995,-197.78515625,648.3804380765287,0.07407407404663924,0.1428289739988955,24.466796875,-412.6333653337497,-0.03703703702331962,0.7029822157928649,46.39375861075564,5.730554065300694,66.33250650038974,-2.0567735426432563,2.5341140370541098,-0.09041967085692715,0.17109315735684838,0.015322335600898074,0.0561425905520867,-0.01616935111546699,0.5788816312927594,0.0649606222283674,0.07434373102914904,-0.004553590184078624,11752.466676854208,-120.00720319223728,1.6505072850300362,-0.023081087846937187,0.20602343084324293,-0.010854557603806297,13.818486090992003,-0.5260724290201733,20.570180222654812,0.5606558336832137
Z-04,2142.0,569,193,0.9940492237197698,66.9888138888889,63.253455,2.153936111111111,0.12414722222222224,0.05714027777777778,0.49195416666666664,0.07700000000000001,10420.577717500002,1.617115277777778,0.1886976388888889,11.588134583333334,19.516987083333333,1,0.44444444427983537,11227.102120120486,20236.712890625,17123.373046875,12972.251953125,8129.2783203125,3113.340576171875,-1556.6702880859375,21793.384765625,21966.34765625,20409.677734375,17469.298828125,13145.2158203125,22476.846262722807,98.48909580445434,1.1106952704857882,22437.908597118527,22166.259100920346,21750.644857450825,21043.50926843025,20327.176129283645,22240.930405509618,21998.2819115437,21471.051573273944,20876.82984408359,20050.081880243517,19.96123879128551,19.710670968032787,19.30223668346997,18.96588884663642,18.291012692002933,18.079126098294346,20.059277787459358,20.558398043412947,20.910285062305935,21.488118362466206,21.84073182596993,5030.853029259371,5053.958488005438,5045.318494994274,4994.425471796126,4920.38731291379,4780.6652338032845,4965.869527851729,4851.702113858674,4695.408030476647,4503.657525365723,4290.249578832299,0.9003350566798293,0.7631440256425254,0.5852245405984794,0.9798763965240922,0.9985473093027648,0.1794871794871795,2088.7112680721293,2999.4571487837934,3373.566486416379,4048.855981460391,254.64418940041634,21966.34765625,18818.4140625,12972.251953125,3400.6553372759076,-1345.84765625,77.40104883136883,0.07407407404663918,0.15734410218321315,1336.1796875,393.89613277131866,0.07407407404663918,-0.012806012234751307,-1119.296875,579.9692024940705,0.07407407404663918,0.06426264547797444,893.962890625,-445.2868393079225,-0.03703703702331962,0.3230975287732747,46.41088295668146,20.577930932207437,66.23759924208366,-2.9841442420836586,2.5349896535910954,-0.3810535424799846,0.17013466357893847,-0.04598744135671623,0.05573831263591522,0.0014019651418625614,0.5778968536281752,-0.08594268696150859,0.07399582459050613,0.003004175409493881,11773.710394359892,-1353.1326768598901,1.6495099718573325,-0.03239469407955453,0.2054618993365569,-0.01676426044766799,13.813721118186635,-2.225586534853301,20.663285881320235,-1.1462987979869013
Z-04,2144.0,569,193,0.9940492237197698,31.35514363636364,64.6184789090909,2.2538799999999997,0.1719509090909091,0.05202727272727275,0.6519400000000001,0.07951818181818181,10639.388393636364,1.629981090909091,0.19817909090909083,12.390187999999997,18.918355818181816,1,0.481481481303155,11227.115310606961,17123.373046875,12972.251953125,8129.2783203125,3113.340576171875,-1556.6702880859375,-5880.75439453125,20236.712890625,21793.384765625,21966.34765625,20409.677734375,17469.298828125,22437.908597118527,-155.2935809012306,1.3103656086221336,22166.259100920346,21750.644857450825,21043.50926843025,20327.176129283645,19528.48170810416,22476.846262722807,22240.930405509618,21998.2819115437,21471.051573273944,20876.82984408359,19.710670968032787,19.30223668346997,18.96588884663642,18.291012692002933,18.079126098294346,18.068263773524095,19.96123879128551,20.059277787459358,20.558398043412947,20.910285062305935,21.488118362466206,5053.958488005438,5045.318494994274,4994.425471796126,4920.38731291379,4780.6652338032845,4594.203921939593,5030.853029259371,4965.869527851729,4851.702113858674,4695.408030476647,4503.657525365723,0.7631440256425254,0.5852245405984794,0.37374845540918267,0.9003350566798293,0.9798763965240922,0.18269230769230768,2089.26080686532,2997.561316473885,3374.683535238944,4026.4849016614216,252.92333777597185,21793.384765625,16051.0001953125,8129.2783203125,4977.49983540849,-1900.63671875,23.654200355660578,0.07407407404663918,0.13966575111830082,1953.482421875,445.77273825138036,0.07407407404663918,-0.13801472170921159,-1900.24609375,397.9644299151878,0.07407407404663918,-0.2935576939017963,1773.978515625,-395.7781058757246,-0.03703703702331962,0.05941982438072202,46.42494200611259,-15.069798369748948,66.14401597989365,-1.5255370708027556,2.5358446337733156,-0.28196463377331593,0.16918543593776025,0.0027654731531488452,0.055344173787445605,-0.003316901060172857,0.5770304472549554,0.07490955274504463,0.07365748060732358,0.00586070121085823,11794.604340290156,-1155.2159466537923,1.648526191694307,-0.018545100785215984,0.2049085527343859,-0.006729461825295074,13.80902516508673,-1.4188371650867335,20.754890578247455,-1.8365347600656392
Z-04,2146.0,569,193,0.9940492237197698,50.14169999999999,64.00185416666666,2.49226875,0.21519166666666667,0.02595,0.6683416666666666,0.06034375,11897.507971041667,1.6241195833333333,0.1939760416666667,13.578656041666667,21.657801458333335,1,0.5185185183264746,11227.128501093437,12972.251953125,8129.2783203125,3113.340576171875,-1556.6702880859375,-5880.75439453125,-9340.021484375,17123.373046875,20236.712890625,21793.384765625,21966.34765625,20409.677734375,22166.259100920346,-343.63186983385094,1.7087411479445127,21750.644857450825,21043.50926843025,20327.176129283645,19528.48170810416,18451.62612023844,22437.908597118527,22476.846262722807,22240.930405509618,21998.2819115437,21471.051573273944,19.30223668346997,18.96588884663642,18.291012692002933,18.079126098294346,18.068263773524095,17.465911957785337,19.710670968032787,19.96123879128551,20.059277787459358,20.558398043412947,20.910285062305935,5045.318494994274,4994.425471796126,4920.38731291379,4780.6652338032845,4594.203921939593,4415.0844268402425,5053.958488005438,5030.853029259371,4965.869527851729,4851.702113858674,4695.408030476647,0.5852245405984794,0.37374845540918267,0.1479476265608649,0.7631440256425254,0.9003350566798293,0.1858974358974359,2089.6018535511535,2995.363972221628,3375.460617417778,4002.262099901874,251.3150887062561,20236.712890625,12314.991357421875,3113.340576171875,6139.979946886672,-2518.083984375,-115.44221905901577,0.07407407404663924,0.026313279230631537,2360.546875,563.5589803869734,0.07407407404663924,0.038768576929417264,-2351.4658203125,419.3527657442537,0.07407407404663924,-0.2453751698722293,2489.2177734375,-334.5552914664222,-0.03703703702331956,0.009276865890416985,46.435935759049244,3.7057642409507494,66.05175671381971,-2.049902547153053,2.5366789776007703,-0.04441022760077029,0.16824547443331195,0.04694619223335472,0.05496017400667785,-0.029010174006677852,0.5762824121730858,0.09205925449358077,0.07332869907960049,-0.012984949079600488,11815.148514645058,82.35945639660895,1.6475559445409598,-0.023436361207626488,0.20436339103672907,-0.01038734937006236,13.80439823169229,-0.22574219002562224,20.844994313436587,0.8128071448967482
Z-04,2148.0,569,193,0.9940492237197698,45.051802083333335,64.79036666666667,2.2341416666666665,0.21373541666666665,0.04024791666666666,0.6680208333333333,0.07440000000000001,10573.774321666666,1.6323589583333333,0.19857999999999998,12.203304166666667,18.987002083333334,1,0.5555555553497942,11227.141691579913,8129.2783203125,3113.340576171875,-1556.6702880859375,-5880.75439453125,-9340.021484375,-11761.5087890625,12972.251953125,17123.373046875,20236.712890625,21793.384765625,21966.34765625,21750.644857450825,-561.3749162450476,2.675586178955612,21043.50926843025,20327.176129283645,19528.48170810416,18451.62612023844,17350.876160359414,22166.259100920346,22437.908597118527,22476.846262722807,22240.930405509618,21998.2819115437,18.96588884663642,18.291012692002933,18.079126098294346,18.068263773524095,17.465911957785337,17.118660855978415,19.30223668346997,19.710670968032787,19.96123879128551,20.059277787459358,20.558398043412947,4994.425471796126,4920.38731291379,4780.6652338032845,4594.203921939593,4415.0844268402425,4193.595292160552,5045.318494994274,5053.958488005438,5030.853029259371,4965.869527851729,4851.702113858674,0.37374845540918267,0.1479476265608649,-0.07658066014155562,0.5852245405984794,0.7631440256425254,0.1891025641025641,2089.7343728014594,2992.865338417069,3375.897654666384,3976.2107328910834,249.82328875007136,17123.373046875,7956.314721679688,-1556.6702880859375,6680.954773441691,-2627.08447265625,-257.7994682661956,0.07407407404663924,-0.009552078173527434,2568.0234375,579.2124327410347,0.07407407404663924,-0.09071441889149057,-2641.8720703125,366.06189566231114,0.07407407404663924,-0.13843866219567857,3037.3388671875,-200.41957668411123,-0.03703703702331962,0.09685033722602299,46.44386421549143,-1.3920621321580953,65.96082144386196,-1.170454777195289,2.5374926850734596,-0.3033510184067931,0.16731477906559533,0.04642063760107132,0.054586313293611965,-0.014338396626945304,0.5756527483825664,0.09236808495076687,0.07300948000733776,0.0013905199926622508,11835.342917424568,-1261.5685957579026,1.646599230397289,-0.014240272063955617,0.20382641424358816,-0.005246414243588182,13.799840318003305,-1.5965361513366378,20.933597086887403,-1.9465950035540693
Z-04,2150.0,569,193,0.9940492237197698,20.31861836734694,65.22783204081634,2.3104571428571425,0.18427755102040813,0.048655102040816335,0.5507653061224491,0.07812857142857144,10797.571955306123,1.6363340816326526,0.20175632653061226,12.749302653061225,18.867161632653062,1,0.5925925923731138,11227.154882066388,3113.340576171875,-1556.6702880859375,-5880.75439453125,-9340.021484375,-11761.5087890625,-13318.1787109375,8129.2783203125,12972.251953125,17123.373046875,20236.712890625,21793.384765625,21043.50926843025,-711.7343640835898,6.759092630726243,20327.176129283645,19528.48170810416,18451.62612023844,17350.876160359414,16246.347465305687,21750.644857450825,22166.259100920346,22437.908597118527,22476.846262722807,22240.930405509618,18.291012692002933,18.079126098294346,18.068263773524095,17.465911957785337,17.118660855978415,17.133572169033698,18.96588884663642,19.30223668346997,19.710670968032787,19.96123879128551,20.059277787459358,4920.38731291379,4780.6652338032845,4594.203921939593,4415.0844268402425,4193.595292160552,3924.9287585577126,4994.425471796126,5045.318494994274,5053.958488005438,5030.853029259371,4965.869527851729,0.1479476265608649,-0.07658066014155562,-0.30113696055959244,0.37374845540918267,0.5852245405984794,0.1923076923076923,2089.6583508890762,2990.065667947005,3375.9946029558055,3948.3556078823276,248.45148761711314,12972.251953125,3355.4892333984376,-5880.75439453125,6704.734609886366,-2746.5276489257812,-94.22139436778161,0.07407407404663924,0.8426233743450027,2591.886962890625,660.2333120290277,0.07407407404663924,-0.10008791195065214,-2759.3143615722656,565.9120644300092,0.07407407404663924,0.5504522726931178,3243.041748046875,-66.94136709989834,-0.03703703702331962,0.3517533693216599,46.44872737543915,-26.13010900809221,65.87121017002016,-0.6433781292038248,2.5382857561913816,-0.2278286133342391,0.16639334983460952,0.017884201185798615,0.054222591648246166,-0.0055674896074298305,0.5751414558834256,-0.024376149760976462,0.0726998233905336,0.005428748038037834,11855.187548628688,-1057.6155933225655,1.6456560492632928,-0.009321967630640193,0.20329762235496052,-0.0015412958243482544,13.79535142401977,-1.0460487709585458,21.020698898600017,-2.153537265946955
Z-04,2152.0,569,193,0.9940492237197698,50.55805625,66.668631875,2.1747791666666667,0.19554375,0.046881250000000006,0.6302916666666666,0.07814583333333334,9940.792862291666,1.6518693749999998,0.2097797916666667,12.067554791666666,16.731250208333332,1,0.5555555553497942,11227.141691579913,-1556.6702880859375,-5880.75439453125,-9340.021484375,-11761.5087890625,-13318.1787109375,-13837.0693359375,3113.340576171875,8129.2783203125,12972.251953125,17123.373046875,20236.712890625,20327.176129283645,-757.5137801630462,13.057924201355796,19528.48170810416,18451.62612023844,17350.876160359414,16246.347465305687,14993.535593332992,21043.50926843025,21750.644857450825,22166.259100920346,22437.908597118527,22476.846262722807,18.079126098294346,18.068263773524095,17.465911957785337,17.118660855978415,17.133572169033698,16.7917310483856,18.291012692002933,18.96588884663642,19.30223668346997,19.710670968032787,19.96123879128551,4780.6652338032845,4594.203921939593,4415.0844268402425,4193.595292160552,3924.9287585577126,3658.9486970132402,4920.38731291379,4994.425471796126,5045.318494994274,5053.958488005438,5030.853029259371,-0.07658066014155562,-0.30113696055959244,-0.5061889963507484,0.1479476265608649,0.37374845540918267,0.1955128205128205,2089.3737956888085,2986.9652441708126,3375.7514525190645,3918.723169973651,247.2029102977919,8129.2783203125,-1106.9654541015625,-9340.021484375,6227.257645748478,-2845.0845947265625,-335.420778724565,0.07407407404663924,0.5428002500588818,2448.112060546875,706.8237589410346,0.14814814809327848,-0.11876155516898024,-3045.6705322265625,500.8560154665829,0.07407407404663924,0.536378648360099,3102.8172607421875,-6.948170851195755,0.03703703702331962,0.1740571200219314,46.45052523889217,4.107531011107831,65.78292289229444,0.885708982705566,2.539058190954538,-0.3642790242878715,0.1654811867403554,0.030062563259644598,0.05386900907058223,-0.006987759070582224,0.5747485346756491,0.05554313199101746,0.07239972922918891,0.005746104104144431,11874.682408257388,-1933.8895459657215,1.644726401138973,0.007142973861026691,0.2027770153708497,0.007002776295816998,13.7909315497417,-1.7233767580750339,21.10629974857443,-4.375049540241097
Z-04,2154.0,569,193,0.9940492237197698,48.84321875,66.41864395833333,2.421075,0.18846249999999998,0.030033333333333332,0.7830979166666667,0.060158333333333334,11171.033661041665,1.6492743749999998,0.208235625,13.371486041666666,19.156028958333334,1,0.5185185183264746,11227.128501093437,-5880.75439453125,-9340.021484375,-11761.5087890625,-13318.1787109375,-13837.0693359375,-13491.142578125,-1556.6702880859375,3113.340576171875,8129.2783203125,12972.251953125,17123.373046875,19528.48170810416,-937.7750045226021,3.320731620196603,18451.62612023844,17350.876160359414,16246.347465305687,14993.535593332992,13732.53134231819,20327.176129283645,21043.50926843025,21750.644857450825,22166.259100920346,22437.908597118527,18.068263773524095,17.465911957785337,17.118660855978415,17.133572169033698,16.7917310483856,16.739805146117586,18.079126098294346,18.291012692002933,18.96588884663642,19.30223668346997,19.710670968032787,4594.203921939593,4415.0844268402425,4193.595292160552,3924.9287585577126,3658.9486970132402,3356.413039894508,4780.6652338032845,4920.38731291379,4994.425471796126,5045.318494994274,5053.958488005438,-0.30113696055959244,-0.5061889963507484,-0.6778616505684726,-0.07658066014155562,0.1479476265608649,0.1987179487179487,2088.8807366768856,2983.5643808933955,3375.1682278521566,3887.3414887903477,246.08043051416607,3113.340576171875,-5085.122875976563,-11761.5087890625,5347.449881630059,-2372.53662109375,-573.8890835638595,0.07407407404663924,0.09982016465470522,2136.69873046875,782.2300961318942,0.14814814809327848,-0.13127995873657383,-2792.88818359375,351.8250386026848,0.07407407404663924,0.21693731681727257,2960.25439453125,-99.59619634215778,0.03703703702331962,-0.2870432041376816,46.44925780585049,2.393960944149505,65.69595961068478,0.7226843476485527,2.5398099893629276,-0.11873498936292748,0.1645782897828303,0.023884210217169688,0.05352556556062016,-0.023492232227286827,0.5744739847592228,0.20862393190744388,0.07210919752330369,-0.011950864189970357,11893.827496310725,-722.7938352690599,1.6438102860243333,0.005464088975666526,0.2022645932912539,0.005971031708746105,13.786580695169093,-0.41509465350242714,21.19039963681064,-2.0343706784773055
Z-04,2156.0,569,193,0.9940492237197698,51.32977959183673,61.48663408163265,2.480842857142857,0.20648571428571427,0.020212244897959183,0.8472816326530611,0.053212244897959185,12318.784612040818,1.5988997959183675,0.17813938775510202,13.187308367346938,24.03914836734694,1,0.481481481303155,11227.115310606961,-9340.021484375,-11761.5087890625,-13318.1787109375,-13837.0693359375,-13491.142578125,-12453.3623046875,-5880.75439453125,-1556.6702880859375,3113.340576171875,8129.2783203125,12972.251953125,18451.62612023844,-1088.8027738723722,1.9755395367353055,17350.876160359414,16246.347465305687,14993.535593332992,13732.53134231819,12457.37611190538,19528.48170810416,20327.176129283645,21043.50926843025,21750.644857450825,22166.259100920346,17.465911957785337,17.118660855978415,17.133572169033698,16.7917310483856,16.739805146117586,16.55762248458194,18.068263773524095,18.079126098294346,18.291012692002933,18.96588884663642,19.30223668346997,4415.0844268402425,4193.595292160552,3924.9287585577126,3658.9486970132402,3356.413039894508,3061.4529447662553,4594.203921939593,4780.6652338032845,4920.38731291379,4994.425471796126,5045.318494994274,-0.5061889963507484,-0.6778616505684726,-0.8197633538051399,-0.30113696055959244,-0.07658066014155562,0.20192307692307693,2088.179224928871,2979.8634223352087,3374.2449877115628,3854.2402446411115,245.08654597718467,-1556.6702880859375,-8371.426733398437,-13318.1787109375,4231.915437991828,-1847.7724609375,-628.509262680218,0.07407407404663918,0.5288194742550623,1673.6220703125,851.7967936777059,0.14814814809327842,0.06903713156254554,-2519.8564453125,354.77031983276174,0.07407407404663918,0.4181756943442778,2640.05126953125,41.548992027255736,0.03703703702331956,-0.1552361201644814,46.44492507631435,4.884854515522385,65.6103203251912,-4.123686243558545,2.5405411514165532,-0.059698294273696106,0.16368465896203777,0.04280105532367651,0.053192261118358175,-0.03298001622039899,0.574317806134161,0.27296382651890017,0.07182822827287882,-0.01861598337491964,11912.622812788672,406.161799252146,1.64290770391937,-0.044007908001002516,0.20176035611617316,-0.023620968361071137,13.782298860301928,-0.5949904929549898,21.272998563308647,2.7661498040382924
Z-04,2158.0,569,193,0.9940492237197698,52.24209166666666,63.026180833333335,2.474947916666667,0.21001666666666666,0.019385416666666665,0.8488979166666667,0.05296666666666666,11984.760187499998,1.614100625,0.18809395833333334,13.394465000000002,22.35088458333333,1,0.44444444427983537,11227.102120120486,-11761.5087890625,-13318.1787109375,-13837.0693359375,-13491.142578125,-12453.3623046875,-10723.728515625,-9340.021484375,-5880.75439453125,-1556.6702880859375,3113.340576171875,8129.2783203125,17350.876160359414,-1102.639327466377,1.4752225512209942,16246.347465305687,14993.535593332992,13732.53134231819,12457.37611190538,11009.557998010276,18451.62612023844,19528.48170810416,20327.176129283645,21043.50926843025,21750.644857450825,17.118660855978415,17.133572169033698,16.7917310483856,16.739805146117586,16.55762248458194,15.590481824481886,17.465911957785337,18.068263773524095,18.079126098294346,18.291012692002933,18.96588884663642,4193.595292160552,3924.9287585577126,3658.9486970132402,3356.413039894508,3061.4529447662553,2788.3039566138823,4415.0844268402425,4594.203921939593,4780.6652338032845,4920.38731291379,4994.425471796126,-0.6778616505684726,-0.8197633538051399,-0.9228676256277087,-0.5061889963507484,-0.30113696055959244,0.20512820512820512,2087.2693331160526,2975.862743099416,3372.9818251083475,3819.4507142496022,244.22335593030695,-5880.75439453125,-10827.50654296875,-13837.0693359375,2926.3029530940526,-1260.3505859375,-763.4417463026912,0.07407407404663918,0.7312948950821756,1064.20703125,904.233189141516,0.14814814809327842,-0.009795069831959324,-2045.513671875,261.9689441567607,0.07407407404663918,0.5548228008554119,2141.0380859375,46.168097082376335,0.03703703702331962,-0.28359235346518474,46.437527050283734,5.804564616382926,65.52600503581368,-2.4998242024803474,2.5412516771154117,-0.06630376044874486,0.16280029427797515,0.0472163723886915,0.052869095743798944,-0.033483679077132275,0.5742799988004492,0.2746179178662175,0.07155682147791342,-0.018590154811246762,11931.068357691227,53.69182980877122,1.6420186548240814,-0.027918029824081314,0.20126430384560656,-0.013170345512273224,13.778086045140235,-0.38362104514023265,21.35409652806834,0.9967880552649895
Z-04,2160.0,569,193,0.9940492237197698,29.258418750000004,61.16374875,2.572152083333333,0.062170833333333335,0.048249999999999994,0.46085624999999997,0.05819166666666667,12829.064080208334,1.5955483333333333,0.176259375,13.654966250000001,25.187402291666668,1,0.40740740725651575,11227.08892963401,-13318.1787109375,-13837.0693359375,-13491.142578125,-12453.3623046875,-10723.728515625,-8994.0947265625,-11761.5087890625,-9340.021484375,-5880.75439453125,-1556.6702880859375,3113.340576171875,16246.347465305687,-1178.670283513211,1.2198604928875674,14993.535593332992,13732.53134231819,12457.37611190538,11009.557998010276,9837.997761299706,17350.876160359414,18451.62612023844,19528.48170810416,20327.176129283645,21043.50926843025,17.133572169033698,16.7917310483856,16.739805146117586,16.55762248458194,15.590481824481886,16.385611127467868,17.118660855978415,17.465911957785337,18.068263773524095,18.079126098294346,18.291012692002933,3924.9287585577126,3658.9486970132402,3356.413039894508,3061.4529447662553,2788.3039566138823,2430.3867986807436,4193.595292160552,4415.0844268402425,4594.203921939593,4780.6652338032845,4920.38731291379,-0.8197633538051399,-0.9228676256277087,-0.9824205137501407,-0.6778616505684726,-0.5061889963507484,0.20833333333333331,2086.151155500326,2971.5627481361507,3371.378867298784,3783.0057561739645,243.49254143875922,-9340.021484375,-12349.5841796875,-13837.0693359375,1664.7668494507013,-437.3056640625,-1017.0758380167499,0.07407407404663924,0.21338716774668143,659.705078125,777.4022033761648,0.14814814809327842,-0.5751585430397519,-1550.921875,221.19316800315937,0.07407407404663924,0.5497283655605045,1636.1787109375,136.7840929479371,0.03703703702331962,-0.26042064175977586,46.42706372775865,-17.168644977758646,65.44301374255224,-4.2792649925522355,2.5419415664595046,0.030210516873828475,0.16192519573064423,-0.09975436239731089,0.05255606943694069,-0.004306069436940695,0.5743605627581161,-0.11350431275811612,0.07129497713840749,-0.01310331047174082,11949.164131018391,879.8999491899431,1.641143138738471,-0.045594805405137606,0.2007764364795559,-0.0245170614795559,13.773942249684005,-0.11897599968400385,21.43369353108983,3.7537087605768384
Z-04,2162.0,569,193,0.9940492237197698,19.709679591836736,62.27915653061224,2.5405693877551023,0.023818367346938776,0.0706857142857143,0.23127755102040817,0.0745061224489796,12440.206549591836,1.606465102040816,0.18356387755102035,13.675225510204081,23.629431224489792,1,0.37037037023319613,11227.075739147534,-13837.0693359375,-13491.142578125,-12453.3623046875,-10723.728515625,-8994.0947265625,-6918.53466796875,-13318.1787109375,-11761.5087890625,-9340.021484375,-5880.75439453125,-1556.6702880859375,14993.535593332992,-1256.9080614937484,1.0835756383057904,13732.53134231819,12457.37611190538,11009.557998010276,9837.997761299706,8626.72396348475,16246.347465305687,17350.876160359414,18451.62612023844,19528.48170810416,20327.176129283645,16.7917310483856,16.739805146117586,16.55762248458194,15.590481824481886,16.385611127467868,16.762662741990535,17.133572169033698,17.118660855978415,17.465911957785337,18.068263773524095,18.079126098294346,3658.9486970132402,3356.413039894508,3061.4529447662553,2788.3039566138823,2430.3867986807436,2107.0478490780747,3924.9287585577126,4193.595292160552,4415.0844268402425,4594.203921939593,4780.6652338032845,-0.9228676256277087,-0.9824205137501407,-0.999675993022509,-0.8197633538051399,-0.6778616505684726,0.21153846153846154,2084.8248079275404,2966.963872703918,3369.436275771546,3744.9397960387996,242.89534884675197,-11761.5087890625,-12972.25234375,-13837.0693359375,757.8875094203788,448.3974609375,-1236.113466006138,0.07407407404663924,-0.05959718412165671,108.865234375,903.9515340044982,0.14814814809327842,-0.21649391265827234,-855.0185546875,79.88965267041385,0.07407407404663924,0.6084243927041229,952.5107421875,221.2624893807133,0.03703703702331962,-0.14038500618405791,46.41353510873887,-26.703855516902134,65.36134644540687,-3.0821899147946255,2.542610819448832,-0.002041431693729834,0.16105936332004323,-0.13724099597310446,0.0522531821977843,0.018432532087929998,0.5745594980071331,-0.343281946986725,0.07104269525436102,0.0034634271946185763,11966.910132770165,473.2964168216713,1.6402811556625387,-0.033816053621722686,0.20029675401802027,-0.01673287646699992,13.769867473933225,-0.0946419637291438,21.511789572373118,2.1176416521166743
Z-04,2164.0,569,193,0.9940492237197698,32.812603333333335,64.03582366666667,2.5278566666666666,0.10000333333333335,0.059746666666666656,0.5140100000000001,0.07574666666666666,12069.988335333335,1.6246813333333334,0.19398666666666667,13.755305,22.004186,1,0.3333333332098765,11227.062548661059,-13491.142578125,-12453.3623046875,-10723.728515625,-8994.0947265625,-6918.53466796875,-4842.97412109375,-13837.0693359375,-13318.1787109375,-11761.5087890625,-9340.021484375,-5880.75439453125,13732.53134231819,-1268.0797407138061,1.0178906926394757,12457.37611190538,11009.557998010276,9837.997761299706,8626.72396348475,7243.7552131654775,14993.535593332992,16246.347465305687,17350.876160359414,18451.62612023844,19528.48170810416,16.739805146117586,16.55762248458194,15.590481824481886,16.385611127467868,16.762662741990535,15.859995876587686,16.7917310483856,17.133572169033698,17.118660855978415,17.465911957785337,18.068263773524095,3356.413039894508,3061.4529447662553,2788.3039566138823,2430.3867986807436,2107.0478490780747,1818.9142728014638,3658.9486970132402,3924.9287585577126,4193.595292160552,4415.0844268402425,4594.203921939593,-0.9824205137501407,-0.999675993022509,-0.974036071593794,-0.9228676256277087,-0.8197633538051399,0.21474358974358973,2083.2904278193428,2962.0665823281183,3367.1542462314387,3705.2888117175207,242.4325767723428,-10723.728515625,-12764.6962890625,-13837.0693359375,1117.7235128526645,1019.5029296875,-1257.5800394012222,0.07407407404663924,0.41291496156634366,-415.349609375,897.4895668769223,0.14814814809327848,-0.6112452669653514,-315.8798828125,74.82313561420597,0.07407407404663924,0.6310663011912396,434.7900390625,210.05019350060138,0.03703703702331962,-0.6860424384128727,46.39694119322439,-13.584337859891058,65.28100314437756,-1.2451794777108915,2.5432594360833924,-0.015402769416725803,0.1602027970461748,-0.06019946371284145,0.051960434026327995,0.007786232640338661,0.5748768045475288,-0.060866804547528686,0.07079997582577402,0.004946690840892637,11984.306362946547,85.6819723867884,1.639432705596283,-0.014751372262949536,0.1998252564609988,-0.005838589794332133,13.765861717887901,-0.010556717887901357,21.588384651918204,0.41580134808179636
Z-04,2166.0,569,193,0.9940492237197698,54.66068333333333,62.43434733333333,2.57539,0.16070666666666666,0.03303,0.8116,0.05872333333333333,12590.512227,1.6081869999999998,0.18435566666666672,13.856126999999999,23.879315666666667,1,0.2962962961865569,11227.049358174583,-12453.3623046875,-10723.728515625,-8994.0947265625,-6918.53466796875,-4842.97412109375,-3113.340576171875,-13491.142578125,-13837.0693359375,-13318.1787109375,-11761.5087890625,-9340.021484375,12457.37611190538,-1361.4866721539574,1.0003205016500842,11009.557998010276,9837.997761299706,8626.72396348475,7243.7552131654775,6137.465393308495,13732.53134231819,14993.535593332992,16246.347465305687,17350.876160359414,18451.62612023844,16.55762248458194,15.590481824481886,16.385611127467868,16.762662741990535,15.859995876587686,16.528377168867866,16.739805146117586,16.7917310483856,17.133572169033698,17.118660855978415,17.465911957785337,3061.4529447662553,2788.3039566138823,2430.3867986807436,2107.0478490780747,1818.9142728014638,1509.6419273250804,3356.413039894508,3658.9486970132402,3924.9287585577126,4193.595292160552,4415.0844268402425,-0.999675993022509,-0.974036071593794,-0.9142179532919408,-0.9824205137501407,-0.9228676256277087,0.21794871794871795,2081.548174163547,2956.8713727567197,3364.533008579683,3664.0903186178653,242.1045669425151,-8994.0947265625,-11899.8794921875,-13837.0693359375,1812.0751721126612,1632.380859375,-1418.4476930606343,0.07407407404663924,0.3089127691350022,-739.9765625,836.6969029522406,0.14814814809327848,-0.8571531812921229,416.470703125,-147.04719353971086,0.07407407404663924,0.21683600878414921,-87.6083984375,240.36012313292667,0.03703703702331962,-0.8454607901423081,46.37728198121545,8.283401352117885,65.20198383946422,-2.7676365061308914,2.5438874163631873,0.0315025836368128,0.15935549690903628,0.0013511697576303883,0.051677824922574445,-0.018647824922574448,0.5753124823792604,0.23628751762073963,0.07056681885264648,-0.011843485519313156,12001.352821547538,589.1594054524612,1.6385977885397018,-0.030410788539702027,0.19936194380849326,-0.015006277141826535,13.761924981548034,0.09420201845196452,21.66347876972509,2.2158368969415783
Z-04,2168.0,569,193,0.9940492237197698,38.72796000000001,64.341361,2.54642,0.10150333333333335,0.04933333333333333,0.7545933333333334,0.06556999999999999,12094.059254999998,1.6276029999999997,0.19602966666666663,13.908597666666667,21.817520333333334,1,0.2592592591632373,11227.036167688108,-10723.728515625,-8994.0947265625,-6918.53466796875,-4842.97412109375,-3113.340576171875,-1556.6702880859375,-12453.3623046875,-13491.142578125,-13837.0693359375,-13318.1787109375,-11761.5087890625,11009.557998010276,-1309.6891753028367,1.0266517756463822,9837.997761299706,8626.72396348475,7243.7552131654775,6137.465393308495,4995.619228899647,12457.37611190538,13732.53134231819,14993.535593332992,16246.347465305687,17350.876160359414,15.590481824481886,16.385611127467868,16.762662741990535,15.859995876587686,16.528377168867866,17.711587136209566,16.55762248458194,16.739805146117586,16.7917310483856,17.133572169033698,17.118660855978415,2788.3039566138823,2430.3867986807436,2107.0478490780747,1818.9142728014638,1509.6419273250804,1187.0269756044588,3061.4529447662553,3356.413039894508,3658.9486970132402,3924.9287585577126,4193.595292160552,-0.974036071593794,-0.9142179532919408,-0.8019865560930155,-0.999675993022509,-0.9824205137501407,0.22115384615384615,2079.598227502971,2951.378769913103,3361.5728268907806,3621.383355240092,241.9111990916344,-6918.53466796875,-10516.17255859375,-13491.142578125,2362.4542121955014,1920.21875,-1448.0688839872273,0.07407407404663924,0.6074311038170688,-1399.8798828125,1151.7742611485664,0.14814814809327848,0.4820105537633079,633.9814453125,14.40264984386522,0.07407407404663924,1.478182361432312,-786.4775390625,508.2888391362321,0.03703703702331962,0.5845642693233284,46.35455747271226,-7.626597472712248,65.12428853066706,-0.7829275306670525,2.5444947602882166,0.0019252397117832665,0.15851746290862945,-0.0570141295752961,0.05140535488652187,-0.002072021553188537,0.5758665315023705,0.1787268018309629,0.07034322433497842,-0.0047732243349784265,12018.049508573138,76.00974642686015,1.637776404492799,-0.010173404492799243,0.19890681606050187,-0.0028771493938352377,13.758057264913639,0.15054040175302852,21.737071925793657,0.08044840753967719
Z-04,2170.0,569,193,0.9940492237197698,25.18724,66.15618533333334,2.5183433333333336,0.0468,0.06875666666666666,0.5975233333333333,0.07625333333333331,11616.142599666668,1.6460896666666665,0.20713433333333334,13.957241000000005,19.836092,1,0.22222222213991769,11227.022977201632,-8994.0947265625,-6918.53466796875,-4842.97412109375,-3113.340576171875,-1556.6702880859375,-345.9267272949219,-10723.728515625,-12453.3623046875,-13491.142578125,-13837.0693359375,-13318.1787109375,9837.997761299706,-1191.4170172627628,1.0938258351326702,8626.72396348475,7243.7552131654775,6137.465393308495,4995.619228899647,3987.082931496357,11009.557998010276,12457.37611190538,13732.53134231819,14993.535593332992,16246.347465305687,16.385611127467868,16.762662741990535,15.859995876587686,16.528377168867866,17.711587136209566,19.586134698984026,15.590481824481886,16.55762248458194,16.739805146117586,16.7917310483856,17.133572169033698,2430.3867986807436,2107.0478490780747,1818.9142728014638,1509.6419273250804,1187.0269756044588,900.9089484057967,2788.3039566138823,3061.4529447662553,3356.413039894508,3658.9486970132402,3924.9287585577126,-0.9142179532919408,-0.8019865560930155,-0.6685702306645334,-0.974036071593794,-0.999675993022509,0.22435897435897434,2077.4407899228313,2945.5893298460387,3358.2739993859063,3577.208469196122,241.85189005762925,-4842.97412109375,-8786.5388671875,-12453.3623046875,2693.7898910459203,2208.0556640625,-1581.0028270046278,0.07407407404663921,0.10326213429355491,-1346.6298828125,924.1262881182465,0.14814814809327845,-1.1300620425202297,1205.51806640625,-126.66968305597038,0.07407407404663921,1.0769487943587954,-969.9638671875,443.7253038382023,0.03703703702331959,-0.5979794600403441,46.328767667714146,-21.141527667714147,65.04791721798597,1.1082681153473715,2.5450814678584806,-0.02673813452514695,0.15768869504495164,-0.11088869504495164,0.05114302391817116,0.0176136427484955,0.5765389519168309,0.020984381416502385,0.0701291922727707,0.00612414106056261,12034.396424023347,-418.2538243566796,1.6369685534555742,0.009121113211092213,0.1984598732170264,0.008674460116306931,13.754258567984685,0.20298243201531996,21.809164120124024,-1.9730721201240229
Z-04,2172.0,569,193,0.9940492237197698,26.07291666666667,68.724342,2.47107,0.04643333333333333,0.09427999999999999,0.6505766666666666,0.10171000000000001,10968.863197333332,1.6732243333333336,0.22189700000000004,13.857283,17.43205066666667,1,0.18518518511659807,11227.009786715156,-6918.53466796875,-4842.97412109375,-3113.340576171875,-1556.6702880859375,-345.9267272949219,518.8900756835938,-8994.0947265625,-10723.728515625,-12453.3623046875,-13491.142578125,-13837.0693359375,8626.72396348475,-1297.1212740671144,1.2468963951464782,7243.7552131654775,6137.465393308495,4995.619228899647,3987.082931496357,2974.0611231545,9837.997761299706,11009.557998010276,12457.37611190538,13732.53134231819,14993.535593332992,16.762662741990535,15.859995876587686,16.528377168867866,17.711587136209566,19.586134698984026,23.360414760482822,16.385611127467868,15.590481824481886,16.55762248458194,16.739805146117586,16.7917310483856,2107.0478490780747,1818.9142728014638,1509.6419273250804,1187.0269756044588,900.9089484057967,615.3321620109831,2430.3867986807436,2788.3039566138823,3061.4529447662553,3356.413039894508,3658.9486970132402,-0.8019865560930155,-0.6685702306645334,-0.5072662695288344,-0.9142179532919408,-0.974036071593794,0.22756410256410256,2075.0760850366537,2939.503638676874,3354.636858402873,3531.6077038989497,241.92559711552926,-3113.340576171875,-6918.534521484375,-10723.728515625,2741.346509840026,2149.966796875,-1672.129088727529,0.07407407404663921,0.1285124322331832,-1639.30712890625,934.3189576965015,0.14814814809327845,-1.358145554455545,1431.12841796875,-278.61275742883663,0.07407407404663921,0.605272586781556,-1155.78857421875,269.41086680815715,0.03703703702331962,-1.7535087559368687,46.299912566221565,-20.226995899554893,64.97286990142095,3.7514720985790433,2.5456475390739772,-0.07457753907397713,0.15686919331800642,-0.11043585998467309,0.05089083201752054,0.04338916798247945,0.5773297436226699,0.07324692304399671,0.06992472266602157,0.03178527733397844,12050.393567898165,-1081.530370564833,1.636174235428026,0.037050097905307666,0.19802111527806598,0.023875884721934054,13.750528890761196,0.10675410923880513,21.879755352716302,-4.447704686049633
Z-04,2174.0,569,193,0.9940492237197698,38.37325882352941,64.97922617647059,2.5003941176470588,0.10385,0.07188235294117648,0.369585294117647,0.08848235294117648,11734.19366382353,1.6337605882352944,0.20027411764705882,13.773009117647058,20.65902911764706,1,0.14814814809327845,11226.99659622868,-4842.97412109375,-3113.340576171875,-1556.6702880859375,-345.9267272949219,518.8900756835938,1037.7801513671875,-6918.53466796875,-8994.0947265625,-10723.728515625,-12453.3623046875,-13491.142578125,7243.7552131654775,-1244.6292850881277,1.4957175927496287,6137.465393308495,4995.619228899647,3987.082931496357,2974.0611231545,2163.6814177783817,8626.72396348475,9837.997761299706,11009.557998010276,12457.37611190538,13732.53134231819,15.859995876587686,16.528377168867866,17.711587136209566,19.586134698984026,23.360414760482822,34.16710037435116,16.762662741990535,16.385611127467868,15.590481824481886,16.55762248458194,16.739805146117586,1818.9142728014638,1509.6419273250804,1187.0269756044588,900.9089484057967,615.3321620109831,370.1598014210512,2107.0478490780747,2430.3867986807436,2788.3039566138823,3061.4529447662553,3356.413039894508,-0.6685702306645334,-0.5072662695288344,-0.3116056714586795,-0.8019865560930155,-0.9142179532919408,0.23076923076923075,2072.5043579707476,2933.1223125439037,3350.6617703626675,3484.6245861554426,242.13082549130814,-1556.6702880859375,-5085.122875976563,-8994.0947265625,2647.187142987653,1908.470703125,-1537.4009789973288,0.07407407404663924,1.1739430741315893,-1753.6953125,1158.4576202660664,0.14814814809327845,-0.00025841146298510864,1479.72509765625,-152.5075801699495,0.07407407404663924,1.720499100232825,-1513.408203125,602.503382155448,0.03703703702331962,-0.20830979953783135,46.26799216823429,-7.894733344704875,64.899146580972,0.08007959549858867,2.5461929739347102,-0.04579885628765146,0.156058957727792,-0.052208957727791994,0.05064877918457267,0.021233573756603813,0.578238906619859,-0.20865361250221198,0.06972981551473278,0.0187525374264437,12066.040940197592,-331.84727637406286,1.6353934504101524,-0.0016328621748580296,0.19759054224361972,0.002683575403439109,13.74686823324317,0.02614088440388862,21.948845623570378,-1.2898165059233193
Z-04,2176.0,569,193,0.9940492237197698,17.419602702702708,63.49154999999999,2.498032432432432,0.008137837837837837,0.08438378378378379,0.14301891891891888,0.08568918918918919,12005.448965405409,1.618708918918919,0.19107756756756755,13.586727297297294,22.077831081081083,1,0.11111111106995884,11226.983405742205,-3113.340576171875,-1556.6702880859375,-345.9267272949219,518.8900756835938,1037.7801513671875,1210.7435302734375,-4842.97412109375,-6918.53466796875,-8994.0947265625,-10723.728515625,-12453.3623046875,6137.465393308495,-1124.0679921329152,1.9713298092102525,4995.619228899647,3987.082931496357,2974.0611231545,2163.6814177783817,1408.8348934954608,7243.7552131654775,8626.72396348475,9837.997761299706,11009.557998010276,12457.37611190538,16.528377168867866,17.711587136209566,19.586134698984026,23.360414760482822,34.16710037435116,50.592136927323644,15.859995876587686,16.762662741990535,16.385611127467868,15.590481824481886,16.55762248458194,1509.6419273250804,1187.0269756044588,900.9089484057967,615.3321620109831,370.1598014210512,198.06994806266633,1818.9142728014638,2107.0478490780747,2430.3867986807436,2788.3039566138823,3061.4529447662553,-0.5072662695288344,-0.3116056714586795,-0.08676136993296057,-0.6685702306645334,-0.8019865560930155,0.23397435897435898,2069.725875347228,2926.4459975439327,3346.3491357325556,3436.3041149224186,242.46563990436107,-345.9267272949219,-3355.4892761230467,-6918.53466796875,2334.9413743514056,1646.0888671875,-1575.0822856778232,0.07407407404663922,2.892408832793315,-1522.156982421875,974.0176924408252,0.14814814809327842,-1.6229107606418829,1520.22265625,-279.2597609215536,0.07407407404663922,1.6702822541540847,-1353.306396484375,456.41070204393145,0.037037037023319605,-0.8119875097952356,46.23300647375254,-28.81340377104983,64.82674725663912,-1.335197256639134,2.546717772440674,-0.04868534000824232,0.15525798827430837,-0.14712015043647053,0.050416865419325774,0.03396691836445802,0.5792664409083983,-0.4362475219894794,0.06954447081890347,0.01614471837028572,12081.338540921628,-75.88957551621934,1.634626198401957,-0.015917279483038005,0.19716815411368938,-0.006090586546121823,13.7432765954306,-0.15654929813330654,22.01643493268614,0.06139614839494456
Z-04,2178.0,569,193,0.9940492237197698,24.60216842105263,60.74243605263157,2.5342500000000006,0.03384473684210526,0.06425,0.1618921052631579,0.06967105263157895,12719.263285263158,1.5913197368421055,0.17362605263157893,13.403838157894736,25.221896842105267,1,0.07407407404663922,11226.97021525573,-1556.6702880859375,-345.9267272949219,518.8900756835938,1037.7801513671875,1210.7435302734375,1037.7801513671875,-3113.340576171875,-4842.97412109375,-6918.53466796875,-8994.0947265625,-10723.728515625,4995.619228899647,-1075.1912309060688,3.209123432341015,3987.082931496357,2974.0611231545,2163.6814177783817,1408.8348934954608,1059.0946239874565,6137.465393308495,7243.7552131654775,8626.72396348475,9837.997761299706,11009.557998010276,17.711587136209566,19.586134698984026,23.360414760482822,34.16710037435116,50.592136927323644,62.66515618904531,16.528377168867866,15.859995876587686,16.762662741990535,16.385611127467868,15.590481824481886,1187.0269756044588,900.9089484057967,615.3321620109831,370.1598014210512,198.06994806266633,133.78939822449107,1509.6419273250804,1818.9142728014638,2107.0478490780747,2430.3867986807436,2788.3039566138823,-0.3116056714586795,-0.08676136993296057,0.1744705749641539,-0.5072662695288344,-0.6685702306645334,0.23717948717948717,2066.7409252656594,2919.475369671083,3341.6993889857363,3386.69275151626,242.92767989834908,518.8900756835938,-1868.004327392578,-4842.97412109375,1924.1736741855952,1373.2638244628906,-1469.5247901295074,0.07407407404663922,4.598149396642761,-1474.2318115234375,1017.7016432496866,0.14814814809327848,-2.3982756279557105,1379.6571807861328,-179.91549022090658,0.07407407404663922,2.728694771096862,-1363.8297119140625,597.7416044541615,0.03703703702331962,-0.5897684063689681,46.19495548277655,-21.592787061723918,64.75567192842232,-4.013235875790748,2.5472219345918745,-0.012971934591873957,0.15446628495755554,-0.12062154811545028,0.050195090721779856,0.014054909278220146,0.580412346488302,-0.4185202412251441,0.06936868857853273,0.0003023640530462196,12096.286370070302,622.9769151928558,1.6338724794034398,-0.042552742561334345,0.19675395088827408,-0.023127898256695145,13.739753977323481,-0.33591581942874527,22.082523280063697,3.1393735620415697
Z-04,2180.0,569,193,0.9940492237197698,38.519368421052626,58.365753947368425,2.5511605263157895,0.10075526315789472,0.04572894736842105,0.3114078947368421,0.061842105263157886,13345.157024999999,1.568694736842105,0.15724526315789475,12.949662631578947,28.46965,1,0.03703703702331961,11226.957024769254,-345.9267272949219,518.8900756835938,1037.7801513671875,1210.7435302734375,1037.7801513671875,691.8534545898438,-1556.6702880859375,-3113.340576171875,-4842.97412109375,-6918.53466796875,-8994.0947265625,3987.082931496357,-1010.7790528725736,11.525053053364438,2974.0611231545,2163.6814177783817,1408.8348934954608,1059.0946239874565,1362.6050019900651,4995.619228899647,6137.465393308495,7243.7552131654775,8626.72396348475,9837.997761299706,19.586134698984026,23.360414760482822,34.16710037435116,50.592136927323644,62.66515618904531,54.50393880643579,17.711587136209566,16.528377168867866,15.859995876587686,16.762662741990535,16.385611127467868,900.9089484057967,615.3321620109831,370.1598014210512,198.06994806266633,133.78939822449107,184.56784212387507,1187.0269756044588,1509.6419273250804,1818.9142728014638,2107.0478490780747,2430.3867986807436,-0.08676136993296057,0.1744705749641539,0.47963131828961275,-0.3116056714586795,-0.5072662695288344,0.24038461538461536,2063.5498172832663,2912.2111347528125,3336.7129985575943,3335.838411600578,243.51417864106642,1037.7801513671875,-691.8534729003907,-3113.340576171875,1495.9081284021238,896.1460876464844,-1607.0172592848821,0.14814814809327845,5.634841520418377,-1258.6684875488281,1036.1467676907691,0.14814814809327845,-2.1429768681307166,1230.9922790527344,-237.69638195280777,0.14814814809327845,2.5580671774267323,-1028.4261779785156,464.0376170642335,0.03703703702331961,-1.7007352743225432,46.153839195305636,-7.6344707742530105,64.68592059632147,-6.320166648953041,2.547705460388311,0.0034550659274783513,0.15368384777753352,-0.0529285846196388,0.049983455091934914,-0.0042545077235138645,0.5816766233595843,-0.27026872862274215,0.06920246879362324,-0.007360363530465354,12110.884427643527,1234.272597356472,1.633132293414599,-0.06443755657249417,0.19634793256737382,-0.03910266940947907,13.736300378921833,-0.7866377473428852,22.14711066570294,6.322539334297062
Z-04,2182.0,569,193,0.9940492237197698,118.72183636363637,62.90522545454546,2.5423454545454547,0.4641727272727273,0.0001,1.0,0.07424545454545456,12324.266956363635,1.6126936363636362,0.1875481818181818,13.773769090909093,22.99192454545454,0,0.07407407404663922,11226.97021525573,518.8900756835938,1037.7801513671875,1210.7435302734375,1037.7801513671875,691.8534545898438,0.0,-345.9267272949219,-1556.6702880859375,-3113.340576171875,-4842.97412109375,-6918.53466796875,2974.0611231545,-911.7007568589877,5.731333937972877,2163.6814177783817,1408.8348934954608,1059.0946239874565,1362.6050019900651,1881.573793274918,3987.082931496357,4995.619228899647,6137.465393308495,7243.7552131654775,8626.72396348475,23.360414760482822,34.16710037435116,50.592136927323644,62.66515618904531,54.50393880643579,34.87326284382239,19.586134698984026,17.711587136209566,16.528377168867866,15.859995876587686,16.762662741990535,615.3321620109831,370.1598014210512,198.06994806266633,133.78939822449107,184.56784212387507,318.6214164548541,900.9089484057967,1187.0269756044588,1509.6419273250804,1818.9142728014638,2107.0478490780747,0.1744705749641539,0.47963131828961275,0.8593797752428035,-0.08676136993296057,-0.3116056714586795,0.24358974358974358,2060.152882393816,2904.6540283831982,3331.3904667985335,3283.790459315468,244.22198480743552,1210.7435302734375,172.96334838867188,-1556.6702880859375,1020.3372517311166,398.14227294921875,-1305.3876618529673,0.14814814809327848,20.323243174569807,-875.466796875,999.1705167750329,0.07407407404663922,-5.597499672873418,897.2147827148438,-122.96638715682866,0.14814814809327848,4.400039295322781,-862.4783020019531,472.8632587346283,-0.03703703702331961,-2.549405153651172,46.109657611340026,72.61217875229634,64.6174932603368,-1.7122678057913419,2.5481683498299788,-0.005822895284524066,0.1529106767342432,0.3112620505384841,0.049781958529792725,-0.04968195852979272,0.5830592715222167,0.4169407284777833,0.06904581146417232,0.005199643081282235,12125.13271364139,199.1342427222462,1.632405640435433,-0.01971200407179685,0.1959500991509886,-0.008401917332806791,13.732915800225634,0.040853290683459775,22.210197089604094,0.7817274558504472
Z-05,2178.0,398,199,0.7644587104753544,84.98172,75.8212395,2.6835949999999995,0.526125,0.008735,1.0,0.09215,10857.973862,1.756099,0.25709600000000005,15.0199085,14.593830999999998,0,0.18518518511659807,12176.174982187198,-1485.34912109375,-945.22216796875,-675.15869140625,-405.09521484375,-0.0,540.126953125,-2025.47607421875,-2835.66650390625,-3645.85693359375,-4321.015625,-4591.0791015625,3415.4717522535775,-126.8899018509901,2.299412173245781,3052.7904706596073,3187.6109224291517,3211.5618417096694,3622.8435221256564,3859.396339531976,3306.5702743615875,3889.2865328127555,3890.80539878971,4391.308459381912,5433.530662306526,13.70711276122582,9.409665991763998,7.493248490013273,8.491857770276631,10.619036269279743,12.263912127578322,14.60592897723783,22.07364541479376,22.863775282065507,36.64730279751612,69.62877197865606,922.5240673118566,995.1989140258752,1164.475186908769,1102.0845989571317,1111.7497086886224,1102.0590506618146,865.1933344404885,827.8142705805346,813.7022901870719,725.3922914235703,651.160059734082,-0.4348861018330277,-0.3096237802253563,-0.21180590986256817,-0.6125576484547205,-0.7290934195439187,0.23717948717948717,2063.27497143924,1401.2026530246385,2037.4327381378707,2856.849734984682,565.903293500892,-675.15869140625,-1593.37451171875,-2835.66650390625,775.2280171109128,257.859130859375,-642.2842578672307,0.0,-3.6699278465309586,-315.3704833984375,-220.9940582327813,0.03703703702331962,-0.7247140443094313,663.3460083007812,-475.1626647907524,-0.03703703702331962,-4.591853231016534,-915.4462890625,63.641513243304416,0.03703703702331962,0.640007846289345,46.19495548277655,38.786764517223446,64.75567192842232,11.065567571577688,2.5472219345918745,0.136373065408125,0.15446628495755554,0.3716587150424444,0.050195090721779856,-0.041460090721779856,0.580412346488302,0.419587653511698,0.06936868857853273,0.022781311421467262,12096.286370070302,-1238.3125080703012,1.6338724794034398,0.12222652059656025,0.19675395088827408,0.06034204911172597,13.739753977323481,1.2801545226765185,22.082523280063697,-7.488692280063699
Z-05,2180.0,398,199,0.7644587104753544,82.62571666666668,70.89055666666665,2.594203333333333,0.44109666666666664,0.013163333333333334,1.0,0.08368333333333335,11193.439525,1.6977273333333334,0.23301900000000003,14.553854,16.953031666666668,0,0.14814814809327845,12176.109784915838,-945.22216796875,-675.15869140625,-405.09521484375,-0.0,540.126953125,1350.3173828125,-1485.34912109375,-2025.47607421875,-2835.66650390625,-3645.85693359375,-4321.015625,3052.7904706596073,-113.93041491221288,3.2296445438915673,3187.6109224291517,3211.5618417096694,3622.8435221256564,3859.396339531976,4451.0803191685045,3415.4717522535775,3306.5702743615875,3889.2865328127555,3890.80539878971,4391.308459381912,9.409665991763998,7.493248490013273,8.491857770276631,10.619036269279743,12.263912127578322,15.31202177203876,13.70711276122582,14.60592897723783,22.07364541479376,22.863775282065507,36.64730279751612,995.1989140258752,1164.475186908769,1102.0845989571317,1111.7497086886224,1102.0590506618146,1137.494124739474,922.5240673118566,865.1933344404885,827.8142705805346,813.7022901870719,725.3922914235703,-0.3096237802253563,-0.21180590986256817,-0.12613579817685577,-0.4348861018330277,-0.6125576484547205,0.24038461538461536,2071.8387954362847,1408.5524510127952,2045.402639245893,2915.074084890785,571.1704850275254,-405.09521484375,-1107.26025390625,-2025.47607421875,581.7345318707075,-9.49224853515625,-651.2776607737428,0.0,-5.468947077085268,-439.94677734375,336.7576900712088,0.03703703702331962,2.4946283707582193,397.2200927734375,-50.20831552153277,-0.037037037023319605,-3.758545091234417,-890.6802978515625,584.5920322401103,0.03703703702331962,4.0152907676922815,46.153839195305636,36.47187747136104,64.68592059632147,6.204636070345188,2.547705460388311,0.046497872945022056,0.15368384777753352,0.2874128188891331,0.049983455091934914,-0.03682012175860158,0.5816766233595843,0.41832337664041574,0.06920246879362324,0.014480864539710106,12110.884427643527,-917.4449026435268,1.633132293414599,0.06459503991873428,0.19634793256737382,0.036671067432626214,13.736300378921833,0.8175536210781669,22.14711066570294,-5.194078999036272
Z-05,2182.0,398,199,0.7644587104753544,101.57581666666667,76.629626,2.6246566666666657,0.4871,0.02509333333333334,0.9485233333333334,0.10301,10521.295529333333,1.7672996666666667,0.259975,14.596545,14.007967333333335,0,0.11111111106995884,12176.044587644477,-675.15869140625,-405.09521484375,-0.0,540.126953125,1350.3173828125,2430.5712890625,-945.22216796875,-1485.34912109375,-2025.47607421875,-2835.66650390625,-3645.85693359375,3187.6109224291517,79.38568552503102,4.721149161703024,3211.5618417096694,3622.8435221256564,3859.396339531976,4451.0803191685045,4847.326421336278,3052.7904706596073,3415.4717522535775,3306.5702743615875,3889.2865328127555,3890.80539878971,7.493248490013273,8.491857770276631,10.619036269279743,12.263912127578322,15.31202177203876,17.30702729597556,9.409665991763998,13.70711276122582,14.60592897723783,22.07364541479376,22.863775282065507,1164.475186908769,1102.0845989571317,1111.7497086886224,1102.0590506618146,1137.494124739474,1165.1746489783511,995.1989140258752,922.5240673118566,865.1933344404885,827.8142705805346,813.7022901870719,-0.21180590986256817,-0.12613579817685577,-0.0,-0.3096237802253563,-0.4348861018330277,0.24358974358974358,2080.194376562127,1415.76385083112,2053.1725923527933,2972.6806204732115,576.3136092789013,-0.0,-702.1650390625,-1485.34912109375,500.8931302415741,-279.55572509765625,-473.7594784984426,0.0,-2.7119870954322103,-294.45953369140625,96.968621545529,0.037037037023319605,3.1045039954196048,264.1571350097656,-269.42510532882625,-0.03703703702331962,-1.8105003667758597,-737.073974609375,243.8005438889968,0.037037037023319605,3.140314019700363,46.109657611340026,55.46615905532664,64.6174932603368,12.012132739663201,2.5481683498299788,0.076488316836687,0.1529106767342432,0.3341893232657568,0.049781958529792725,-0.024688625196459386,0.5830592715222167,0.3654640618111167,0.06904581146417232,0.03396418853582768,12125.13271364139,-1603.8371843080567,1.632405640435433,0.1348940262312337,0.1959500991509886,0.06402490084901141,13.732915800225634,0.8636291997743673,22.210197089604094,-8.202229756270759
Z-05,2184.0,398,199,0.7644587104753544,43.63193870967741,68.13482903225807,2.5458709677419358,0.1663838709677419,0.06208709677419355,0.3595967741935484,0.08869677419354839,11417.707308064513,1.667821935483871,0.21785612903225807,14.177598709677417,18.596765483870968,1,0.07407407404663922,12175.979390373119,-405.09521484375,-0.0,540.126953125,1350.3173828125,2430.5712890625,3645.85693359375,-675.15869140625,-945.22216796875,-1485.34912109375,-2025.47607421875,-2835.66650390625,3211.5618417096694,217.6162998482523,7.927561871356693,3622.8435221256564,3859.396339531976,4451.0803191685045,4847.326421336278,5388.125316785164,3187.6109224291517,3052.7904706596073,3415.4717522535775,3306.5702743615875,3889.2865328127555,8.491857770276631,10.619036269279743,12.263912127578322,15.31202177203876,17.30702729597556,18.71155495968279,7.493248490013273,9.409665991763998,13.70711276122582,14.60592897723783,22.07364541479376,1102.0845989571317,1111.7497086886224,1102.0590506618146,1137.494124739474,1165.1746489783511,1245.6118987513287,1164.475186908769,995.1989140258752,922.5240673118566,865.1933344404885,827.8142705805346,-0.12613579817685577,-0.0,0.13995048844944996,-0.21180590986256817,-0.3096237802253563,0.24679487179487178,2088.3408673419585,1422.836072760226,2060.741745610757,3029.61023840656,581.3305556127746,540.126953125,-297.06982421875,-945.22216796875,522.2779071864994,-413.2314453125,-337.0441161434155,0.0,-0.5616606724757132,-148.97235107421875,385.85746297626974,0.03703703702331962,1.9587702791925885,268.0946960449219,154.15446498160327,-0.03703703702331961,0.14759496897041835,-583.4676513671875,607.6489000853167,0.03703703702331962,3.975477805623578,46.062410730880174,-2.4304720212027675,64.5503899204682,3.5844391117898624,2.548610602916881,-0.002739635174945132,0.15214677182768277,0.014237099140059134,0.04959060103535151,0.01249649573884204,0.5845602909761993,-0.22496351678265092,0.06889871659018088,0.019798057603367517,12139.03122806386,-721.3239199993477,1.6316925204659452,0.03612941501792588,0.19556045063911842,0.022295678393139645,13.729600241234891,0.4479984684425258,22.271782551766933,-3.675017067895965
Z-05,2186.0,398,199,0.7644587104753544,43.04184333333333,62.25869,2.654036666666666,0.15226,0.01728,0.7669066666666666,0.04165333333333333,13042.783585333334,1.6072330000000001,0.18242899999999995,14.147828,25.09113233333333,1,0.07407407404663922,12175.979390373119,-0.0,540.126953125,1350.3173828125,2430.5712890625,3645.85693359375,4861.142578125,-405.09521484375,-675.15869140625,-945.22216796875,-1485.34912109375,-2025.47607421875,3622.8435221256564,323.91724891115337,50.0,3859.396339531976,4451.0803191685045,4847.326421336278,5388.125316785164,5793.6902540636665,3211.5618417096694,3187.6109224291517,3052.7904706596073,3415.4717522535775,3306.5702743615875,10.619036269279743,12.263912127578322,15.31202177203876,17.30702729597556,18.71155495968279,20.30773136570311,8.491857770276631,7.493248490013273,9.409665991763998,13.70711276122582,14.60592897723783,1111.7497086886224,1102.0590506618146,1137.494124739474,1165.1746489783511,1245.6118987513287,1285.655369676595,1102.0845989571317,1164.475186908769,995.1989140258752,922.5240673118566,865.1933344404885,-0.0,0.13995048844944996,0.3033672182463664,-0.12613579817685577,-0.21180590986256817,0.25,2096.2774415960585,1429.7683531721245,2068.109270184755,3085.805211426998,586.2192664547376,1350.3173828125,162.0380859375,-675.15869140625,721.6306319741362,-545.5510864257812,-202.33991320509904,-0.03703703702331961,0.8670108012040156,-138.5168914794922,120.17298004158374,0.0,0.6218333147890949,274.00103759765625,-5.630113572563914,0.0,1.2857118679587618,-423.6697998046875,207.79387065539822,0.0,1.1133716231833723,46.012098553925625,-2.9702552205922927,64.48461057671568,-2.22592057671568,2.549032219649016,0.1050044470176501,0.15139213305785315,0.0008678669421468554,0.049409382608610386,-0.03212938260861038,0.5861796817215605,0.18072698494510608,0.06876118417164978,-0.027107850838316454,12152.57997091097,890.2036144223639,1.6309929335061355,-0.023759933506135367,0.1951789870317624,-0.012749987031762444,13.726353701949613,0.42147429805038783,22.33186705219157,2.7592652811417615
Z-05,2188.0,398,199,0.7644587104753544,34.25375,65.56479466666667,2.5769400000000005,0.12050666666666668,0.05299666666666667,0.37175666666666657,0.07226999999999999,11999.781750999999,1.640241,0.20335633333333336,14.199380333333334,20.895046333333333,1,0.11111111106995884,12176.044587644477,540.126953125,1350.3173828125,2430.5712890625,3645.85693359375,4861.142578125,5941.396484375,-0.0,-405.09521484375,-675.15869140625,-945.22216796875,-1485.34912109375,3859.396339531976,414.11839852142407,7.145109336650396,4451.0803191685045,4847.326421336278,5388.125316785164,5793.6902540636665,6253.37880655808,3622.8435221256564,3211.5618417096694,3187.6109224291517,3052.7904706596073,3415.4717522535775,12.263912127578322,15.31202177203876,17.30702729597556,18.71155495968279,20.30773136570311,21.47472835122495,10.619036269279743,8.491857770276631,7.493248490013273,9.409665991763998,13.70711276122582,1102.0590506618146,1137.494124739474,1165.1746489783511,1245.6118987513287,1285.655369676595,1349.4316686070645,1111.7497086886224,1102.0845989571317,1164.475186908769,995.1989140258752,922.5240673118566,0.13995048844944996,0.3033672182463664,0.5014232466451247,-0.0,-0.12613579817685577,0.2532051282051282,2104.0032945152657,1436.5599445268692,2075.2743602474766,3141.2091664108043,590.977738012342,2430.5712890625,783.18408203125,-405.09521484375,1011.9275223439952,-540.126953125,-20.469892716219874,-0.07407407404663924,2.64950550966212,13.94061279296875,485.1405213666176,0.0,2.417385421795087,555.877197265625,428.3310243369724,0.0,3.4664531733269968,-398.9036865234375,414.79659213484956,0.0,0.755228035316323,45.95872108047661,-11.70497108047661,64.42015522907911,1.144639437587557,2.549433200026387,0.027506799973613383,0.15064676042475522,-0.030140093758088543,0.04923830324957201,0.003758363417094658,0.5879174437582861,-0.21616077709161957,0.06863321420857815,0.0036367857914218343,12165.77894218266,-165.99719118266148,1.630306879556004,0.009934120443995997,0.1948057083289223,0.008550625004411061,13.72317618236979,0.47620415096354307,22.390450590878004,-1.4954042575446707
Z-05,2190.0,398,199,0.7644587104753544,30.430096666666667,67.38298,2.469576666666667,0.07063666666666667,0.08339666666666666,0.22836333333333336,0.09468333333333333,11198.20982566667,1.6590996666666669,0.21414733333333333,13.756622666666669,18.543366,1,0.14814814809327845,12176.109784915838,1350.3173828125,2430.5712890625,3645.85693359375,4861.142578125,5941.396484375,6481.5234375,540.126953125,-0.0,-405.09521484375,-675.15869140625,-945.22216796875,4451.0803191685045,493.96504090215103,3.2962770889857707,4847.326421336278,5388.125316785164,5793.6902540636665,6253.37880655808,6485.6235177202525,3859.396339531976,3622.8435221256564,3211.5618417096694,3187.6109224291517,3052.7904706596073,15.31202177203876,17.30702729597556,18.71155495968279,20.30773136570311,21.47472835122495,21.807148247824156,12.263912127578322,10.619036269279743,8.491857770276631,7.493248490013273,9.409665991763998,1137.494124739474,1165.1746489783511,1245.6118987513287,1285.655369676595,1349.4316686070645,1388.840258066833,1102.0590506618146,1111.7497086886224,1102.0845989571317,1164.475186908769,995.1989140258752,0.3033672182463664,0.5014232466451247,0.6766443593827255,0.13995048844944996,-0.0,0.2564102564102564,2111.5176427347196,1443.2101153718352,2082.236232976515,3195.7670679863295,595.6040209760456,3645.85693359375,1593.37451171875,-0.0,1313.0751736508794,-395.60296630859375,31.30699913360968,-0.07407407404663922,2.0320813524495254,173.368408203125,224.20271187317667,0.0,0.6797290622495975,704.6904296875,76.08409137494164,0.0,0.45934627215696544,-361.7545166015625,153.41704674753964,0.0,0.3475314464566228,45.90227831053289,-15.472181643866225,64.35702387755873,3.025956122441272,2.549813544048991,-0.08023687738232388,0.1499106539283881,-0.07927398726172143,0.049077362958235504,0.034319303708431156,0.5897735770863619,-0.36141024375302855,0.06851480670096421,0.026168526632369113,12178.628141878959,-980.4183162122881,1.6296343586155455,0.029465308051121353,0.19444061453059724,0.019706718802736084,13.720067682495426,0.03655498417124292,22.447533167826236,-3.9041671678262375
Z-05,2192.0,398,199,0.7644587104753544,71.74558666666665,70.44789966666667,2.623746666666667,0.32328000000000007,0.03408,0.7731766666666666,0.08575666666666668,11352.447041,1.6918489999999997,0.23144433333333328,14.790218000000001,17.169248999999997,1,0.18518518511659807,12176.174982187198,2430.5712890625,3645.85693359375,4861.142578125,5941.396484375,6481.5234375,6616.55517578125,1350.3173828125,540.126953125,-0.0,-405.09521484375,-675.15869140625,4847.326421336278,468.5224988083296,1.9943007232242955,5388.125316785164,5793.6902540636665,6253.37880655808,6485.6235177202525,6796.884172707372,4451.0803191685045,3859.396339531976,3622.8435221256564,3211.5618417096694,3187.6109224291517,17.30702729597556,18.71155495968279,20.30773136570311,21.47472835122495,21.807148247824156,23.019260102929508,15.31202177203876,12.263912127578322,10.619036269279743,8.491857770276631,7.493248490013273,1165.1746489783511,1245.6118987513287,1285.655369676595,1349.4316686070645,1388.840258066833,1416.6552942271398,1137.494124739474,1102.0590506618146,1111.7497086886224,1102.0845989571317,1164.475186908769,0.5014232466451247,0.6766443593827255,0.8390381734861078,0.3033672182463664,0.13995048844944996,0.2596153846153846,2118.819724405827,1449.7181503434324,2088.994128553614,3249.4252070443877,600.0962212060524,4861.142578125,2565.60302734375,540.126953125,1551.396559655136,-384.7547607421875,-2.0700959182368024,-0.07407407404663922,0.680333187294778,201.249755859375,360.50827117692097,0.0,-0.4645082976802364,720.440673828125,326.3347444842584,0.0,0.8307874778959246,-312.22216796875,272.04262788624055,0.0,-0.1592542387211182,45.84277024409471,25.902816422571945,64.29521652215442,6.1526831445122525,2.5501732517168296,0.07357341494983727,0.14918381356875265,0.1740961864312474,0.04892656173459997,-0.014846561734599972,0.5917480817058021,0.18142858496086456,0.06840596164881152,0.017350705017855156,12191.127569999895,-838.6805289998956,1.6289753706847652,0.06287362931523455,0.19408370563678723,0.03736062769654605,13.717028202326524,1.0731897976734768,22.503114783036267,-5.33386578303627
Z-05,2194.0,398,199,0.7644587104753544,23.09701666666667,67.21397799999998,2.4707166666666667,0.037706666666666666,0.09627000000000001,0.15009333333333333,0.10231000000000003,11257.624984333333,1.657884333333333,0.212667,13.696036666666664,18.879683666666665,1,0.22222222213991769,12176.240179458557,3645.85693359375,4861.142578125,5941.396484375,6481.5234375,6616.55517578125,5941.396484375,2430.5712890625,1350.3173828125,540.126953125,-0.0,-405.09521484375,5388.125316785164,473.1819163636942,1.4778688478567672,5793.6902540636665,6253.37880655808,6485.6235177202525,6796.884172707372,6939.472389316847,4847.326421336278,4451.0803191685045,3859.396339531976,3622.8435221256564,3211.5618417096694,18.71155495968279,20.30773136570311,21.47472835122495,21.807148247824156,23.019260102929508,23.539936009007917,17.30702729597556,15.31202177203876,12.263912127578322,10.619036269279743,8.491857770276631,1245.6118987513287,1285.655369676595,1349.4316686070645,1388.840258066833,1416.6552942271398,1430.289048003967,1165.1746489783511,1137.494124739474,1102.0590506618146,1111.7497086886224,1102.0845989571317,0.6766443593827255,0.8390381734861078,0.9501070308661295,0.5014232466451247,0.3033672182463664,0.26282051282051283,2125.9087992664217,1456.083350170975,2095.5473101657135,3302.1311935694625,604.4525004041554,5941.396484375,3645.85693359375,1350.3173828125,1642.7319960364464,-236.16259765625,125.58824442614514,-0.07407407404663924,1.6573808932415623,232.615966796875,269.90234814552696,0.0,0.14143764776362033,875.16015625,264.3043524239956,0.0,2.2082480850610757,-397.7216796875,-2.16760899763176,0.0,-1.156331433134465,45.78019688116183,-22.68318021449516,64.23473316286606,2.979244837133919,2.550512323029901,-0.07979565636323427,0.14846623934584624,-0.11075957267917957,0.04878589957866453,0.04748410042133548,0.5938409576165924,-0.4437476242832591,0.06830667905211829,0.034003320947881735,12203.277226545411,-945.6522422120779,1.628329915763663,0.029554417569670033,0.19373498164749225,0.01893201835250774,13.71405774186308,-0.01802107519641538,22.557195436507982,-3.677511769841317
Z-05,2196.0,398,199,0.7644587104753544,44.16873,67.275413,2.51143,0.1572966666666667,0.061660000000000006,0.48490666666666665,0.08683,11396.146394666666,1.6578523333333335,0.21361866666666668,13.99339733333333,18.885972666666667,1,0.2592592591632373,12176.305376729917,4861.142578125,5941.396484375,6481.5234375,6616.55517578125,5941.396484375,4726.11083984375,3645.85693359375,2430.5712890625,1350.3173828125,540.126953125,-0.0,5793.6902540636665,432.62674488645825,1.1918326694687078,6253.37880655808,6485.6235177202525,6796.884172707372,6939.472389316847,6946.076501884485,5388.125316785164,4847.326421336278,4451.0803191685045,3859.396339531976,3622.8435221256564,20.30773136570311,21.47472835122495,21.807148247824156,23.019260102929508,23.539936009007917,23.628634306413325,18.71155495968279,17.30702729597556,15.31202177203876,12.263912127578322,10.619036269279743,1285.655369676595,1349.4316686070645,1388.840258066833,1416.6552942271398,1430.289048003967,1428.960591303572,1245.6118987513287,1165.1746489783511,1137.494124739474,1102.0590506618146,1111.7497086886224,0.8390381734861078,0.9501070308661295,0.9993650122580406,0.6766443593827255,0.5014232466451247,0.266025641025641,2132.7841487091105,1462.3050316825434,2101.8950640076455,3353.833953267432,608.671076769779,6481.5234375,4672.09814453125,2430.5712890625,1483.137864869751,-87.57080078125,83.98860140265606,-0.07407407404663921,0.9611046170265531,402.49951171875,447.11445283036755,0.0,0.2900878651654111,755.87890625,279.7710483676601,0.0,0.9858108508664571,-341.998046875,129.75630840821304,0.0,-0.9457806920644636,45.71455822173448,-1.5458282217344816,64.1755737996939,3.099839200306107,2.5508307579882086,-0.039400757988208746,0.1477579312596724,0.009538735406994292,0.048655376490431834,0.013004623509568172,0.5960522048187613,-0.11114553815209466,0.06821695891088542,0.018613041089114588,12215.077111515566,-818.9307168488995,1.6276979938522373,0.030154339481096137,0.19339444256271232,0.020224224103954358,13.711156301105092,0.2822410322282387,22.609775128241722,-3.7238024615750547
Z-05,2198.0,398,199,0.7644587104753544,27.29272,71.360659,2.40768,0.05674666666666666,0.11932000000000002,0.15911666666666668,0.12840666666666667,10304.626447333334,1.7022966666666668,0.23606066666666667,13.570673333333332,15.288302666666665,1,0.2962962961865569,12176.370574001277,5941.396484375,6481.5234375,6616.55517578125,5941.396484375,4726.11083984375,2970.6982421875,4861.142578125,3645.85693359375,2430.5712890625,1350.3173828125,540.126953125,6253.37880655808,345.966631828293,1.0525067033316986,6485.6235177202525,6796.884172707372,6939.472389316847,6946.076501884485,7065.13444554392,5793.6902540636665,5388.125316785164,4847.326421336278,4451.0803191685045,3859.396339531976,21.47472835122495,21.807148247824156,23.019260102929508,23.539936009007917,23.628634306413325,25.12500457797682,20.30773136570311,18.71155495968279,17.30702729597556,15.31202177203876,12.263912127578322,1349.4316686070645,1388.840258066833,1416.6552942271398,1430.289048003967,1428.960591303572,1409.507385645359,1285.655369676595,1245.6118987513287,1165.1746489783511,1137.494124739474,1102.0590506618146,0.9501070308661295,0.9993650122580406,0.9734662631275287,0.8390381734861078,0.6766443593827255,0.2692307692307692,2139.445075847746,1468.3825278125742,2108.036699286258,3404.483727514339,612.7502256394483,6616.55517578125,5509.294921875,3645.85693359375,1118.0758394373931,-76.72216796875,35.868863346083344,-0.07407407404663921,0.24133308277129473,291.86376953125,266.9788099388634,0.0,-0.6913249296571493,360.62744140625,85.9978929194358,0.0,0.02906227290469232,-292.4658203125,-19.0337431902135,0.0,-0.9074284084121764,45.645854265812886,-18.353134265812887,64.1177384326378,7.242920567362205,2.551128556591749,-0.14344855659174893,0.14705888931022937,-0.0903122226435627,0.04853499246990012,0.0707850075300999,0.5983818233122804,-0.4392651566456137,0.06813680122511112,0.06026986544155555,12226.5272249103,-1921.900777576966,1.627079604950488,0.0752170617161787,0.19306208838244743,0.04299857828421924,13.708323880052554,-0.13765054671922172,22.660853858237033,-7.372551191570368
Z-05,2200.0,398,199,0.7644587104753544,27.255383333333334,67.78869033333334,2.460036666666667,0.060323333333333326,0.09860333333333335,0.17950000000000005,0.10826666666666668,11124.578701333334,1.6641053333333333,0.21585400000000002,13.660670333333336,18.410911333333335,1,0.3333333332098765,12176.435771272638,6481.5234375,6616.55517578125,5941.396484375,4726.11083984375,2970.6982421875,810.1904296875,5941.396484375,4861.142578125,3645.85693359375,2430.5712890625,1350.3173828125,6485.6235177202525,271.75268307464603,1.0006297664429986,6796.884172707372,6939.472389316847,6946.076501884485,7065.13444554392,6949.506591982519,6253.37880655808,5793.6902540636665,5388.125316785164,4847.326421336278,4451.0803191685045,21.807148247824156,23.019260102929508,23.539936009007917,23.628634306413325,25.12500457797682,25.916959870899237,21.47472835122495,20.30773136570311,18.71155495968279,17.30702729597556,15.31202177203876,1388.840258066833,1416.6552942271398,1430.289048003967,1428.960591303572,1409.507385645359,1365.0920677456277,1349.4316686070645,1285.655369676595,1245.6118987513287,1165.1746489783511,1137.494124739474,0.9993650122580406,0.9734662631275287,0.8561718455263627,0.9501070308661295,0.8390381734861078,0.2724358974358974,2145.8909055820523,1474.3151876110676,2113.971548225803,3454.0320761954736,616.6882801089891,6616.55517578125,5968.40283203125,4861.142578125,618.2035541750352,65.08984375,80.53661588990053,-0.07407407404663924,0.5651576461197472,444.3212890625,447.18602458330133,0.0,-0.05200772953043753,94.50146484375,165.36896895677637,0.0,0.8599679764027783,14.7470703125,124.735066016573,0.0,-0.2266727696193378,45.57408501339637,-18.318701680063036,64.06122706169754,3.7274632716357985,2.551405718840524,-0.09136905217385705,0.14636911349751625,-0.08604578016418292,0.048424747517070266,0.05017858581626308,0.6008298130971639,-0.42132981309716383,0.06806620599479629,0.040200460671870386,12237.627566729672,-1113.0488653963384,1.6264747490584153,0.037630584274918055,0.19273791910669757,0.023116080893302443,13.705560478705486,-0.044890145372150414,22.71043162649414,-4.299520293160807
Z-05,2202.0,398,199,0.7644587104753544,37.16853666666667,68.10482266666666,2.49482,0.13564333333333334,0.08059333333333334,0.37148999999999993,0.10228000000000001,11238.618061666668,1.667806,0.21735433333333332,13.840767999999999,18.511390666666667,1,0.37037037023319613,12176.500968543996,6616.55517578125,5941.396484375,4726.11083984375,2970.6982421875,810.1904296875,-1485.34912109375,6481.5234375,5941.396484375,4861.142578125,3645.85693359375,2430.5712890625,6796.884172707372,226.92443579829705,1.0272513827446577,6939.472389316847,6946.076501884485,7065.13444554392,6949.506591982519,6886.522702650059,6485.6235177202525,6253.37880655808,5793.6902540636665,5388.125316785164,4847.326421336278,23.019260102929508,23.539936009007917,23.628634306413325,25.12500457797682,25.916959870899237,26.858567400958147,21.807148247824156,21.47472835122495,20.30773136570311,18.71155495968279,17.30702729597556,1416.6552942271398,1430.289048003967,1428.960591303572,1409.507385645359,1365.0920677456277,1328.7967627754563,1388.840258066833,1349.4316686070645,1285.655369676595,1245.6118987513287,1165.1746489783511,0.9734662631275287,0.8561718455263627,0.6803982708527648,0.9993650122580406,0.9501070308661295,0.2756410256410256,2152.1209846603415,1480.1023762541724,2119.6989660744307,3502.431883044594,620.4836316377922,6616.55517578125,5941.396484375,4726.11083984375,667.0075834467299,66.44580078125,12.191449417262447,-0.07407407404663924,0.26533804945973216,309.28955078125,349.1997135002857,0.0,-0.7656857021550252,-451.53173828125,86.99837389543518,0.0,0.6979301353554668,162.16162109375,19.768315734224416,0.0,-0.7651493856899201,45.499250464485385,-8.330713797818717,64.00603968687358,4.098782979793086,2.5516622447345316,-0.05684224473453181,0.1456886038215348,-0.010045270488201474,0.0483246416319405,0.032268691701392835,0.6033961741733975,-0.2319061741733976,0.06800517321994182,0.03427482678005819,12248.378136973624,-1009.7600753069564,1.6258834261760207,0.04192257382397924,0.19242193473546276,0.024932398597870553,13.702866097063875,0.13790190293612348,22.75850843301305,-4.247117766346381
Z-05,2204.0,398,199,0.7644587104753544,38.42119666666667,67.30225866666667,2.5202500000000003,0.13811666666666664,0.06725666666666667,0.41136333333333336,0.08933666666666666,11432.475989666667,1.658390666666667,0.21354399999999998,14.022210333333335,18.968016666666667,1,0.40740740725651575,12176.566165815357,5941.396484375,4726.11083984375,2970.6982421875,810.1904296875,-1485.34912109375,-3510.8251953125,6616.55517578125,6481.5234375,5941.396484375,4861.142578125,3645.85693359375,6939.472389316847,74.59616458855635,1.167983170902983,6946.076501884485,7065.13444554392,6949.506591982519,6886.522702650059,6628.646039350376,6796.884172707372,6485.6235177202525,6253.37880655808,5793.6902540636665,5388.125316785164,23.539936009007917,23.628634306413325,25.12500457797682,25.916959870899237,26.858567400958147,27.573741956021244,23.019260102929508,21.807148247824156,21.47472835122495,20.30773136570311,18.71155495968279,1430.289048003967,1428.960591303572,1409.507385645359,1365.0920677456277,1328.7967627754563,1262.3418352568442,1416.6552942271398,1388.840258066833,1349.4316686070645,1285.655369676595,1245.6118987513287,0.8561718455263627,0.6803982708527648,0.42047191074933776,0.9734662631275287,0.9993650122580406,0.27884615384615385,2158.1346817403114,1485.74347505601,2125.2183311116214,3549.637363130094,624.1347306345268,6616.55517578125,5347.2568359375,2970.6982421875,1362.6836770715317,196.05322265625,85.13913676628454,-0.07407407404663924,1.1613141256574764,430.38037109375,379.7310411665794,0.0,-0.8905342464480483,-872.37744140625,-34.98281137590493,0.0,0.30680415186357024,554.8740234375,37.15461174384927,0.0,-0.5843969294430487,45.4213506190797,-7.0001539524130365,63.952176308165576,3.3500823585010977,2.5518981342737757,-0.03164813427377533,0.14501736028228418,-0.0069006936156175425,0.04823467481451349,0.019021991852153183,0.6060809065410098,-0.1947175732076764,0.06795370290054592,0.02138296376612074,12258.778935642214,-826.3029459755471,1.6253056363033025,0.03308503036336452,0.1921141352687421,0.02142986473125788,13.700240735127714,0.3219695982056212,22.805084277793753,-3.837067611127086
Z-05,2206.0,398,199,0.7644587104753544,53.33501666666666,64.836476,2.669353333333333,0.2229066666666667,0.01601333333333333,0.9428133333333332,0.051666666666666666,12615.362672333336,1.6336450000000002,0.19808466666666663,14.514799000000004,22.710500333333325,1,0.44444444427983537,12176.631363086717,4726.11083984375,2970.6982421875,810.1904296875,-1485.34912109375,-3510.8251953125,-5131.2060546875,5941.396484375,6616.55517578125,6481.5234375,5941.396484375,4861.142578125,6946.076501884485,62.83102811353683,1.4697179044075583,7065.13444554392,6949.506591982519,6886.522702650059,6628.646039350376,6497.253398566313,6939.472389316847,6796.884172707372,6485.6235177202525,6253.37880655808,5793.6902540636665,23.628634306413325,25.12500457797682,25.916959870899237,26.858567400958147,27.573741956021244,28.89873693725994,23.539936009007917,23.019260102929508,21.807148247824156,21.47472835122495,20.30773136570311,1428.960591303572,1409.507385645359,1365.0920677456277,1328.7967627754563,1262.3418352568442,1208.6216629028168,1430.289048003967,1416.6552942271398,1388.840258066833,1349.4316686070645,1285.655369676595,0.6803982708527648,0.42047191074933776,0.11658213349580705,0.8561718455263627,0.9734662631275287,0.28205128205128205,2163.931387447927,1491.237881481609,2130.5290446564304,3595.604072168153,627.6400870237323,6616.55517578125,4212.990234375,810.1904296875,2104.763229106181,47.4609375,3.0872695421430763,-0.07407407404663924,0.7296224785805272,399.01416015625,551.5279461627806,0.0,0.19146711854738285,-1301.097900390625,65.02158929227517,0.0,1.1759220065817324,781.5966796875,151.41279045168085,0.0,0.20029851641263008,45.34038547717978,7.994631189486881,63.899636925573645,0.9368390744263593,2.5521133874582524,0.11723994587508058,0.14435538287976435,0.07855128378690235,0.048154847064787454,-0.03214151373145412,0.6088840101999864,0.3339293231333468,0.06791179503660949,-0.016245128369942824,12268.829962735384,346.5327095979519,1.6247413794402608,0.008903620559739478,0.19181452070653737,0.006270145960129259,13.697684392897017,0.8171146071029867,22.850159160836256,-0.1396588275029309
Z-05,2208.0,398,199,0.7644587104753544,50.60393333333333,64.90068666666669,2.658416666666666,0.20763333333333336,0.026926666666666665,0.8434166666666667,0.06014,12521.354035666665,1.633827,0.1989946666666667,14.540945333333335,22.31071166666667,1,0.481481481303155,12176.696560358076,2970.6982421875,810.1904296875,-1485.34912109375,-3510.8251953125,-5131.2060546875,-5941.396484375,4726.11083984375,5941.396484375,6616.55517578125,6481.5234375,5941.396484375,7065.13444554392,1.7150450490171352,2.3782594296195807,6949.506591982519,6886.522702650059,6628.646039350376,6497.253398566313,6193.520139990354,6946.076501884485,6939.472389316847,6796.884172707372,6485.6235177202525,6253.37880655808,25.12500457797682,25.916959870899237,26.858567400958147,27.573741956021244,28.89873693725994,29.433804689117327,23.628634306413325,23.539936009007917,23.019260102929508,21.807148247824156,21.47472835122495,1409.507385645359,1365.0920677456277,1328.7967627754563,1262.3418352568442,1208.6216629028168,1141.6010309084577,1428.960591303572,1430.289048003967,1416.6552942271398,1388.840258066833,1349.4316686070645,0.42047191074933776,0.11658213349580705,-0.21568870891451086,0.6803982708527648,0.8561718455263627,0.28525641025641024,2169.510514434322,1496.5850091607526,2135.6305310763955,3640.2889173730987,630.9982707927473,5941.396484375,2592.609375,-1485.34912109375,2672.6734775639857,29.832763671875,-175.10002866247214,-0.07407407404663924,-0.5959722051984961,353.70703125,458.5920011250928,0.0,-0.2957657504394824,-1600.693115234375,-203.96000593755798,0.0,-0.018218340173362435,983.55322265625,-48.293138537247614,0.0,-1.0691847847898117,45.25635503878493,5.3475782945483985,63.8484215390979,1.0522651275687878,2.552308004287964,0.10610866237870242,0.14370267161397532,0.06393066171935805,0.04808515838276328,-0.021158491716096618,0.6118054851503132,0.23161118151635351,0.06787944962813341,-0.007739449628133416,12278.531218253192,242.82281741347288,1.6241906555868955,0.009636344413104458,0.19152309104884768,0.007471575617819026,13.695197070371776,0.8457482629615587,22.893733082140443,-0.5830214154737732
Z-05,2210.0,398,199,0.7644587104753544,38.00189666666667,63.61049500000001,2.6099666666666663,0.13020333333333334,0.03723666666666667,0.6528366666666667,0.05807000000000002,12566.343377,1.6209313333333335,0.19075733333333336,14.06456566666667,23.362614333333337,1,0.5185185183264746,12176.761757629436,810.1904296875,-1485.34912109375,-3510.8251953125,-5131.2060546875,-5941.396484375,-6076.42822265625,2970.6982421875,4726.11083984375,5941.396484375,6616.55517578125,6481.5234375,6949.506591982519,-89.30587144693072,8.577428259727807,6886.522702650059,6628.646039350376,6497.253398566313,6193.520139990354,6095.6119381910585,7065.13444554392,6946.076501884485,6939.472389316847,6796.884172707372,6485.6235177202525,25.916959870899237,26.858567400958147,27.573741956021244,28.89873693725994,29.433804689117327,31.38058705024642,25.12500457797682,23.628634306413325,23.539936009007917,23.019260102929508,21.807148247824156,1365.0920677456277,1328.7967627754563,1262.3418352568442,1208.6216629028168,1141.6010309084577,1088.1450205175086,1409.507385645359,1428.960591303572,1430.289048003967,1416.6552942271398,1388.840258066833,0.11658213349580705,-0.21568870891451086,-0.5296429350582613,0.42047191074933776,0.6803982708527648,0.28846153846153844,2174.87149743075,1501.7842879026593,2140.522237796969,3683.650169582367,634.2079125184733,4726.11083984375,702.1650390625,-3510.8251953125,2962.5852596051486,144.52398681640625,-145.0107857328885,-0.07407407404663918,0.1758387697612136,159.42779541015625,610.3219574129698,0.0,-0.11747199546413611,-1632.1935424804688,-117.99929398700624,-0.07407407404663918,0.041290778268688655,1166.935302734375,113.3838708911253,0.0,-0.46704788628239413,45.16925930389584,-7.167362637229175,63.79853014873811,-0.188035148738102,2.552481984762908,0.05748468190375844,0.1430592264849171,-0.012855893151583753,0.0480256087684392,-0.01078894210177253,0.6148453313920044,0.03799133527466236,0.0678566666751168,-0.009786666675116788,12287.882702195551,278.460674804448,1.6236534647432084,-0.002722131409874873,0.19123984629567303,-0.00048251296233967067,13.692778767552,0.3717868991146709,22.935806041706428,0.4268082916269087
Z-05,2212.0,398,199,0.7644587104753544,50.439519999999995,67.60595566666666,2.5718833333333326,0.20381333333333335,0.04879000000000001,0.6400866666666667,0.08138333333333334,11639.142503000003,1.662516333333333,0.21450066666666665,14.243721666666666,19.342591000000002,1,0.481481481303155,12176.696560358076,-1485.34912109375,-3510.8251953125,-5131.2060546875,-5941.396484375,-6076.42822265625,-5266.23779296875,810.1904296875,2970.6982421875,4726.11083984375,5941.396484375,6616.55517578125,6886.522702650059,-160.43027631607174,4.636242159917982,6628.646039350376,6497.253398566313,6193.520139990354,6095.6119381910585,6008.641121561886,6949.506591982519,7065.13444554392,6946.076501884485,6939.472389316847,6796.884172707372,26.858567400958147,27.573741956021244,28.89873693725994,29.433804689117327,31.38058705024642,33.003717273207485,25.916959870899237,25.12500457797682,23.628634306413325,23.539936009007917,23.019260102929508,1328.7967627754563,1262.3418352568442,1208.6216629028168,1141.6010309084577,1088.1450205175086,1045.9112554295307,1365.0920677456277,1409.507385645359,1428.960591303572,1430.289048003967,1416.6552942271398,-0.21568870891451086,-0.5296429350582613,-0.7897478131938286,0.11658213349580705,0.42047191074933776,0.29166666666666663,2180.0137933015467,1506.8351637113337,2145.203635311406,3725.6474764179356,637.2677038735162,2970.6982421875,-1269.29833984375,-5131.2060546875,2908.1711208276347,121.471435546875,-193.15570566824044,-0.07407407404663924,0.25707929434009813,100.18017578125,419.5864840088898,0.0,-1.095214749804306,-1391.661865234375,-290.9582950813965,-0.07407407404663924,-0.1487669062135879,1202.902587890625,10.306144269280594,0.0,-0.3242892457757307,45.07909827251183,5.360421727488166,63.749962754494504,3.8559929121721552,2.5526353288830883,0.019248004450244327,0.14242504749259055,0.061388285840742796,0.04797619822181698,0.0008138017781830278,0.6180035489250457,0.022083117741620972,0.06784344617756055,0.013539887155772784,12296.884414562577,-657.7419115625744,1.6231298069091995,0.03938652642413354,0.19096478644701342,0.02353588021965322,13.690429484437672,0.5532921822289936,22.976378039534325,-3.6337870395343224
Z-05,2214.0,398,199,0.7644587104753544,56.20370666666667,65.83929766666667,2.6579433333333333,0.24501000000000003,0.026463333333333332,0.8206166666666668,0.06564666666666667,12498.145001333332,1.646351333333333,0.20161300000000001,14.183701666666668,22.761492666666662,1,0.44444444427983537,12176.631363086717,-3510.8251953125,-5131.2060546875,-5941.396484375,-6076.42822265625,-5266.23779296875,-3645.85693359375,-1485.34912109375,810.1904296875,2970.6982421875,4726.11083984375,5941.396484375,6628.646039350376,-194.63465204187287,1.8880494656024365,6497.253398566313,6193.520139990354,6095.6119381910585,6008.641121561886,5931.423271508017,6886.522702650059,6949.506591982519,7065.13444554392,6946.076501884485,6939.472389316847,27.573741956021244,28.89873693725994,29.433804689117327,31.38058705024642,33.003717273207485,33.6021479203093,26.858567400958147,25.916959870899237,25.12500457797682,23.628634306413325,23.539936009007917,1262.3418352568442,1208.6216629028168,1141.6010309084577,1088.1450205175086,1045.9112554295307,1023.2350241467938,1328.7967627754563,1365.0920677456277,1409.507385645359,1428.960591303572,1430.289048003967,-0.5296429350582613,-0.7897478131938286,-0.9592895266598254,-0.21568870891451086,0.11658213349580705,0.2948717948717949,2184.936881095078,1511.7370988014886,2149.6742171909336,3766.241876268203,640.1763981112545,810.1904296875,-3051.71728515625,-5941.396484375,2459.8024275754487,237.5185546875,-269.6622783349212,-0.07407407404663924,-0.060281948300417554,-90.614013671875,633.5405683054369,0.0,-0.33824516359792867,-1147.1923828125,-83.68241370662963,-0.07407407404663924,1.123780993634096,968.806396484375,170.92610600584885,0.0,0.23207962962620599,44.98587194463357,11.217834722033096,63.702719356366856,2.136578310299811,2.5527680366485015,0.10517529668483183,0.1418001346369948,0.10320986536300522,0.047936926742896624,-0.021473593409563292,0.6212801377494515,0.19933652891721532,0.06783978813546288,-0.0021931214687962025,12305.536355354212,192.6086459791204,1.622619682084867,0.02373165124846599,0.19069791150286886,0.010915088497131159,13.688149221028809,0.49555244563785905,23.015449075623906,-0.2539564089572437
Z-05,2216.0,398,199,0.7644587104753544,37.902103333333336,66.67261633333334,2.5229766666666666,0.12581,0.06470666666666666,0.60726,0.08484666666666668,11568.398240999999,1.6516766666666665,0.20994400000000002,13.984798666666666,19.582437333333335,1,0.40740740725651575,12176.566165815357,-5131.2060546875,-5941.396484375,-6076.42822265625,-5266.23779296875,-3645.85693359375,-1350.3173828125,-3510.8251953125,-1485.34912109375,810.1904296875,2970.6982421875,4726.11083984375,6497.253398566313,-217.56294968001066,1.2662189464398772,6193.520139990354,6095.6119381910585,6008.641121561886,5931.423271508017,6081.2428989789905,6628.646039350376,6886.522702650059,6949.506591982519,7065.13444554392,6946.076501884485,28.89873693725994,29.433804689117327,31.38058705024642,33.003717273207485,33.6021479203093,34.20443640112001,27.573741956021244,26.858567400958147,25.916959870899237,25.12500457797682,23.628634306413325,1208.6216629028168,1141.6010309084577,1088.1450205175086,1045.9112554295307,1023.2350241467938,1039.8031555894481,1262.3418352568442,1328.7967627754563,1365.0920677456277,1409.507385645359,1428.960591303572,-0.7897478131938286,-0.9592895266598254,-0.9968498846203876,-0.5296429350582613,-0.21568870891451086,0.2980769230769231,2189.640262092678,1516.4895716149235,2153.933500095153,3805.3958128942204,642.9328105294376,-1485.34912109375,-4429.041015625,-6076.42822265625,1732.1998544296807,221.24609375,-212.63269125341503,-0.07407407404663924,1.1545730371109428,-270.95263671875,539.5351077954392,0.0,-0.39027671521809637,-622.81591796875,-254.89728468520298,-0.07407407404663924,0.0833908855246257,753.28466796875,-3.179621252794277,0.0,-0.41515027897880685,44.88958032026062,-6.987476986927284,63.65679995435528,3.0158163789780588,2.5528801080591492,-0.029903441392482577,0.141184487918129,-0.015374487918128982,0.047907794331677245,0.016798872334989418,0.6246750978652358,-0.017415097865235762,0.06784569254882378,0.017000974117842904,12313.838524570427,-745.4402835704277,1.6221230902702093,0.02955357639645717,0.19043922146324022,0.019504778536759804,13.685937977325409,0.2988606893412573,23.05301914997517,-3.470581816641836
Z-05,2218.0,398,199,0.7644587104753544,39.657226666666666,68.92353466666667,2.46851,0.12133666666666666,0.07754333333333333,0.5185966666666667,0.09695999999999999,10995.256036333336,1.677675666666667,0.2214766666666667,13.732318333333332,17.739946999999997,1,0.37037037023319613,12176.500968543996,-5941.396484375,-6076.42822265625,-5266.23779296875,-3645.85693359375,-1350.3173828125,1215.28564453125,-5131.2060546875,-3510.8251953125,-1485.34912109375,810.1904296875,2970.6982421875,6193.520139990354,-200.8207301876273,1.0424318862185953,6095.6119381910585,6008.641121561886,5931.423271508017,6081.2428989789905,6187.777449310141,6497.253398566313,6628.646039350376,6886.522702650059,6949.506591982519,7065.13444554392,29.433804689117327,31.38058705024642,33.003717273207485,33.6021479203093,34.20443640112001,32.96162063236443,28.89873693725994,27.573741956021244,26.858567400958147,25.916959870899237,25.12500457797682,1141.6010309084577,1088.1450205175086,1045.9112554295307,1023.2350241467938,1039.8031555894481,1077.7807117699535,1208.6216629028168,1262.3418352568442,1328.7967627754563,1365.0920677456277,1409.507385645359,-0.9592895266598254,-0.9968498846203876,-0.8764413975181511,-0.7897478131938286,-0.5296429350582613,0.30128205128205127,2194.123459855566,1521.092076837266,2157.981023782527,3843.0731504821088,645.5358189119318,-3510.8251953125,-5185.21875,-6076.42822265625,914.2356723158722,213.10986328125,-242.00282651426642,-0.07407407404663924,1.6197842041602257,-568.8974609375,700.9671752050854,0.0,0.3830422664711115,-86.62646484375,-157.80620590991475,-0.07407407404663924,0.48977891080821934,292.4658203125,148.13788063754782,0.0,0.7192884813688174,44.7902233993932,-5.132996732726532,63.612204548459886,5.311330118206783,2.5529715431150297,-0.08446154311502951,0.14057810733599574,-0.019241440669329077,0.04788880098815973,0.029654532345173595,0.6281884292723703,-0.10959176260570358,0.06786115941764592,0.02909884058235407,12321.79092221128,-1326.5348858779435,1.621640031465228,0.05603563520143906,0.19018871632812573,0.03128795033854098,13.683795753327452,0.048522580005879945,23.089088262588348,-5.3491412625883505
Z-05,2220.0,398,199,0.7644587104753544,44.825564516129035,63.43340193548388,2.5861451612903226,0.14103225806451614,0.04940322580645161,0.6576354838709677,0.07194838709677417,12530.69627612903,1.6192035483870966,0.18951225806451616,13.860242903225805,23.5940035483871,1,0.3333333332098765,12176.435771272638,-6076.42822265625,-5266.23779296875,-3645.85693359375,-1350.3173828125,1215.28564453125,3780.888671875,-5941.396484375,-5131.2060546875,-3510.8251953125,-1485.34912109375,810.1904296875,6095.6119381910585,-92.43950921423402,1.003154062645526,6008.641121561886,5931.423271508017,6081.2428989789905,6187.777449310141,6652.354954362914,6193.520139990354,6497.253398566313,6628.646039350376,6886.522702650059,6949.506591982519,31.38058705024642,33.003717273207485,33.6021479203093,34.20443640112001,32.96162063236443,32.324698739814096,29.433804689117327,28.89873693725994,27.573741956021244,26.858567400958147,25.916959870899237,1088.1450205175086,1045.9112554295307,1023.2350241467938,1039.8031555894481,1077.7807117699535,1170.0601035094219,1141.6010309084577,1208.6216629028168,1262.3418352568442,1328.7967627754563,1365.0920677456277,-0.9968498846203876,-0.8764413975181511,-0.6146662555978061,-0.9592895266598254,-0.7897478131938286,0.30448717948717946,2198.386020269706,1525.5441254149393,2161.8163511209195,3879.239188979694,647.9843639482622,-3645.85693359375,-5212.22509765625,-6076.42822265625,865.046661682031,348.1416015625,-334.7733779408363,-0.07407407404663924,1.3714628915775364,-572.38232421875,562.8434716887668,0.0,-0.7840787245695182,459.40673828125,-107.52198259857323,-0.07407407404663924,0.8950302202005034,3.82763671875,-6.721186719798425,0.0,-0.21606648644183934,44.68780118203108,0.13776333409795427,63.56893313868045,-0.13553120319657097,2.5530423418161448,0.033102819474177814,0.1399809928905924,0.0010512651739237322,0.04787994671234408,0.0015232790941075297,0.631820131970855,0.02581535190011275,0.06788618874192665,0.004062198354847529,12329.393548276741,201.30272785228954,1.6211705056699266,-0.0019669572828300286,0.18994639609752628,-0.000434138033010123,13.681722549034966,0.17852035419083911,23.123656413463436,0.47034713492366365
Z-05,2222.0,398,199,0.7644587104753544,36.22946333333333,60.99944266666666,2.5980166666666666,0.11528000000000001,0.0317,0.6366166666666667,0.05012333333333333,13014.548893333333,1.5942459999999998,0.17480700000000002,13.700816000000001,25.815199,1,0.2962962961865569,12176.370574001277,-5266.23779296875,-3645.85693359375,-1350.3173828125,1215.28564453125,3780.888671875,6076.42822265625,-6076.42822265625,-5941.396484375,-5131.2060546875,-3510.8251953125,-1485.34912109375,6008.641121561886,-82.09433334152072,1.1409701889898254,5931.423271508017,6081.2428989789905,6187.777449310141,6652.354954362914,7175.05866959551,6095.6119381910585,6193.520139990354,6497.253398566313,6628.646039350376,6886.522702650059,33.003717273207485,33.6021479203093,34.20443640112001,32.96162063236443,32.324698739814096,31.358448213610615,31.38058705024642,29.433804689117327,28.89873693725994,27.573741956021244,26.858567400958147,1045.9112554295307,1023.2350241467938,1039.8031555894481,1077.7807117699535,1170.0601035094219,1281.2921781860634,1088.1450205175086,1141.6010309084577,1208.6216629028168,1262.3418352568442,1328.7967627754563,-0.8764413975181511,-0.6146662555978061,-0.22204561780453536,-0.9968498846203876,-0.9592895266598254,0.3076923076923077,2202.427511588609,1529.845244572338,2165.4390680980478,3913.860679570222,650.2774496306228,-1350.3173828125,-4456.04736328125,-6076.42822265625,1777.0915517924052,492.666015625,-414.8046268440685,-0.07407407404663921,0.8041501303078107,-689.98876953125,554.8791146256444,0.0,-0.9686062392556352,1019.2216796875,-145.53399688062927,-0.07407407404663921,0.3345974702380161,-382.69287109375,-74.14795311881244,0.0,-0.6987557935184796,44.58231366817449,-8.352850334841165,63.526985725017084,-2.5275430583504246,2.5530925041624943,0.044924162504172305,0.13939314458192076,-0.02411314458192075,0.047881231504229405,-0.016181231504229406,0.6355702059607182,0.0010464607059484932,0.06792078052166772,-0.01779744718833439,12336.646402766812,677.902490566521,1.6207145128843017,-0.026468512884301854,0.189712260771441,-0.01490526077144097,13.679718364447936,0.02109763555206534,23.156723602600096,2.6584753973999042
Z-05,2224.0,398,199,0.7644587104753544,28.943833333333334,62.09339533333334,2.4917233333333337,0.06428,0.07288000000000004,0.26687333333333335,0.08316000000000003,12244.66161966667,1.6047246666666666,0.18225933333333338,13.367833666666666,23.42444133333333,1,0.2592592591632373,12176.305376729917,-3645.85693359375,-1350.3173828125,1215.28564453125,3780.888671875,6076.42822265625,7831.8408203125,-5266.23779296875,-6076.42822265625,-5941.396484375,-5131.2060546875,-3510.8251953125,5931.423271508017,36.300888708552066,1.6268860059929977,6081.2428989789905,6187.777449310141,6652.354954362914,7175.05866959551,7957.814707489541,6008.641121561886,6095.6119381910585,6193.520139990354,6497.253398566313,6628.646039350376,33.6021479203093,34.20443640112001,32.96162063236443,32.324698739814096,31.358448213610615,30.569706288978082,33.003717273207485,31.38058705024642,29.433804689117327,28.89873693725994,27.573741956021244,1023.2350241467938,1039.8031555894481,1077.7807117699535,1170.0601035094219,1281.2921781860634,1439.2896077510977,1045.9112554295307,1088.1450205175086,1141.6010309084577,1208.6216629028168,1262.3418352568442,-0.6146662555978061,-0.22204561780453536,0.19640041606610087,-0.8764413975181511,-0.9968498846203876,0.3108974358974359,2206.2475244740863,1533.9949778290552,2168.8487838318224,3946.9058401489774,652.4141436280509,1215.28564453125,-3024.7109375,-6076.42822265625,2664.747949521233,508.938232421875,-492.5460611520466,-0.07407407404663921,0.3748733148249599,-648.16650390625,642.1541417623866,0.0,-0.2740206761155477,1453.8486328125,-7.3077548995679535,-0.07407407404663921,0.46811335249293506,-732.064453125,-9.815363765475922,0.0,-0.011629752375569069,44.47376085782321,-15.529927524489874,63.4863623074699,-1.392966974136563,2.5531220301540785,-0.061398696820744725,0.13881456240997814,-0.07453456240997813,0.04789265536381482,0.024987344636185224,0.6394386512419317,-0.3725653179085983,0.06796493475686827,0.015195065243131758,12343.549485681491,-98.88786601482207,1.6202720531083514,-0.015547386441684852,0.18948631034987162,-0.0072269770165382385,13.677783199566363,-0.3099495328996973,23.188289829998666,0.23615150333466417
Z-05,2226.0,398,199,0.7644587104753544,87.12780333333333,66.28404266666668,2.6464833333333333,0.37303666666666674,0.010106666666666663,0.9587299999999999,0.06972666666666666,12216.843945333334,1.6484413333333334,0.20697966666666662,14.574751666666666,21.027091000000002,1,0.22222222213991769,12176.240179458557,-1350.3173828125,1215.28564453125,3780.888671875,6076.42822265625,7831.8408203125,8507.0,-3645.85693359375,-5266.23779296875,-6076.42822265625,-5941.396484375,-5131.2060546875,6081.2428989789905,128.17708890106178,4.503504813008295,6187.777449310141,6652.354954362914,7175.05866959551,7957.814707489541,8693.66426969562,5931.423271508017,6008.641121561886,6095.6119381910585,6193.520139990354,6497.253398566313,34.20443640112001,32.96162063236443,32.324698739814096,31.358448213610615,30.569706288978082,28.817622642533205,33.6021479203093,33.003717273207485,31.38058705024642,29.433804689117327,28.89873693725994,1039.8031555894481,1077.7807117699535,1170.0601035094219,1281.2921781860634,1439.2896077510977,1619.4732901468417,1023.2350241467938,1045.9112554295307,1088.1450205175086,1141.6010309084577,1208.6216629028168,-0.22204561780453536,0.19640041606610087,0.568351860485482,-0.6146662555978061,-0.8764413975181511,0.3141025641025641,2209.8456720349072,1537.99288501712,2172.0451305804418,3978.344370680965,654.3935776374902,3780.888671875,-1053.24755859375,-5266.23779296875,3258.0447067267064,395.60296630859375,-387.2588766812423,-0.07407407404663924,1.5452045958618115,-588.9190673828125,489.2488210127958,0.0,-1.0305905251269607,1624.3184204101562,-144.4596223739909,0.0,-1.0739804342235288,-1050.47802734375,-128.0112631460688,0.0,-0.2003322206135394,44.36214275097768,42.76566058235565,63.44706288603868,2.836979780627999,2.553130919790897,0.09335241354243617,0.1382452463747681,0.23479142029189864,0.047914218291102983,-0.03780755162443632,0.6434254678145237,0.31530453218547616,0.06801865144752828,0.0017080152191383813,12350.10279702075,-133.2588516874166,1.6198431263420776,0.028598206991255815,0.1892685448328182,0.01771112183384843,13.675917054390247,0.8988346122764188,23.21835509565892,-2.1912640956589193
Z-05,2228.0,398,199,0.7644587104753544,90.71517666666666,66.14710666666664,2.6281999999999996,0.3980666666666666,0.014566666666666665,0.8908066666666666,0.07816999999999999,12148.817960999999,1.6468699999999998,0.20629733333333336,14.479818666666665,20.941086666666667,1,0.2592592591632373,12176.305376729917,1215.28564453125,3780.888671875,6076.42822265625,7831.8408203125,8507.0,8101.904296875,-1350.3173828125,-3645.85693359375,-5266.23779296875,-6076.42822265625,-5941.396484375,6187.777449310141,285.55602769196184,5.0915475674253905,6652.354954362914,7175.05866959551,7957.814707489541,8693.66426969562,9480.80912962346,6081.2428989789905,5931.423271508017,6008.641121561886,6095.6119381910585,6193.520139990354,32.96162063236443,32.324698739814096,31.358448213610615,30.569706288978082,28.817622642533205,26.862590825934547,34.20443640112001,33.6021479203093,33.003717273207485,31.38058705024642,29.433804689117327,1077.7807117699535,1170.0601035094219,1281.2921781860634,1439.2896077510977,1619.4732901468417,1829.243223585607,1039.8031555894481,1023.2350241467938,1045.9112554295307,1088.1450205175086,1141.6010309084577,0.19640041606610087,0.568351860485482,0.8468798751286049,-0.22204561780453536,-0.6146662555978061,0.3173076923076923,2213.2215898633713,1541.8385422981646,2175.0277637522395,4008.1474683286083,656.214947711481,6076.42822265625,1215.28564453125,-3645.85693359375,3476.3789240400815,421.36767578125,-341.3287878928995,-0.07407407404663921,1.7850495431110076,-384.184326171875,646.24758328199,0.0,0.008438259792853842,1524.724609375,64.59303321498737,0.0,-0.5108053438723275,-1074.0623779296875,70.73656839489831,0.0,1.3436119769523671,44.24745934763723,46.46771731902943,63.409087460723526,2.738019205943118,2.5531191730729486,0.07508082692705109,0.13768519647628885,0.2603814701903778,0.047945920286092125,-0.03337925361942546,0.6475306556784659,0.24327601098820073,0.06808193059364687,0.010088069406353123,12356.306336784648,-207.48837578464918,1.6194277325854838,0.027442267414516053,0.1890589642202789,0.017238369113054458,13.674119928919595,0.8056987377470701,23.246919399580975,-2.3058327329143076
Z-05,2230.0,398,199,0.7644587104753544,92.10417000000001,60.81035966666666,2.688780000000001,0.38320333333333334,9.999999999999998e-05,1.0,0.061323333333333334,13484.889789333336,1.592080666666667,0.17395466666666662,14.215222666666666,26.72755166666667,1,0.2962962961865569,12176.370574001277,3780.888671875,6076.42822265625,7831.8408203125,8507.0,8101.904296875,6616.55517578125,1215.28564453125,-1350.3173828125,-3645.85693359375,-5266.23779296875,-6076.42822265625,6652.354954362914,493.64061014268464,1.759460134752513,7175.05866959551,7957.814707489541,8693.66426969562,9480.80912962346,10419.027725656173,6187.777449310141,6081.2428989789905,5931.423271508017,6008.641121561886,6095.6119381910585,32.324698739814096,31.358448213610615,30.569706288978082,28.817622642533205,26.862590825934547,25.710287100016004,32.96162063236443,34.20443640112001,33.6021479203093,33.003717273207485,31.38058705024642,1170.0601035094219,1281.2921781860634,1439.2896077510977,1619.4732901468417,1829.243223585607,2054.8197464019945,1077.7807117699535,1039.8031555894481,1023.2350241467938,1045.9112554295307,1088.1450205175086,0.568351860485482,0.8468798751286049,0.9841675351738727,0.19640041606610087,-0.22204561780453536,0.3205128205128205,2216.3749360697952,1545.531542180447,2177.7963619151737,4036.287842248295,657.8775145622398,7831.8408203125,3510.8251953125,-1350.3173828125,3293.2245049751264,310.744384765625,-337.04504253548566,-0.07407407404663921,1.163601132322583,-179.449462890625,483.59262904875413,0.0,-0.30834951994432913,1288.13037109375,26.357185642241348,0.0,-0.5015759160777193,-956.42333984375,-119.44035442045151,0.0,0.5950497224350357,44.12971064780231,47.9744593521977,63.372436031524444,-2.5620763648577807,2.5530867900002345,0.1356932099997663,0.1371344127145413,0.24606892061879204,0.04798776134878313,-0.04788776134878313,0.6517542148337441,0.34824578516625593,0.06815477219522581,-0.006831438861892476,12362.160104973154,1122.7296843601816,1.6190258718385664,-0.026945205171899467,0.18885756851225466,-0.01490290184558804,13.672391823154399,0.5428308435122666,23.273982741764712,3.4535689249019583
Z-05,2232.0,398,199,0.7644587104753544,74.27263,61.97287233333332,2.60805,0.29777000000000003,0.008603333333333333,0.9403666666666669,0.056166666666666656,12840.275274666667,1.6035513333333333,0.18146566666666666,13.972693666666666,24.647015666666668,1,0.3333333332098765,12176.435771272638,6076.42822265625,7831.8408203125,8507.0,8101.904296875,6616.55517578125,4185.98388671875,3780.888671875,1215.28564453125,-1350.3173828125,-3645.85693359375,-5266.23779296875,7175.05866959551,652.7298765633136,1.1807984706225791,7957.814707489541,8693.66426969562,9480.80912962346,10419.027725656173,11327.10066256774,6652.354954362914,6187.777449310141,6081.2428989789905,5931.423271508017,6008.641121561886,31.358448213610615,30.569706288978082,28.817622642533205,26.862590825934547,25.710287100016004,24.77341060172195,32.324698739814096,32.96162063236443,34.20443640112001,33.6021479203093,33.003717273207485,1281.2921781860634,1439.2896077510977,1619.4732901468417,1829.243223585607,2054.8197464019945,2275.7568552741905,1170.0601035094219,1077.7807117699535,1039.8031555894481,1023.2350241467938,1045.9112554295307,0.8468798751286049,0.9841675351738727,0.9785266493639696,0.568351860485482,0.19640041606610087,0.32371794871794873,2219.3053913148897,1549.0714935356705,2180.3506268059323,4062.739727963872,659.3806038419204,8507.0,5482.288671875,1215.28564453125,2687.911922585197,61.021484375,-374.05660440434986,-0.07407407404663924,-0.06565989619808477,156.83203125,620.7433080818955,0.0,0.3798117599506128,910.59814453125,179.22015505989293,0.0,-0.11537342666112593,-709.94384765625,-31.504276078158,0.0,0.7468887559880173,44.008896651472924,30.263733348527083,63.33710859844143,-1.3642362651081115,2.553033770572757,0.05501622942724316,0.13659289508952277,0.16117710491047726,0.04803974147917511,-0.03943640814584178,0.656096145280415,0.28427052138625186,0.06823717625226511,-0.012070509585598452,12367.66410158627,472.61117308039684,1.6186375441013237,-0.015086210767990327,0.18866435770874546,-0.007198691042078792,13.670732737094653,0.30196092957201337,23.29954512221036,1.347470544456307
Z-05,2234.0,398,199,0.7644587104753544,68.50952333333333,63.95757133333334,2.634346666666667,0.28489,0.027136666666666667,0.7309300000000001,0.07265333333333333,12563.325891666665,1.623457333333333,0.19392433333333334,14.384288333333332,22.792588333333338,1,0.37037037023319613,12176.500968543996,7831.8408203125,8507.0,8101.904296875,6616.55517578125,4185.98388671875,810.1904296875,6076.42822265625,3780.888671875,1215.28564453125,-1350.3173828125,-3645.85693359375,7957.814707489541,759.3028000500553,1.0160824733566118,8693.66426969562,9480.80912962346,10419.027725656173,11327.10066256774,12388.836741646788,7175.05866959551,6652.354954362914,6187.777449310141,6081.2428989789905,5931.423271508017,30.569706288978082,28.817622642533205,26.862590825934547,25.710287100016004,24.77341060172195,24.122913879419322,31.358448213610615,32.324698739814096,32.96162063236443,34.20443640112001,33.6021479203093,1439.2896077510977,1619.4732901468417,1829.243223585607,2054.8197464019945,2275.7568552741905,2522.4098097047154,1281.2921781860634,1170.0601035094219,1077.7807117699535,1039.8031555894481,1023.2350241467938,0.9841675351738727,0.9785266493639696,0.8545566748262682,0.8468798751286049,0.568351860485482,0.3269230769230769,2222.0126588399926,1552.4580216155186,2182.6902833385584,4087.4789012332944,660.7236063988531,8507.0,6859.61240234375,3780.888671875,1748.9608579210624,-330.51318359375,-432.71325268315104,-0.07407407404663924,-0.8271278428016444,340.65576171875,464.3642950573494,0.0,-0.12479732918968267,114.189453125,11.325525445769927,0.0,-1.462916061160481,-488.23095703125,-229.60126683874023,0.0,-0.29744239836732334,43.88501735864884,24.624505974684496,63.30310516147438,0.6544661718589637,2.552960114790512,0.08138655187615518,0.13606064360123593,0.14882935639876405,0.04810186067726807,-0.020965194010601405,0.6605564470184362,0.07037355298156389,0.06832914276476298,0.004324190568570349,12372.818326623994,190.50756504267156,1.6182627493737574,0.005194583959575727,0.18847933180975218,0.0054450015235811555,13.66914267074037,0.7151456625929615,23.323606540917808,-0.53101820758447
Z-05,2236.0,398,199,0.7644587104753544,36.64424,60.145519,2.5714499999999996,0.11753333333333334,0.04125666666666667,0.45155999999999996,0.06004666666666667,13039.187065,1.5856253333333334,0.16953400000000002,13.470190333333335,26.345117666666667,1,0.40740740725651575,12176.566165815357,8507.0,8101.904296875,6616.55517578125,4185.98388671875,810.1904296875,-2970.6982421875,7831.8408203125,6076.42822265625,3780.888671875,1215.28564453125,-1350.3173828125,8693.66426969562,761.4972110669592,1.0219402429880817,9480.80912962346,10419.027725656173,11327.10066256774,12388.836741646788,13157.405036619683,7957.814707489541,7175.05866959551,6652.354954362914,6187.777449310141,6081.2428989789905,28.817622642533205,26.862590825934547,25.710287100016004,24.77341060172195,24.122913879419322,22.74308159585448,30.569706288978082,31.358448213610615,32.324698739814096,32.96162063236443,34.20443640112001,1619.4732901468417,1829.243223585607,2054.8197464019945,2275.7568552741905,2522.4098097047154,2758.9611778759636,1439.2896077510977,1281.2921781860634,1170.0601035094219,1077.7807117699535,1039.8031555894481,0.9785266493639696,0.8545566748262682,0.6350442457518862,0.9841675351738727,0.8468798751286049,0.3301282051282051,2224.4964644952443,1555.690768067894,2184.8150796126165,4110.482691332422,661.9059785095915,8507.0,7426.745703125,6076.42822265625,923.7593317804751,-460.12158203125,-265.08673495468247,-0.07407407404663924,0.01362174132522398,635.115234375,515.7197682983206,0.0,0.17758982176769678,-560.9697265625,-13.737837707541985,0.0,-1.652323337195881,-33.603515625,-213.49843128881366,0.0,-0.24635349008354623,43.75807276933051,-7.113832769330507,63.27042572062351,-3.124906720623507,2.5528658226534997,0.018584177346499864,0.13553765824968078,-0.018004324916347444,0.04817411894306378,-0.006917452276397111,0.6651351200478217,-0.21357512004782175,0.06843067173272122,-0.008384005066054544,12377.622780086327,661.564284913673,1.617901487655871,-0.03227615432253761,0.18830249081527306,-0.018768490815273042,13.667621624091552,-0.19743129075821741,23.34616699788694,2.9989506687797274
Z-05,2238.0,398,199,0.7644587104753544,30.988220000000005,61.978247,2.5411200000000003,0.07677666666666667,0.05555999999999999,0.40271000000000007,0.06784666666666667,12503.734029666666,1.6035220000000001,0.18159366666666668,13.629101666666665,23.962407333333335,1,0.44444444427983537,12176.631363086717,8101.904296875,6616.55517578125,4185.98388671875,810.1904296875,-2970.6982421875,-6886.61865234375,8507.0,7831.8408203125,6076.42822265625,3780.888671875,1215.28564453125,9480.80912962346,862.6817279802763,1.1701925199381982,10419.027725656173,11327.10066256774,12388.836741646788,13157.405036619683,14204.610604202533,8693.66426969562,7957.814707489541,7175.05866959551,6652.354954362914,6187.777449310141,26.862590825934547,25.710287100016004,24.77341060172195,24.122913879419322,22.74308159585448,22.391703157369115,28.817622642533205,30.569706288978082,31.358448213610615,32.324698739814096,32.96162063236443,1829.243223585607,2054.8197464019945,2275.7568552741905,2522.4098097047154,2758.9611778759636,3001.827754349657,1619.4732901468417,1439.2896077510977,1281.2921781860634,1170.0601035094219,1077.7807117699535,0.8545566748262682,0.6350442457518862,0.36955415839522826,0.9785266493639696,0.9841675351738727,0.3333333333333333,2226.756556765574,1558.7693909527504,2186.7247869208004,4131.7299936868785,662.9272420866114,8507.0,7048.6568359375,4185.98388671875,1564.0383889418558,-736.96484375,-263.58365737739587,-0.07407407404663924,0.016687087381662025,763.1767578125,537.9319110021588,0.0,0.5799109354065273,-1114.8779296875,148.71227561166597,0.0,-0.41410836404314466,512.71484375,-122.87211976336403,0.0,0.4209743173662872,43.62806288351749,-12.639842883517481,63.23907027588871,-1.2608232758887041,2.552750894161722,-0.011630894161721805,0.13502393903485643,-0.05824727236818976,0.04825651627655958,0.007303483723440411,0.6698321643685574,-0.26712216436855735,0.06854176315613891,-0.0006950964894722467,12382.07746197327,121.65656769339694,1.6175537589476612,-0.014031758947661066,0.18813383472530898,-0.006540168058642298,13.66616959714819,-0.037067930481525124,23.36722649311787,0.5951808402154661
Z-05,2240.0,398,199,0.7644587104753544,56.936886666666666,58.972808,2.61502,0.19643333333333332,0.025026666666666673,0.7387866666666666,0.056453333333333335,13523.503567666667,1.5743186666666666,0.16163833333333333,13.457665333333333,28.25416133333333,1,0.481481481303155,12176.696560358076,6616.55517578125,4185.98388671875,810.1904296875,-2970.6982421875,-6886.61865234375,-10667.5078125,8101.904296875,8507.0,7831.8408203125,6076.42822265625,3780.888671875,10419.027725656173,923.1457664721402,1.5746863365735373,11327.10066256774,12388.836741646788,13157.405036619683,14204.610604202533,15009.603633510735,9480.80912962346,8693.66426969562,7957.814707489541,7175.05866959551,6652.354954362914,25.710287100016004,24.77341060172195,24.122913879419322,22.74308159585448,22.391703157369115,21.804703598596255,26.862590825934547,28.817622642533205,30.569706288978082,31.358448213610615,32.324698739814096,2054.8197464019945,2275.7568552741905,2522.4098097047154,2758.9611778759636,3001.827754349657,3214.357150493062,1829.243223585607,1619.4732901468417,1439.2896077510977,1281.2921781860634,1170.0601035094219,0.6350442457518862,0.36955415839522826,0.06539671600108556,0.8545566748262682,0.9785266493639696,0.3365384615384615,2228.792706794574,1561.6935647575028,2188.4191997559437,4151.201281789396,663.7869848615181,8507.0,5644.3267578125,810.1904296875,2852.2079698827933,-888.2685546875,-171.14083535853933,-0.07407407404663924,0.22834483021287966,863.35693359375,436.675337941595,0.0,0.2232470232386703,-1684.53662109375,23.505316629240042,0.0,-0.5738889579915742,1009.50146484375,-224.5151624663722,0.0,-0.00575821201801574,43.494987701209766,13.4418989654569,63.20903882727009,-4.2362308272700915,2.552615329315179,0.06240467068482092,0.134519485956762,0.061913847376571324,0.04834905267775724,-0.02332238601109057,0.6746475799806717,0.06413908668599488,0.0686624170350143,-0.012209083701680966,12386.182372284791,1137.3211953818754,1.617219563249126,-0.042900896582459325,0.18797336353986083,-0.0263350302065275,13.664786589910278,-0.20712125657694536,23.386785026610596,4.867376306722733
Z-05,2242.0,398,199,0.7644587104753544,25.36861,61.29639699999999,2.5434300000000003,0.056773333333333335,0.054906666666666666,0.3572833333333334,0.06399666666666667,12654.39490066667,1.5967843333333331,0.1772013333333333,13.536483666666667,24.723630000000004,1,0.5185185183264746,12176.761757629436,4185.98388671875,810.1904296875,-2970.6982421875,-6886.61865234375,-10667.5078125,-13773.2373046875,6616.55517578125,8101.904296875,8507.0,7831.8408203125,6076.42822265625,11327.10066256774,984.9045079953075,2.705947194067244,12388.836741646788,13157.405036619683,14204.610604202533,15009.603633510735,15840.633131201637,10419.027725656173,9480.80912962346,8693.66426969562,7957.814707489541,7175.05866959551,24.77341060172195,24.122913879419322,22.74308159585448,22.391703157369115,21.804703598596255,21.26103750883044,25.710287100016004,26.862590825934547,28.817622642533205,30.569706288978082,31.358448213610615,2275.7568552741905,2522.4098097047154,2758.9611778759636,3001.827754349657,3214.357150493062,3435.423712653466,2054.8197464019945,1829.243223585607,1619.4732901468417,1439.2896077510977,1281.2921781860634,0.36955415839522826,0.06539671600108556,-0.22578115666108042,0.6350442457518862,0.8545566748262682,0.33974358974358976,2230.604708406248,1564.4629804119743,2189.8981358174365,4168.878618346105,664.4848605436512,8101.904296875,3348.787109375,-2970.6982421875,4008.782802514013,-1185.452880859375,-229.70706085027268,-0.07407407404663918,-0.2754623673793688,800.6240234375,521.5762821410171,0.0,0.26381429284715097,-2130.97607421875,142.9177800615562,0.0,-0.30181338190238804,1462.94677734375,-27.452016489060043,0.0,0.5128669209102661,43.35884722240735,-17.990237222407348,63.180331374767434,-1.883934374767442,2.5524591281138687,-0.009029128113868357,0.13402429901539925,-0.07725096568206591,0.04845172814665677,0.006454938520009897,0.6795813668841362,-0.3222980335508028,0.06879263336935093,-0.004795966702684257,12389.937511020951,264.45738964571865,1.616898900560269,-0.02011456722693583,0.18782107725892594,-0.010619743925592645,13.66347260237783,-0.12698893571116265,23.404842598365235,1.3187874016347685
Z-05,2244.0,398,199,0.7644587104753544,45.434760000000004,57.877995666666656,2.6318233333333336,0.14308333333333334,0.03199,0.6295333333333334,0.054863333333333326,13884.543238999999,1.5640573333333332,0.15387966666666666,13.241310666666667,30.037938,1,0.5555555553497942,12176.826954900796,810.1904296875,-2970.6982421875,-6886.61865234375,-10667.5078125,-13773.2373046875,-16068.77734375,4185.98388671875,6616.55517578125,8101.904296875,8507.0,7831.8408203125,12388.836741646788,915.1521870259712,15.290921300161076,13157.405036619683,14204.610604202533,15009.603633510735,15840.633131201637,16567.29820344825,11327.10066256774,10419.027725656173,9480.80912962346,8693.66426969562,7957.814707489541,24.122913879419322,22.74308159585448,22.391703157369115,21.804703598596255,21.26103750883044,20.958166254898714,24.77341060172195,25.710287100016004,26.862590825934547,28.817622642533205,30.569706288978082,2522.4098097047154,2758.9611778759636,3001.827754349657,3214.357150493062,3435.423712653466,3618.8872198399076,2275.7568552741905,2054.8197464019945,1829.243223585607,1619.4732901468417,1439.2896077510977,0.06539671600108556,-0.22578115666108042,-0.4848151075415933,0.36955415839522826,0.6350442457518862,0.34294871794871795,2232.1923781245882,1567.0773453028119,2191.161436016995,4184.745665600786,665.0205889539792,6616.55517578125,351.08251953125,-6886.61865234375,4849.576102253198,-1082.9659729003906,-293.7579741608188,-0.14814814809327842,-0.5307264455278542,852.01220703125,346.09405361005156,0.0,-0.019428818365568645,-2317.1961669921875,-119.59258602640148,-0.07407407404663918,-0.826516843723617,1731.828369140625,-172.37304814815798,0.0,0.10930780942826956,43.21964144711046,2.2151185528895425,63.152947918380846,-5.27495225171419,2.5522822905577947,0.07954104277553897,0.1335383782107673,0.009544955122566035,0.04856454268325727,-0.016574542683257275,0.6846335250789792,-0.05510019174564584,0.06893241215914703,-0.014069078825813701,12393.34287818172,1491.2003608182786,1.6165917708810902,-0.052534437547756996,0.18767697588250698,-0.033797309215840315,13.662227634550838,-0.4209169678841711,23.42139920838156,6.616538791618442
Z-05,2246.0,398,199,0.7644587104753544,51.67226333333334,58.736639000000004,2.6029633333333333,0.18203333333333332,0.022393333333333338,0.6849733333333333,0.05148333333333333,13530.435887666665,1.572299,0.159711,13.289119666666668,28.57461066666667,1,0.5185185183264746,12176.761757629436,-2970.6982421875,-6886.61865234375,-10667.5078125,-13773.2373046875,-16068.77734375,-17149.03125,810.1904296875,4185.98388671875,6616.55517578125,8101.904296875,8507.0,13157.405036619683,907.8869312778725,4.429034272292023,14204.610604202533,15009.603633510735,15840.633131201637,16567.29820344825,17149.906715674097,12388.836741646788,11327.10066256774,10419.027725656173,9480.80912962346,8693.66426969562,22.74308159585448,22.391703157369115,21.804703598596255,21.26103750883044,20.958166254898714,20.45021843551511,24.122913879419322,24.77341060172195,25.710287100016004,26.862590825934547,28.817622642533205,2758.9611778759636,3001.827754349657,3214.357150493062,3435.423712653466,3618.8872198399076,3792.3881991263925,2522.4098097047154,2275.7568552741905,2054.8197464019945,1829.243223585607,1619.4732901468417,-0.22578115666108042,-0.4848151075415933,-0.7107112967024195,0.06539671600108556,0.36955415839522826,0.34615384615384615,2233.55555519103,1569.5363832873463,2192.2089644837324,4198.7876947913555,665.393956134208,4185.98388671875,-3105.730078125,-10667.5078125,5291.452739656057,-1120.934814453125,-116.62289603180761,-0.14814814809327842,0.3772707695978248,615.9111328125,648.9667434894291,0.0,0.9147209863931351,-2235.3212890625,43.93553727777726,-0.07407407404663918,-0.20713354225065927,1840.912109375,70.31216567107913,0.0,0.6410064875820396,43.07737037531933,8.594892958014007,63.126888458110216,-4.390249458110212,2.5520848166469534,0.05087851668637988,0.13306172354286616,0.04897160979046716,0.04868749628755786,-0.026294162954224525,0.6898040545651725,-0.004830721231839141,0.06908175340440348,-0.017598420071070146,12396.398473767098,1134.0374138995667,1.6162981742115878,-0.043999174211587944,0.18754105941060395,-0.027830059410603958,13.661051686429303,-0.37193201976263524,23.43645485665968,5.138155810006989
Z-05,2248.0,398,199,0.7644587104753544,43.07028333333334,60.729195666666655,2.5775333333333337,0.12255000000000002,0.03546,0.70316,0.055076666666666656,12958.30511966667,1.5913973333333333,0.1732806666666667,13.583344666666669,25.81882566666667,1,0.481481481303155,12176.696560358076,-6886.61865234375,-10667.5078125,-13773.2373046875,-16068.77734375,-17149.03125,-17014.0,-2970.6982421875,810.1904296875,4185.98388671875,6616.55517578125,8101.904296875,14204.610604202533,926.0992984455261,2.062633889628402,15009.603633510735,15840.633131201637,16567.29820344825,17149.906715674097,17643.996846758848,13157.405036619683,12388.836741646788,11327.10066256774,10419.027725656173,9480.80912962346,22.391703157369115,21.804703598596255,21.26103750883044,20.958166254898714,20.45021843551511,20.088828436025917,22.74308159585448,24.122913879419322,24.77341060172195,25.710287100016004,26.862590825934547,3001.827754349657,3214.357150493062,3435.423712653466,3618.8872198399076,3792.3881991263925,3936.5853017744753,2758.9611778759636,2522.4098097047154,2275.7568552741905,2054.8197464019945,1829.243223585607,-0.4848151075415933,-0.7107112967024195,-0.8694868030929989,-0.22578115666108042,0.06539671600108556,0.34935897435897434,2234.6941015797174,1571.83983470686,2193.040608568548,4210.991594697738,665.604814431029,810.1904296875,-6697.57431640625,-13773.2373046875,5217.609667335468,-1023.8720703125,-268.77556919950985,-0.14814814809327848,-0.05561314534243422,376.32470703125,351.6484178776627,0.0,0.04036467971239688,-2018.41552734375,-206.81145151954843,-0.07407407404663924,-0.6074840881240213,1661.35791015625,-49.72969458089574,0.0,0.33188487425189805,42.93203400703351,0.13824932629983522,63.10215299395577,-2.3729573272891145,2.551866706381345,0.025666626951988736,0.13259433501169582,-0.010044335011695799,0.048820588959562095,-0.013360588959562096,0.6950929553427017,0.00806704465729835,0.06924065710511851,-0.014163990438451853,12399.104297777085,559.2008218895844,1.6160181105517601,-0.024620777218426815,0.18741332784321507,-0.014132661176548378,13.659944758013232,-0.0766000913465632,23.450009543199485,2.368816123467184
Z-05,2250.0,398,199,0.7644587104753544,14.741508333333334,58.510846666666666,2.5685638888888893,0.010130555555555554,0.05971944444444445,0.19460555555555556,0.06135,13390.891912222221,1.5699911111111111,0.15836444444444445,13.100026388888889,28.38078277777778,1,0.44444444427983537,12176.631363086717,-10667.5078125,-13773.2373046875,-16068.77734375,-17149.03125,-17014.0,-15663.681640625,-6886.61865234375,-2970.6982421875,810.1904296875,4185.98388671875,6616.55517578125,15009.603633510735,818.0112634995521,1.40703698157054,15840.633131201637,16567.29820344825,17149.906715674097,17643.996846758848,17998.090604689056,14204.610604202533,13157.405036619683,12388.836741646788,11327.10066256774,10419.027725656173,21.804703598596255,21.26103750883044,20.958166254898714,20.45021843551511,20.088828436025917,19.923252316635793,22.391703157369115,22.74308159585448,24.122913879419322,24.77341060172195,25.710287100016004,3214.357150493062,3435.423712653466,3618.8872198399076,3792.3881991263925,3936.5853017744753,4032.2394680535294,3001.827754349657,2758.9611778759636,2522.4098097047154,2275.7568552741905,2054.8197464019945,-0.7107112967024195,-0.8694868030929989,-0.9699082778613083,-0.4848151075415933,-0.22578115666108042,0.35256410256410253,2235.607902010648,1573.987456399219,2193.656278847805,4221.345879244943,665.6530825554693,-2970.6982421875,-10073.36787109375,-16068.77734375,4702.983250682972,-652.6767578125,-328.39705177984797,-0.14814814809327848,-0.4120873890459933,278.7412109375,479.43836488311354,0.0,0.08182979262324253,-1388.5380859375,-218.3205766152787,-0.07407407404663924,-0.6423163402962544,1487.9951171875,27.837915697778953,0.0,0.10076005373831265,42.783632342252986,-28.04212400891965,63.078741525917394,-4.567894859250728,2.551627959760973,0.016935929127916527,0.13213621261725716,-0.1220056570617016,0.048963820699266414,0.010755623745178036,0.7005002274116237,-0.5058946718560681,0.069409123261293,-0.008059123261293002,12401.46035021168,989.4315620105408,1.6157515799016107,-0.04576046879049955,0.18729378118034212,-0.028929336735897676,13.658906849302618,-0.5588804604137287,23.46206326800109,4.918719509776693
Z-05,2252.0,398,199,0.7644587104753544,26.33738918918919,61.52723486486487,2.550945945945946,0.05041621621621622,0.050394594594594604,0.40332972972972975,0.05844594594594594,12664.058474324323,1.5993008108108107,0.1784172972972973,13.566789189189189,24.696240540540536,1,0.40740740725651575,12176.566165815357,-13773.2373046875,-16068.77734375,-17149.03125,-17014.0,-15663.681640625,-13098.078125,-10667.5078125,-6886.61865234375,-2970.6982421875,810.1904296875,4185.98388671875,15840.633131201637,778.8472849687569,1.150100867555022,16567.29820344825,17149.906715674097,17643.996846758848,17998.090604689056,18222.78370738924,15009.603633510735,14204.610604202533,13157.405036619683,12388.836741646788,11327.10066256774,21.26103750883044,20.958166254898714,20.45021843551511,20.088828436025917,19.923252316635793,19.513350094189065,21.804703598596255,22.391703157369115,22.74308159585448,24.122913879419322,24.77341060172195,3435.423712653466,3618.8872198399076,3792.3881991263925,3936.5853017744753,4032.2394680535294,4125.236029630892,3214.357150493062,3001.827754349657,2758.9611778759636,2522.4098097047154,2275.7568552741905,-0.8694868030929989,-0.9699082778613083,-0.9999478896577676,-0.7107112967024195,-0.4848151075415933,0.3557692307692308,2236.2968639606374,1575.9790217108384,2194.0559091262385,4229.8406941295,665.5387456173065,-6886.61865234375,-12909.03447265625,-17149.03125,3741.719612668632,-274.703125,-389.24922079843054,-0.14814814809327848,-0.3281489725991875,-78.4521484375,478.0438193395348,0.0,0.45991982128223796,-885.818359375,-238.90213163316366,-0.07407407404663924,-0.1066533301689141,1063.1435546875,31.019281950029836,0.0,0.17728886323199688,42.63216538097777,-16.29477619178858,63.05665405399509,-1.5294191891302162,2.5513685767858334,-0.0004226308398873613,0.13168735635954842,-0.0812711401433322,0.0491171915066726,0.0012774030879220064,0.7060258707718958,-0.3026961410421661,0.06958715187292697,-0.011141205926981028,12403.466631070885,260.5918432534381,1.6154985822611376,-0.01619777145032697,0.18718241942198333,-0.008765122124686026,13.657937960297467,-0.09114877110827813,23.472616031064604,1.2236245094759326
Z-05,2254.0,398,199,0.7644587104753544,26.761508108108107,64.67826243243243,2.513297297297297,0.06008648648648649,0.06382972972972972,0.43758108108108107,0.07344864864864865,11851.527716756758,1.630658918918919,0.19847324324324325,13.816065405405407,21.04446054054054,1,0.37037037023319613,12176.500968543996,-16068.77734375,-17149.03125,-17014.0,-15663.681640625,-13098.078125,-9722.28515625,-13773.2373046875,-10667.5078125,-6886.61865234375,-2970.6982421875,810.1904296875,16567.29820344825,654.6367922362297,1.0310230243984662,17149.906715674097,17643.996846758848,17998.090604689056,18222.78370738924,18147.484508797643,15840.633131201637,15009.603633510735,14204.610604202533,13157.405036619683,12388.836741646788,20.958166254898714,20.45021843551511,20.088828436025917,19.923252316635793,19.513350094189065,19.00820478348215,21.26103750883044,21.804703598596255,22.391703157369115,22.74308159585448,24.122913879419322,3618.8872198399076,3792.3881991263925,3936.5853017744753,4032.2394680535294,4125.236029630892,4162.4198431371315,3435.423712653466,3214.357150493062,3001.827754349657,2758.9611778759636,2522.4098097047154,-0.9699082778613083,-0.9999478896577676,-0.9642929873353997,-0.8694868030929989,-0.7107112967024195,0.358974358974359,2236.7609176721103,1577.8143205079687,2194.239456439156,4236.467822441637,665.2618551345378,-10667.5078125,-14934.5107421875,-17149.03125,2452.3787380787917,111.408203125,-392.4172855341658,-0.14814814809327845,-0.14735040160349655,-276.2158203125,488.4833010079128,0.0,0.3064223937159092,-97.2841796875,-340.8981547183266,-0.07407407404663924,-0.24470394326591816,534.2177734375,129.86067433366406,0.0,0.2604755673245016,42.477633123208534,-15.716125015100427,63.035890578188855,1.642371854243578,2.5510885574559286,-0.037791260158631435,0.13124776623857137,-0.07116127975208489,0.04928070138177976,0.014549028347949966,0.7116698854235324,-0.2740888043424513,0.06977474294002128,0.00367390570862737,12405.123140354728,-553.5954235979698,1.6152591176303446,0.015399801288574322,0.18707924256813957,0.011394000675103683,13.657038090997759,0.1590273144076484,23.481667832389803,-2.437207291849262
Z-05,2256.0,398,199,0.7644587104753544,26.99347073170732,64.29721097560976,2.513429268292683,0.05627073170731708,0.06504146341463415,0.5606975609756097,0.07405365853658538,11930.723943658539,1.6269217073170734,0.1959980487804878,13.756400731707316,21.46444219512195,1,0.3333333332098765,12176.435771272638,-17149.03125,-17014.0,-15663.681640625,-13098.078125,-9722.28515625,-5806.36474609375,-16068.77734375,-13773.2373046875,-10667.5078125,-6886.61865234375,-2970.6982421875,17149.906715674097,538.3493216552997,1.000049987778725,17643.996846758848,17998.090604689056,18222.78370738924,18147.484508797643,18221.47643154013,16567.29820344825,15840.633131201637,15009.603633510735,14204.610604202533,13157.405036619683,20.45021843551511,20.088828436025917,19.923252316635793,19.513350094189065,19.00820478348215,19.177887064018282,20.958166254898714,21.26103750883044,21.804703598596255,22.391703157369115,22.74308159585448,3792.3881991263925,3936.5853017744753,4032.2394680535294,4125.236029630892,4162.4198431371315,4160.86078429878,3618.8872198399076,3435.423712653466,3214.357150493062,3001.827754349657,2758.9611778759636,-0.9999478896577676,-0.9642929873353997,-0.8702959733589101,-0.9699082778613083,-0.8694868030929989,0.36217948717948717,2237.000016159763,1579.4931591872614,2194.2069010538394,4241.22068925952,664.8225290179136,-13773.2373046875,-15933.7455078125,-17149.03125,1216.7853539472633,509.72265625,-437.56218686070497,-0.14814814809327845,-0.10845653700315694,-442.61328125,446.2319174200202,0.0,0.1470209262102884,708.96875,-465.9777585974116,-0.07407407404663924,-0.3648447928070304,-80.20703125,181.95615682446805,0.0,0.31052829758204226,42.32003556894415,-15.32656483723683,63.01645109849869,1.2807598771110662,2.5507879017712582,-0.037358633478575154,0.13081744225432423,-0.07454671054700715,0.04945435032458878,0.015587113090045374,0.7174322713665191,-0.15673471039090936,0.06997189646257418,0.004081762074011203,12406.42987806315,-475.705934404612,1.6150331860092244,0.01188852130784901,0.18698425061881174,0.009013798161676051,13.656207241403521,0.10019349030379487,23.489218671976687,-2.0247764768547363
Z-05,2258.0,398,199,0.7644587104753544,33.67115681818182,63.59642613636365,2.528443181818182,0.09301136363636364,0.05959318181818182,0.5249522727272727,0.07447954545454546,12126.055816136364,1.6197052272727275,0.19179795454545456,13.775952727272726,22.20402045454546,1,0.2962962961865569,12176.370574001277,-17014.0,-15663.681640625,-13098.078125,-9722.28515625,-5806.36474609375,-1485.34912109375,-17149.03125,-16068.77734375,-13773.2373046875,-10667.5078125,-6886.61865234375,17643.996846758848,424.09194450747964,1.0370270335746747,17998.090604689056,18222.78370738924,18147.484508797643,18221.47643154013,17833.193343022063,17149.906715674097,16567.29820344825,15840.633131201637,15009.603633510735,14204.610604202533,20.088828436025917,19.923252316635793,19.513350094189065,19.00820478348215,19.177887064018282,18.758642907731538,20.45021843551511,20.958166254898714,21.26103750883044,21.804703598596255,22.391703157369115,3936.5853017744753,4032.2394680535294,4125.236029630892,4162.4198431371315,4160.86078429878,4117.450720264801,3792.3881991263925,3618.8872198399076,3435.423712653466,3214.357150493062,3001.827754349657,-0.9642929873353997,-0.8702959733589101,-0.7187741037404608,-0.9999478896577676,-0.9699082778613083,0.36538461538461536,2237.0141352150104,1581.0153606855692,2193.958246470208,4244.094365195756,664.2209515305472,-13098.078125,-15798.713671875,-17149.03125,1461.839855421643,920.2431640625,-529.8205374826248,-0.14814814809327845,-0.2575429003217451,-577.64453125,414.80320068629953,0.0,0.09245433813875792,1395.9404296875,-550.5175714249744,-0.07407407404663921,-0.18280076721908145,-638.908203125,199.80008619947694,0.0,0.11893043094074329,42.15937271818552,-8.488215900003702,62.9983356149246,0.5980905214390475,2.5504666097318225,-0.022023427913640425,0.13039638440680967,-0.03738502077044603,0.04963813833509878,0.009955043483083043,0.7233130286008844,-0.19836075587361168,0.07017861244058743,0.004300933013958036,12407.386844196182,-281.331028059818,1.6148207873977825,0.0048844398749450235,0.18689744357399807,0.004900510971456495,13.65544541151474,0.12050731575798501,23.495268549825482,-1.2912480952800216
Z-05,2260.0,398,199,0.7644587104753544,27.06702777777778,62.328361388888894,2.519211111111111,0.05340555555555555,0.06002500000000001,0.5466972222222222,0.06856388888888888,12326.14175138889,1.6070116666666665,0.18381166666666668,13.560241944444444,23.391397777777783,1,0.2592592591632373,12176.305376729917,-15663.681640625,-13098.078125,-9722.28515625,-5806.36474609375,-1485.34912109375,2565.60302734375,-17014.0,-17149.03125,-16068.77734375,-13773.2373046875,-10667.5078125,17998.090604689056,289.3934303151964,1.1490318865681037,18222.78370738924,18147.484508797643,18221.47643154013,17833.193343022063,17498.851990339997,17643.996846758848,17149.906715674097,16567.29820344825,15840.633131201637,15009.603633510735,19.923252316635793,19.513350094189065,19.00820478348215,19.177887064018282,18.758642907731538,18.644194639303347,20.088828436025917,20.45021843551511,20.958166254898714,21.26103750883044,21.804703598596255,4032.2394680535294,4125.236029630892,4162.4198431371315,4160.86078429878,4117.450720264801,4052.6373597030133,3936.5853017744753,3792.3881991263925,3618.8872198399076,3435.423712653466,3214.357150493062,-0.8702959733589101,-0.7187741037404608,-0.5357368063282177,-0.9642929873353997,-0.9999478896577676,0.36858974358974356,2236.803273408314,1582.3807644890092,2193.4935194206973,4245.085568880107,663.4573732226515,-9722.28515625,-14529.415234375,-17149.03125,2809.9585518626486,1206.578125,-576.9676164359953,-0.14814814809327842,-0.2957056898529018,-681.3115234375,473.81400253376705,0.0,0.1470859592675744,2100.6298828125,-674.002806841876,-0.07407407404663921,-0.47461261918314435,-1141.88671875,240.08950849605753,0.0,-0.10220609391488011,41.9956445709322,-14.928616793154418,62.98154412746658,-0.6531827385776836,2.5501246813376195,-0.030913570226508646,0.12998459269602503,-0.07657903714046947,0.049832065413310644,0.010192934586689364,0.7293121571265999,-0.18261493490437775,0.07039489087406015,-0.0018310019851712628,12407.994038753823,-81.85228736493264,1.6146219217960187,-0.007610255129352206,0.18681882143369943,-0.0030071547670327547,13.65475260133141,-0.0945106568869658,23.499817465936076,-0.10841968815829262
Z-05,2262.0,398,199,0.7644587104753544,26.821209090909093,65.75316515151515,2.492951515151515,0.05345757575757575,0.07473636363636363,0.48067575757575753,0.08329393939393939,11566.210476969698,1.64180303030303,0.20484393939393938,13.793393636363637,19.950696363636368,1,0.22222222213991769,12176.240179458557,-13098.078125,-9722.28515625,-5806.36474609375,-1485.34912109375,2565.60302734375,6346.49169921875,-15663.681640625,-17014.0,-17149.03125,-16068.77734375,-13773.2373046875,18222.78370738924,74.69695205429343,1.3912543642628394,18147.484508797643,18221.47643154013,17833.193343022063,17498.851990339997,16890.7845515031,17998.090604689056,17643.996846758848,17149.906715674097,16567.29820344825,15840.633131201637,19.513350094189065,19.00820478348215,19.177887064018282,18.758642907731538,18.644194639303347,18.541172059767195,19.923252316635793,20.088828436025917,20.45021843551511,20.958166254898714,21.26103750883044,4125.236029630892,4162.4198431371315,4160.86078429878,4117.450720264801,4052.6373597030133,3922.665088751699,4032.2394680535294,3936.5853017744753,3792.3881991263925,3618.8872198399076,3435.423712653466,-0.7187741037404608,-0.5357368063282177,-0.3186546908607159,-0.8702959733589101,-0.9642929873353997,0.3717948717948718,2236.367452089301,1583.5892266412163,2192.8127698693775,4244.192668365902,662.5321108414566,-5806.36474609375,-12260.88193359375,-17014.0,4073.753561126337,1368.7294921875,-642.7447453551358,-0.14814814809327848,-0.23382938556365218,-753.611328125,405.36293713486884,0.0,0.2368495821702581,2412.0380859375,-871.0703992764538,-0.07407407404663924,-0.4855977770566149,-1730.365234375,327.5135382520566,0.0,0.15424725401264894,41.82885112718418,-15.007642036275087,62.96607663612451,2.7870885153906357,2.549762116588651,-0.05681060143713612,0.12958206712197207,-0.07612449136439631,0.050036131559223485,0.024700232077140144,0.7354296569436798,-0.25475389936792225,0.07062073176299322,0.012673207630946176,12408.251461736101,-842.0409847664032,1.6144365892039314,0.027366441099098582,0.18674838419791584,0.018095555196023544,13.65412881085355,0.13926482551008768,23.502865420308353,-3.5521690566719855
Z-05,2264.0,398,199,0.7644587104753544,19.392042424242423,62.32488363636364,2.501421212121212,0.011363636363636364,0.07018484848484849,0.14811818181818182,0.0719969696969697,12237.514097878788,1.60695,0.18382363636363636,13.469280303030303,23.2123,1,0.18518518511659807,12176.174982187198,-9722.28515625,-5806.36474609375,-1485.34912109375,2565.60302734375,6346.49169921875,9317.189453125,-13098.078125,-15663.681640625,-17014.0,-17149.03125,-16068.77734375,18147.484508797643,-0.653637924555369,1.8665828252112524,18221.47643154013,17833.193343022063,17498.851990339997,16890.7845515031,16191.54751509049,18222.78370738924,17998.090604689056,17643.996846758848,17149.906715674097,16567.29820344825,19.00820478348215,19.177887064018282,18.758642907731538,18.644194639303347,18.541172059767195,18.40490290175726,19.513350094189065,19.923252316635793,20.088828436025917,20.45021843551511,20.958166254898714,4162.4198431371315,4160.86078429878,4117.450720264801,4052.6373597030133,3922.665088751699,3774.171174462688,4125.236029630892,4032.2394680535294,3936.5853017744753,3792.3881991263925,3618.8872198399076,-0.5357368063282177,-0.3186546908607159,-0.08329117364041301,-0.7187741037404608,-0.8702959733589101,0.375,2235.7067153847324,1584.6406197508088,2191.9160710103088,4241.415681451303,661.4455472163769,-1485.34912109375,-9155.1517578125,-15663.681640625,5064.968248670924,1402.630859375,-611.1903199772714,-0.14814814809327845,0.017754657856809075,-666.4814453125,530.5179802083076,0.0,0.328675663290408,2598.25830078125,-719.144107591208,-0.07407407404663922,0.03108036210868903,-1999.24609375,551.8079049213338,0.0,0.44646485854795515,41.658992386942145,-22.266949962699723,62.95193314089863,-0.6270495045349946,2.549378915484917,-0.047957703363705306,0.12918880768464813,-0.11782517132101177,0.05025033677283819,0.0199345117120103,0.741665528052124,-0.5935473462339422,0.07085613510738398,0.0011408345895857208,12408.15911314296,-170.6450152641719,1.6142647896215188,-0.007314789621518658,0.18668613186664818,-0.0028624955030118193,13.653574040081146,-0.18429373705084373,23.50441241294243,-0.29211241294242996
Z-05,2266.0,398,199,0.7644587104753544,37.62595151515152,60.42268000000001,2.5645787878787876,0.09384242424242424,0.033318181818181816,0.5630484848484849,0.04832121212121211,12955.793771515153,1.5884442424242422,0.1712309090909091,13.461169090909092,26.031700303030302,1,0.14814814809327845,12176.109784915838,-5806.36474609375,-1485.34912109375,2565.60302734375,6346.49169921875,9317.189453125,11477.697265625,-9722.28515625,-13098.078125,-15663.681640625,-17014.0,-17149.03125,18221.47643154013,-157.14558288778971,3.1381802628604207,17833.193343022063,17498.851990339997,16890.7845515031,16191.54751509049,15307.708703787655,18147.484508797643,18222.78370738924,17998.090604689056,17643.996846758848,17149.906715674097,19.177887064018282,18.758642907731538,18.644194639303347,18.541172059767195,18.40490290175726,18.300280035359282,19.00820478348215,19.513350094189065,19.923252316635793,20.088828436025917,20.45021843551511,4160.86078429878,4117.450720264801,4052.6373597030133,3922.665088751699,3774.171174462688,3578.3376795688405,4162.4198431371315,4125.236029630892,4032.2394680535294,3936.5853017744753,3792.3881991263925,-0.3186546908607159,-0.08329117364041301,0.1466153526540024,-0.5357368063282177,-0.7187741037404608,0.3782051282051282,2234.8211301943143,1585.5348329980234,2190.8035192651223,4236.756274909947,660.1981311195383,2565.60302734375,-5509.29482421875,-13098.078125,5600.415777375011,1441.9560546875,-735.7071622714611,-0.14814814809327845,-0.1466510452756573,-565.412109375,237.65655909474663,0.0,-0.24916565087391618,2655.352783203125,-1087.2249022043143,-0.07407407404663922,-0.48526877027212834,-2102.13818359375,453.40626520689693,0.0,0.1367609674414183,41.48606835020496,-3.8601168350534394,62.93911364178882,-2.516433641788815,2.548975078026416,0.015603709852371583,0.12880481438405678,-0.034962390141632535,0.05047468105415387,-0.017156499235972053,0.7480197704519185,-0.18497128560343357,0.07110110090723509,-0.02277988878602298,12407.716992974427,548.0767785407261,1.6141065230487843,-0.025662280624542122,0.18663206443989466,-0.015401155348985562,13.653088289014185,-0.1919191981050936,23.504458443838416,2.5272418591918857
Z-05,2268.0,398,199,0.7644587104753544,98.49459615384616,67.31036307692308,2.6094307692307694,0.43213461538461545,0.006811538461538461,0.957253846153846,0.07588461538461538,11861.834786538462,1.6590507692307692,0.21302730769230768,14.447930384615386,19.850025769230765,0,0.11111111106995884,12176.044587644477,-1485.34912109375,2565.60302734375,6346.49169921875,9317.189453125,11477.697265625,12557.951171875,-5806.36474609375,-9722.28515625,-13098.078125,-15663.681640625,-17014.0,17833.193343022063,-361.3122206000662,12.005914507632598,17498.851990339997,16890.7845515031,16191.54751509049,15307.708703787655,14291.973501045415,18221.47643154013,18147.484508797643,18222.78370738924,17998.090604689056,17643.996846758848,18.758642907731538,18.644194639303347,18.541172059767195,18.40490290175726,18.300280035359282,18.04826233829944,19.177887064018282,19.00820478348215,19.513350094189065,19.923252316635793,20.088828436025917,4117.450720264801,4052.6373597030133,3922.665088751699,3774.171174462688,3578.3376795688405,3364.1434391015996,4160.86078429878,4162.4198431371315,4125.236029630892,4032.2394680535294,3936.5853017744753,-0.08329117364041301,0.1466153526540024,0.3757365344932057,-0.3186546908607159,-0.5357368063282177,0.3814102564102564,2233.710786184322,1586.2717721405165,2189.4752342798784,4230.2177626290495,658.7903771017621,6346.49169921875,-1620.380859375,-9722.28515625,5730.184418859082,1212.5735778808594,-787.6831994383247,-0.14814814809327845,-0.1855995303451614,-592.404296875,419.5708615135736,0.0,-0.05257823036416198,2307.3522338867188,-947.8218288667595,0.0,-0.21134842455836278,-2045.232421875,662.4977224280519,0.0,0.19781963129833002,41.31007901697353,57.18451713687263,62.927618138794855,4.382744938128226,2.5485506042131494,0.06088016501762006,0.12843008722019622,0.30370452816441923,0.050709164403170526,-0.04389762594163207,0.7544923841430915,0.2027614620107545,0.07135562916254656,0.00452898622206882,12406.925101230474,-545.0903146920118,1.613961789485728,0.04508897974504111,0.18658618191765708,0.026441125774650603,13.652671557652702,0.7952588269626837,23.503003512996088,-3.652977743765323
Z-06,2102.0,445,208,0.7935602741531292,40.318574999999996,65.55143687500001,2.5931921874999997,0.170828125,0.0592875,0.7434468750000001,0.07465625000000001,12185.207015312499,1.6420334374999999,0.20139281250000002,14.0335803125,21.873189375,1,0.40740740725651575,11762.594987698638,0.0,0.0,0.0,0.0,0.0,0.0,0.0,0.0,0.0,0.0,0.0,90.0422540254942,-9.675887105283984,50.0,9.551095330625794,85.6623625617439,25.786402179708254,73.49776922443691,97.51323951819099,28.90286954119376,90.71393047071086,40.04395588678393,89.48074916916629,46.536888988649764,-8.64934175875773e-12,9.011571597479964e-13,125.0000000000106,-2.0320210464905803e-12,-249.9999999999962,-1.3517357396219946e-12,-5.212575727954097e-13,-5.539466070215625e-12,-8.216432927114085e-13,1.0601848938211723e-13,3.710647128374103e-13,284.73860837602666,30.203215394176468,7.66187463205137,81.54376354900862,232.42035369064786,308.3639388990237,91.39889866487812,286.8626357935966,126.63010712554487,282.9629741127848,147.162564422543,0.0,0.0,0.0,0.0,0.0,0.11538461538461538,1634.2174965602949,2051.798359707752,2430.3144654986827,2199.690292370965,386.24530408726804,0.0,0.0,0.0,0.0,0.0,-15.332868631373458,0.0,2.818324842741282e-12,0.0,52.580609974951756,0.0,8.013230822465026e-12,0.0,-79.70928245963655,0.0,1.0813885916975956e-11,0.0,24.97836374593561,0.0,9.24127832447455e-12,45.48598970419812,-5.167414704198123,68.38730367025755,-2.8358667952575445,2.5135564154458496,0.07963577205415007,0.19106510511600838,-0.020236980116008385,0.0657502938225969,-0.006462793822596895,0.6200829522785938,0.12336392272140628,0.08277081990067003,-0.008114569900670027,11282.379444922204,902.8275703902946,1.6720275071499984,-0.02999406964999851,0.21824766132814677,-0.01685484882814675,13.922134318330954,0.11144599416904555,18.515989977748745,3.3571993972512537
Z-06,2104.0,445,208,0.7935602741531292,62.24410344827586,71.66457793103447,2.6337879310344823,0.3529862068965517,0.04666206896551724,0.7369379310344826,0.07842758620689655,11291.186949310346,1.7087929310344827,0.2353906896551724,14.636983620689653,17.120401551724136,1,0.40740740725651575,11762.594987698638,0.0,0.0,0.0,0.0,0.0,0.0,0.0,0.0,0.0,0.0,0.0,9.551095330625794,-2.1899457318751487,50.0,85.6623625617439,25.786402179708254,73.49776922443691,97.51323951819099,42.51989406085323,90.0422540254942,28.90286954119376,90.71393047071086,40.04395588678393,89.48074916916629,9.011571597479964e-13,125.0000000000106,-2.0320210464905803e-12,-249.9999999999962,-1.3517357396219946e-12,-5.124226986802332e-13,-8.64934175875773e-12,-5.212575727954097e-13,-5.539466070215625e-12,-8.216432927114085e-13,1.0601848938211723e-13,30.203215394176468,7.66187463205137,81.54376354900862,232.42035369064786,308.3639388990237,134.45971110136233,284.73860837602666,91.39889866487812,286.8626357935966,126.63010712554487,282.9629741127848,0.0,0.0,0.0,0.0,0.0,0.11858974358974358,1644.6922383952774,2066.585089466711,2447.2969747686184,2248.625171580922,390.75247044634773,0.0,0.0,0.0,0.0,0.0,-5.725364199877157,0.0,-2.1733790323334033e-12,0.0,23.521352910755944,0.0,-1.7139655783442285e-12,0.0,52.974704970904426,0.0,249.9999999999823,0.0,149.09369124398359,0.0,7.332945515596441e-13,45.561354683520676,16.682748764755182,68.26724048574624,3.3973374452882297,2.5148241227233896,0.11896380831109266,0.18993055474021148,0.16305565215634021,0.06515337362009888,-0.01849130465458164,0.6168491200781432,0.12008881095633939,0.08224122680829549,-0.0038136406013989377,11310.268822360289,-19.08187304994317,1.6707730667934353,0.03801986424104742,0.21753061663567408,0.017860073019498324,13.916057971121887,0.7209256495677661,18.637613909440347,-1.517212357716211
Z-06,2106.0,445,208,0.7935602741531292,45.57723214285714,72.43195696428572,2.4960633928571427,0.22057321428571428,0.09759464285714285,0.4923982142857143,0.11746071428571428,10612.343183214285,1.718752857142857,0.23885625,13.85602232142857,15.881466607142857,1,0.40740740725651575,11762.594987698638,0.0,0.0,0.0,0.0,0.0,0.0,0.0,0.0,0.0,0.0,0.0,85.6623625617439,8.117653424541231,50.0,25.786402179708254,73.49776922443691,97.51323951819099,42.51989406085323,280.35762725776925,9.551095330625794,90.0422540254942,28.90286954119376,90.71393047071086,40.04395588678393,125.0000000000106,-2.0320210464905803e-12,-249.9999999999962,-1.3517357396219946e-12,-5.124226986802332e-13,-124.9999999999961,9.011571597479964e-13,-8.64934175875773e-12,-5.212575727954097e-13,-5.539466070215625e-12,-8.216432927114085e-13,7.66187463205137,81.54376354900862,232.42035369064786,308.3639388990237,134.45971110136233,886.5686615350572,30.203215394176468,284.73860837602666,91.39889866487812,286.8626357935966,126.63010712554487,0.0,0.0,0.0,0.0,0.0,0.12179487179487179,1655.0045345418084,2081.1636757934793,2464.033750549335,2296.927710522617,395.30910984755087,0.0,0.0,0.0,0.0,0.0,35.62857101109054,0.0,-250.00000000000108,0.0,131.4993967889631,0.0,-125.00000000001131,0.0,-40.400564989709075,0.0,-125.00000000001083,0.0,19.339540345472614,0.0,-125.0000000000107,45.63365436634854,-0.056422223491395584,68.148501297351,4.283455666934714,2.5160711936461606,-0.02000780078901787,0.18880527050114537,0.0317679437845689,0.06456659248530361,0.03302805037183924,0.613733659169057,-0.12133544488334269,0.0817211961713813,0.035739518114332985,11337.808428223012,-725.4652450087269,1.6695321594465486,0.049220697696308324,0.21682175684771732,0.022034493152282675,13.910050643618277,-0.05402832218970666,18.75773687939386,-2.876270272251004
Z-06,2108.0,445,208,0.7935602741531292,53.496044186046504,69.88189255813951,2.5908597674418603,0.28110000000000007,0.05701162790697674,0.7913744186046512,0.0823186046511628,11378.32604023256,1.6883039534883721,0.2263060465116279,14.380409534883718,17.996000697674422,1,0.40740740725651575,11762.594987698638,0.0,0.0,0.0,0.0,0.0,0.0,0.0,0.0,0.0,0.0,0.0,25.786402179708254,-6.082296668653498,50.0,73.49776922443691,97.51323951819099,42.51989406085323,280.35762725776925,48.9341042961481,85.6623625617439,9.551095330625794,90.0422540254942,28.90286954119376,90.71393047071086,-2.0320210464905803e-12,-249.9999999999962,-1.3517357396219946e-12,-5.124226986802332e-13,-124.9999999999961,-2.473764752249402e-13,125.0000000000106,9.011571597479964e-13,-8.64934175875773e-12,-5.212575727954097e-13,-5.539466070215625e-12,81.54376354900862,232.42035369064786,308.3639388990237,134.45971110136233,886.5686615350572,154.74322483605866,7.66187463205137,30.203215394176468,284.73860837602666,91.39889866487812,286.8626357935966,0.0,0.0,0.0,0.0,0.0,0.125,1665.1532858820058,2095.5326490423477,2480.523090355017,2344.553856075739,399.91116239172,0.0,0.0,0.0,0.0,0.0,-4.408290584964114,0.0,2.7034714792439895e-12,0.0,53.37033078028603,0.0,2.067360542951286e-12,0.0,24.288124800719473,0.0,-249.9999999999976,0.0,135.210219831339,0.0,1.254552124355054e-12,45.70288875268193,7.793155433364575,68.03108610507184,1.8508064530676762,2.517297628214168,0.07356213922769239,0.18768925239880918,0.09341074760119089,0.06398995041820932,-0.006978322511232579,0.6107365695513209,0.18063784905333025,0.08121072798992657,0.0011078766612362262,11364.998262510315,13.327777722244718,1.6683047851093367,0.01999916837903548,0.2161210819642747,0.010184964547353181,13.904112335820116,0.4762971990636018,18.87635888760917,-0.8803581899347499
Z-06,2110.0,445,208,0.7935602741531292,36.924941025641026,73.79532897435898,2.430974615384616,0.16344358974358977,0.12175128205128204,0.25112307692307684,0.1364820512820513,10067.297890769232,1.7301425641025645,0.24840410256410259,13.703828974358972,14.032534102564105,1,0.40740740725651575,11762.594987698638,0.0,0.0,0.0,0.0,0.0,0.0,0.0,0.0,0.0,0.0,0.0,73.49776922443691,35.86341866924137,50.0,97.51323951819099,42.51989406085323,280.35762725776925,48.9341042961481,1237.037409888502,25.786402179708254,85.6623625617439,9.551095330625794,90.0422540254942,28.90286954119376,-249.9999999999962,-1.3517357396219946e-12,-5.124226986802332e-13,-124.9999999999961,-2.473764752249402e-13,52.32573619721396,-2.0320210464905803e-12,125.0000000000106,9.011571597479964e-13,-8.64934175875773e-12,-5.212575727954097e-13,232.42035369064786,308.3639388990237,134.45971110136233,886.5686615350572,154.74322483605866,171.01143838385525,81.54376354900862,7.66187463205137,30.203215394176468,284.73860837602666,91.39889866487812,0.0,0.0,0.0,0.0,0.0,0.1282051282051282,1675.1374121774204,2109.6905607249178,2496.763317299402,2391.4605764539165,404.5545518030993,0.0,0.0,0.0,0.0,0.0,133.84073853088847,0.0,250.0000000000004,0.0,283.1165501092978,0.0,249.99999999999704,0.0,40.641760319840316,0.0,249.99999999999366,0.0,9.023256181932013,0.0,249.99999999999648,45.769057842520624,-8.844116816879598,67.91499490890862,5.880334065450356,2.518503426427408,-0.08752881104279187,0.18658250043320468,-0.023138910689614905,0.063423447418816,0.05832783463246603,0.6078578512249635,-0.35673477430188666,0.08070982226393131,0.055772229018119984,11391.838325222227,-1324.5404344529943,1.667090943781803,0.06305162032076161,0.21542859198534714,0.032975510578755446,13.898243047727426,-0.1944140733684545,18.993479934086054,-4.960945831521949
Z-06,2112.0,445,208,0.7935602741531292,38.996320000000004,69.28257485714286,2.4920662857142855,0.17878285714285713,0.09371714285714286,0.46084857142857144,0.10981428571428571,10997.01313657143,1.6795991428571428,0.22470400000000001,13.96623,17.323226857142856,1,0.40740740725651575,11762.594987698638,0.0,0.0,0.0,0.0,0.0,2242.42333984375,0.0,0.0,0.0,0.0,0.0,97.51323951819099,-15.488937581791838,50.0,42.51989406085323,280.35762725776925,48.9341042961481,1237.037409888502,2317.7869206854007,73.49776922443691,25.786402179708254,85.6623625617439,9.551095330625794,90.0422540254942,-1.3517357396219946e-12,-5.124226986802332e-13,-124.9999999999961,-2.473764752249402e-13,52.32573619721396,95.73758789776508,-249.9999999999962,-2.0320210464905803e-12,125.0000000000106,9.011571597479964e-13,-8.64934175875773e-12,308.3639388990237,134.45971110136233,886.5686615350572,154.74322483605866,171.01143838385525,236.8821123703755,232.42035369064786,81.54376354900862,7.66187463205137,30.203215394176468,284.73860837602666,0.0,0.0,0.0,0.0,0.0,0.13141025641025642,1684.9558520721068,2123.6359836540723,2512.752780233352,2437.6058509947375,409.2351927976874,0.0,0.0,0.0,0.0,0.0,-26.241796396180078,0.0,8.569827891721141e-13,0.0,73.66292871861522,0.0,1.5284332219255232e-12,0.0,-77.38892393713913,0.0,1.766974823035287e-12,0.0,60.20385944651737,0.0,1.5991122148469349e-12,45.83216163586508,-6.835841635865073,67.8002277088616,1.4823471482812636,2.5196885882858826,-0.027622302571597146,0.18548501460433098,-0.0067021574614738455,0.06286708348712367,0.030850059370019195,0.605097504189942,-0.14424893276137057,0.08021847899339551,0.029595806720890197,11418.328616358776,-421.3154797873467,1.6658906354639473,0.013708507393195513,0.2147442869109346,0.009959713089065403,13.892442779340193,0.07378722065980625,19.109100018824847,-1.785873161681991
Z-06,2114.0,445,208,0.7935602741531292,24.366025,67.796588125,2.4572053125,0.0649375,0.103009375,0.176,0.10884375,11060.5171040625,1.663316875,0.2166603125,13.7301578125,18.0464575,1,0.40740740725651575,11762.594987698638,0.0,0.0,0.0,0.0,2242.42333984375,1345.4539794921875,0.0,0.0,0.0,0.0,0.0,42.51989406085323,91.42219386978914,50.0,280.35762725776925,48.9341042961481,1237.037409888502,2317.7869206854007,2005.3957779405396,97.51323951819099,73.49776922443691,25.786402179708254,85.6623625617439,9.551095330625794,-5.124226986802332e-13,-124.9999999999961,-2.473764752249402e-13,52.32573619721396,95.73758789776508,58.680398370013954,-1.3517357396219946e-12,-249.9999999999962,-2.0320210464905803e-12,125.0000000000106,9.011571597479964e-13,134.45971110136233,886.5686615350572,154.74322483605866,171.01143838385525,236.8821123703755,261.79031127888015,308.3639388990237,232.42035369064786,81.54376354900862,7.66187463205137,30.203215394176468,0.0,0.0,0.0,0.0,0.0,0.1346153846153846,1694.607563099789,2137.3675120859516,2528.489853881668,2482.9486646829973,413.94899786994523,0.0,0.0,0.0,0.0,0.0,364.688266101625,0.0,-2.650462234552931e-13,0.0,643.3409623395237,0.0,-2.297067269945874e-13,0.0,242.48311136023545,0.0,-124.99999999999599,0.0,-11.730498587994418,0.0,1.6786260818835226e-13,45.892200132714606,-21.526175132714606,67.68678450493064,0.10980362006935707,2.5208531137895918,-0.06364780128959158,0.18439679491218897,-0.11945929491218897,0.06232085862313408,0.04068851637686592,0.6024555284462991,-0.42645552844629914,0.07973669817831919,0.029107051821680816,11444.469135919906,-383.95203185740684,1.66470386015577,-0.0013869851557699597,0.21406816674103712,0.0025921457589628827,13.88671153065841,-0.1565537181584098,19.22321914182544,-1.1767616418254399
Z-06,2116.0,445,208,0.7935602741531292,38.140772727272726,66.75365909090911,2.5349439393939397,0.15957272727272728,0.08120909090909091,0.42713939393939393,0.09558787878787878,11583.405153030302,1.6522106060606063,0.21074454545454546,14.107192727272727,19.423955757575758,1,0.40740740725651575,11762.594987698638,0.0,0.0,0.0,2242.42333984375,1345.4539794921875,448.48468017578125,0.0,0.0,0.0,0.0,0.0,280.35762725776925,3.2071051176474334,50.0,48.9341042961481,1237.037409888502,2317.7869206854007,2005.3957779405396,1301.849175811025,42.51989406085323,97.51323951819099,73.49776922443691,25.786402179708254,85.6623625617439,-124.9999999999961,-2.473764752249402e-13,52.32573619721396,95.73758789776508,58.680398370013954,33.62003148714232,-5.124226986802332e-13,-1.3517357396219946e-12,-249.9999999999962,-2.0320210464905803e-12,125.0000000000106,886.5686615350572,154.74322483605866,171.01143838385525,236.8821123703755,261.79031127888015,224.52340225000106,134.45971110136233,308.3639388990237,232.42035369064786,81.54376354900862,7.66187463205137,0.0,0.0,0.0,0.0,0.0,0.1378205128205128,1704.09152169473,2150.883761859849,2543.97293897905,2527.449006691196,418.6918835245537,0.0,0.0,0.0,0.0,0.0,-85.48405897573465,0.0,124.99999999999608,0.0,123.10829019346829,0.0,124.9999999999961,0.0,-214.83422419475187,0.0,124.9999999999957,0.0,-140.5372699783924,0.0,-3.367972567502875e-12,45.949173333069666,-7.80840060579694,67.57466529711564,-0.8210062062065333,2.5219970029385355,0.012946936455404234,0.18331784135677687,-0.023745114084049584,0.06178477282684458,0.01942431808224633,0.5999319239940206,-0.1727925300546267,0.07926447981870144,0.01632339896917734,11470.259883905674,113.14526912462861,1.6635306178572655,-0.011320011796659202,0.21340023147565557,-0.002655686021110104,13.88104930168209,0.22614342559063694,19.335837303087715,0.08811845448804334
Z-06,2118.0,445,208,0.7935602741531292,46.761829999999996,67.05430433333332,2.517345333333333,0.21902000000000002,0.06686666666666667,0.3804366666666667,0.08658666666666667,11515.199183666666,1.6565923333333328,0.21141766666666667,13.909327666666668,19.492561000000002,1,0.40740740725651575,11762.594987698638,0.0,0.0,2242.42333984375,1345.4539794921875,448.48468017578125,-149.49488830566406,0.0,0.0,0.0,0.0,0.0,48.9341042961481,478.33989131536634,50.0,1237.037409888502,2317.7869206854007,2005.3957779405396,1301.849175811025,1367.7468387630072,280.35762725776925,42.51989406085323,97.51323951819099,73.49776922443691,25.786402179708254,-2.473764752249402e-13,52.32573619721396,95.73758789776508,58.680398370013954,33.62003148714232,44.916319809574546,-124.9999999999961,-5.124226986802332e-13,-1.3517357396219946e-12,-249.9999999999962,-2.0320210464905803e-12,154.74322483605866,171.01143838385525,236.8821123703755,261.79031127888015,224.52340225000106,204.0814996694088,886.5686615350572,134.45971110136233,308.3639388990237,232.42035369064786,81.54376354900862,0.0,0.0,0.9674772385690651,0.0,0.0,0.14102564102564102,1713.4067232059376,2164.1833705360555,2559.2004624049887,2571.0678723203773,423.45977598197635,2242.42333984375,448.48466796875,0.0,896.9693359375,0.0,1299.2980943519076,0.0,47.34439239454537,0.0,2205.5738256152454,0.0,44.98985820377174,0.0,1105.4781146211315,0.0,51.67358275119229,0.0,63.499461505019504,0.0,-6.007714398319976e-13,46.00308123693026,0.7587487630697396,67.46387008541683,-0.409565752083509,2.523120255732712,-0.0057749223993788235,0.18224815393809557,0.03677184606190445,0.061258826098257835,0.005607840568408837,0.5975266908330923,-0.2170900241664256,0.07880182391454493,0.00778484275212174,11495.700860316021,19.49832335064457,1.6623709085684393,-0.005778575235106498,0.21274048111478816,-0.0013228144481214898,13.875456092411234,0.033871574255433856,19.446954502611902,0.045606497388099854
Z-06,2120.0,445,208,0.7935602741531292,40.88434666666667,64.90997966666666,2.5184626666666663,0.18950333333333333,0.05997333333333333,0.7280166666666666,0.07702,11844.006672,1.6332793333333333,0.19962900000000008,13.837059666666667,20.966518,1,0.40740740725651575,11762.594987698638,0.0,2242.42333984375,1345.4539794921875,448.48468017578125,-149.49488830566406,-597.9795532226562,0.0,0.0,0.0,0.0,0.0,1237.037409888502,1134.4264081946262,50.0,2317.7869206854007,2005.3957779405396,1301.849175811025,1367.7468387630072,852.7192952356895,48.9341042961481,280.35762725776925,42.51989406085323,97.51323951819099,73.49776922443691,52.32573619721396,95.73758789776508,58.680398370013954,33.62003148714232,44.916319809574546,40.84736527776302,-2.473764752249402e-13,-124.9999999999961,-5.124226986802332e-13,-1.3517357396219946e-12,-249.9999999999962,171.01143838385525,236.8821123703755,261.79031127888015,224.52340225000106,204.0814996694088,133.42096139311653,154.74322483605866,886.5686615350572,134.45971110136233,308.3639388990237,232.42035369064786,0.0,0.9674772385690651,0.6709109652440953,0.0,0.0,0.14423076923076922,1722.5521819143926,2177.264997531589,2574.170877317613,2613.7672678080858,428.2486163879387,2242.42333984375,717.5754638671875,0.0,923.4864497420973,2059.583740234375,981.553397018459,0.03703703702331962,32.28655480462833,3413.4375,2535.890319791695,0.03703703702331962,28.21315437860202,2007.583984375,847.2281727312654,0.03703703702331962,41.56587417943131,0.0,-1164.517920472925,0.0,-52.32573619721452,46.05392384429638,-5.169577177629705,67.35439886983397,-2.444419203167314,2.524222872172123,-0.005760205505456639,0.18118773265614596,0.008315600677187368,0.06074301843737118,-0.0007696851040378469,0.5952398289635425,0.1327768377031241,0.078348730465847,-0.001328730465847,11520.792065151007,323.21460684899284,1.6612247322892912,-0.027945398955957934,0.2120889156584358,-0.01245991565843571,13.869931902845828,-0.03287223617916091,19.556570740397774,1.4099472596022267
Z-06,2122.0,445,208,0.7935602741531292,45.19807407407408,65.02196481481481,2.5677633333333327,0.23512222222222223,0.052,0.8429481481481481,0.07315185185185186,12082.015270740741,1.6361507407407405,0.1986611111111111,13.939693333333333,21.659617407407406,1,0.44444444427983537,11762.680474723573,2242.42333984375,1345.4539794921875,448.48468017578125,-149.49488830566406,-597.9795532226562,-448.48468017578125,0.0,0.0,0.0,0.0,0.0,2317.7869206854007,384.1791840260188,1.0335998784445772,2005.3957779405396,1301.849175811025,1367.7468387630072,852.7192952356895,494.4657547451915,1237.037409888502,48.9341042961481,280.35762725776925,42.51989406085323,97.51323951819099,95.73758789776508,58.680398370013954,33.62003148714232,44.916319809574546,40.84736527776302,74.21193971869064,52.32573619721396,-2.473764752249402e-13,-124.9999999999961,-5.124226986802332e-13,-1.3517357396219946e-12,236.8821123703755,261.79031127888015,224.52340225000106,204.0814996694088,133.42096139311653,57.398339333818285,171.01143838385525,154.74322483605866,886.5686615350572,134.45971110136233,308.3639388990237,0.9674772385690651,0.6709109652440953,0.3444934683307362,0.0,0.0,0.14743589743589744,1731.5269310529945,2190.1273242538236,2588.882663286234,2655.5102175414495,433.05436555764214,2242.42333984375,807.2723999023438,0.0,869.6440324798747,-771.2919921875,-586.043734986057,0.03703703702331962,-46.88305029115192,550.38916015625,788.8673305367493,0.03703703702331962,-48.74511191700591,-1006.987060546875,-564.3645569889948,0.03703703702331962,-38.20051926881826,-2242.42333984375,-1412.3126580950302,-0.03703703702331962,-165.96937694135244,46.1017011551678,-0.9036270810937239,67.2462516503673,-2.2242868355524905,2.5253048522567685,0.04245848107656425,0.18013657751092627,0.05498564471129597,0.06023734984418638,-0.008237349844186385,0.5930713383853288,0.24987680976281934,0.07790519947260943,-0.004753347620757575,11545.533498410543,536.4817723301985,1.6600920890198214,-0.0239413482790809,0.21144553510659936,-0.012784423995488264,13.864476732985878,0.07521660034745459,19.664686016445444,1.9949313909619626
Z-06,2124.0,445,208,0.7935602741531292,63.822340740740735,67.10353074074074,2.5081185185185184,0.3578259259259259,0.036759259259259255,0.9542444444444445,0.06897037037037038,11458.237367407406,1.6576996296296298,0.21112444444444448,13.804167777777778,19.442575185185184,1,0.481481481303155,11762.76596174851,1345.4539794921875,448.48468017578125,-149.49488830566406,-597.9795532226562,-448.48468017578125,-149.49488830566406,2242.42333984375,0.0,0.0,0.0,0.0,2005.3957779405396,-507.9688724371879,1.4904777369735138,1301.849175811025,1367.7468387630072,852.7192952356895,494.4657547451915,312.2340991936321,2317.7869206854007,1237.037409888502,48.9341042961481,280.35762725776925,42.51989406085323,58.680398370013954,33.62003148714232,44.916319809574546,40.84736527776302,74.21193971869064,116.95921688035007,95.73758789776508,52.32573619721396,-2.473764752249402e-13,-124.9999999999961,-5.124226986802332e-13,261.79031127888015,224.52340225000106,204.0814996694088,133.42096139311653,57.398339333818285,28.87108497044287,236.8821123703755,171.01143838385525,154.74322483605866,886.5686615350572,134.45971110136233,0.6709109652440953,0.3444934683307362,-0.10929869129359948,0.9674772385690651,0.0,0.15064102564102563,1740.3300228289286,2202.76905423199,2603.3343264225646,2696.2607732739175,437.87300828575445,2242.42333984375,777.373422241211,-149.49488830566406,898.96038710882,-462.77520751953125,-672.5960216625813,0.03703703702331956,-22.920196112296175,516.4210205078125,518.1098906835091,0.03703703702331956,-26.51029274021294,-882.1653747558594,-806.7073550780885,0.03703703702331956,-22.329109486352387,555.667236328125,-67.80720878221973,-0.03703703702331962,39.38810317825796,46.14641316954476,17.675927571195977,67.13942842701658,-0.03589768627584533,2.526366195986647,-0.018247677468128387,0.17909468850243915,0.17873123742348673,0.059741820318703454,-0.022982561059444198,0.5910212190984936,0.36322322534595086,0.07747123093483133,-0.00850086056446095,11569.925160094746,-111.68779268734033,1.6589729787600245,-0.0012733491303946742,0.21081033945927707,0.0003141049851674016,13.859090582831392,-0.054922805053614354,19.77130033075491,-0.3287251455697273
Z-06,2126.0,445,208,0.7935602741531292,51.9049037037037,67.2576737037037,2.541016666666667,0.27880370370370366,0.05204814814814815,0.6076518518518519,0.07713703703703703,11534.934135185184,1.6577766666666665,0.21342592592592594,14.149525555555558,19.14063444444444,1,0.5185185183264746,11762.851448773445,448.48468017578125,-149.49488830566406,-597.9795532226562,-448.48468017578125,-149.49488830566406,448.48468017578125,1345.4539794921875,2242.42333984375,0.0,0.0,0.0,1301.849175811025,-318.8244695887662,2.9026575012381373,1367.7468387630072,852.7192952356895,494.4657547451915,312.2340991936321,557.7976129970723,2005.3957779405396,2317.7869206854007,1237.037409888502,48.9341042961481,280.35762725776925,33.62003148714232,44.916319809574546,40.84736527776302,74.21193971869064,116.95921688035007,76.9775769446021,58.680398370013954,95.73758789776508,52.32573619721396,-2.473764752249402e-13,-124.9999999999961,224.52340225000106,204.0814996694088,133.42096139311653,57.398339333818285,28.87108497044287,63.57619516356659,261.79031127888015,236.8821123703755,171.01143838385525,154.74322483605866,886.5686615350572,0.3444934683307362,-0.10929869129359948,-0.7012472372172434,0.6709109652440953,0.9674772385690651,0.15384615384615385,1748.9605284482034,2215.1889132464958,2617.524399510513,2735.9840249958456,442.7005572529655,2242.42333984375,657.7775115966797,-597.9795532226562,1025.3213494558693,-301.3715515136719,-34.068848321101314,0.03703703702331962,11.394522875887205,327.29656982421875,1249.9185405934577,0.03703703702331962,2.789101934981076,-602.9142150878906,-126.4740679911647,-0.03703703702331956,10.643218988245586,721.4360961914062,565.9889194221407,-0.03703703702331956,27.633911591504535,46.188059887427016,5.716843816276686,67.03392919978205,0.22374450392165102,2.5274069033617597,0.013609763304907485,0.17806206563068194,0.10074163807302172,0.0592564298609215,-0.007208281712773351,0.5890894711030086,0.01856238074884331,0.07704682485251269,9.021218452434643e-05,11593.96705020353,-59.0329150183461,1.6578674015099057,-9.073484323929293e-05,0.21018332871647072,0.003242597209455217,13.85377345238237,0.29575210317318756,19.876413683326177,-0.7357792388817366
Z-06,2128.0,445,208,0.7935602741531292,25.065926923076923,68.06081615384616,2.532071923076923,0.10178846153846154,0.06688846153846154,0.6796692307692308,0.07605769230769231,11529.481428461539,1.6703669230769231,0.21476038461538463,13.809232307692307,19.66325807692308,1,0.481481481303155,11762.76596174851,-149.49488830566406,-597.9795532226562,-448.48468017578125,-149.49488830566406,448.48468017578125,1046.4642333984375,448.48468017578125,1345.4539794921875,2242.42333984375,0.0,0.0,1367.7468387630072,-224.5649402876677,9.148030035424876,852.7192952356895,494.4657547451915,312.2340991936321,557.7976129970723,1056.1328504847977,1301.849175811025,2005.3957779405396,2317.7869206854007,1237.037409888502,48.9341042961481,44.916319809574546,40.84736527776302,74.21193971869064,116.95921688035007,76.9775769446021,36.98743436636508,33.62003148714232,58.680398370013954,95.73758789776508,52.32573619721396,-2.473764752249402e-13,204.0814996694088,133.42096139311653,57.398339333818285,28.87108497044287,63.57619516356659,173.65666150239622,224.52340225000106,261.79031127888015,236.8821123703755,171.01143838385525,154.74322483605866,-0.10929869129359948,-0.7012472372172434,-0.9069758712117528,0.3444934683307362,0.6709109652440953,0.15705128205128205,1757.4175381421103,2227.385649456112,2631.451442134437,2774.6461131532637,447.533056559298,1345.4539794921875,119.59590759277344,-597.9795532226562,710.0613761884676,-144.7313690185547,-625.3239272213307,0.03703703702331956,-0.2903717971211677,-5.6613616943359375,454.7540582059521,0.03703703702331956,-16.91630454642257,-313.79371643066406,-661.6120432297972,-0.03703703702331962,-2.312327424525435,441.97508239746094,-60.44493608605035,0.03703703702331956,-9.024159700938199,46.22664130881458,-21.160714385737656,66.92975396866348,1.1310621851826852,2.528426974382109,0.003644948694814243,0.17703870889565554,-0.075250247357194,0.05878117847084052,0.008107283067621013,0.5872760943989022,0.09239313637032864,0.07663198122565351,-0.0005742889179611993,11617.659168736951,-88.17774027541236,1.656775357269467,0.01359156580745613,0.20956450287817852,0.005195881737206115,13.84852534163879,-0.039293033946483646,19.98002607415924,-0.31676799723616256
Z-06,2130.0,445,208,0.7935602741531292,34.290619230769224,68.36353961538462,2.4689811538461535,0.1620730769230769,0.10170384615384617,0.5708307692307693,0.11628461538461539,11013.599741923077,1.6693134615384615,0.2199180769230769,13.834421153846154,17.658834615384617,1,0.44444444427983537,11762.680474723573,-597.9795532226562,-448.48468017578125,-149.49488830566406,448.48468017578125,1046.4642333984375,1494.9488525390625,-149.49488830566406,448.48468017578125,1345.4539794921875,2242.42333984375,0.0,852.7192952356895,-436.64054200890786,1.4259582382795368,494.4657547451915,312.2340991936321,557.7976129970723,1056.1328504847977,1561.420693941278,1367.7468387630072,1301.849175811025,2005.3957779405396,2317.7869206854007,1237.037409888502,40.84736527776302,74.21193971869064,116.95921688035007,76.9775769446021,36.98743436636508,29.40633038455493,44.916319809574546,33.62003148714232,58.680398370013954,95.73758789776508,52.32573619721396,133.42096139311653,57.398339333818285,28.87108497044287,63.57619516356659,173.65666150239622,287.93835205739094,204.0814996694088,224.52340225000106,261.79031127888015,236.8821123703755,171.01143838385525,-0.7012472372172434,-0.9069758712117528,-0.4787636977555015,-0.10929869129359948,0.3444934683307362,0.16025641025641024,1765.700161195361,2239.3580335229485,2645.1140408057763,2812.214241947088,452.3665849134887,448.48468017578125,-179.39386596679688,-597.9795532226562,358.78773956298835,156.64016723632812,-329.99542749559305,0.03703703702331962,51.130003515496014,-22.64544677734375,760.8305762350542,0.03703703702331962,-8.896227291738796,134.69094848632812,-356.13498238024266,-0.03703703702331962,38.105399472471774,305.4993591308594,457.0470350901253,0.03703703702331962,0.7238220274224716,46.262157433708126,-11.971538202938902,66.82690273366109,1.5366368817235383,2.529426409047691,-0.06044525520153732,0.17602461829735994,-0.013951541374283033,0.05831606614846141,0.04338778000538476,0.5855810889861317,-0.014750319755362451,0.07622670005425292,0.04005791533036247,11641.001515694952,-627.401773771875,1.655696846038703,0.013616615499758566,0.20895386194440224,0.010964214978674669,13.843346250600682,-0.008925096754527573,20.082137503254103,-2.423302887869486
Z-06,2132.0,445,208,0.7935602741531292,48.65854230769231,66.62629846153845,2.5488669230769236,0.25765,0.0702923076923077,0.6590692307692307,0.09346923076923076,11665.72717923077,1.6509099999999999,0.20997423076923075,14.17423346153846,19.62433,1,0.40740740725651575,11762.594987698638,-448.48468017578125,-149.49488830566406,448.48468017578125,1046.4642333984375,1494.9488525390625,1793.938720703125,-597.9795532226562,-149.49488830566406,448.48468017578125,1345.4539794921875,2242.42333984375,494.4657547451915,-270.2425980210287,1.1024815768096694,312.2340991936321,557.7976129970723,1056.1328504847977,1561.420693941278,2179.0363590052907,852.7192952356895,1367.7468387630072,1301.849175811025,2005.3957779405396,2317.7869206854007,74.21193971869064,116.95921688035007,76.9775769446021,36.98743436636508,29.40633038455493,28.581739577552,40.84736527776302,44.916319809574546,33.62003148714232,58.680398370013954,95.73758789776508,57.398339333818285,28.87108497044287,63.57619516356659,173.65666150239622,287.93835205739094,407.5868350391202,133.42096139311653,204.0814996694088,224.52340225000106,261.79031127888015,236.8821123703755,-0.9069758712117528,-0.4787636977555015,0.8040019072904546,-0.7012472372172434,-0.10929869129359948,0.16346153846153846,1773.807525975728,2251.104858735231,2658.510809087991,2848.656693477606,457.1972585066371,448.48468017578125,-179.39386596679688,-597.9795532226562,358.78773956298835,301.3715515136719,-135.65793579722492,0.03703703702331962,32.12169418795705,-327.29656982421875,505.2868456879569,0.03703703702331962,-46.51773034572029,294.0551452636719,-133.18163198604867,-0.03703703702331962,26.16481433120616,-136.4757080078125,306.2218920968926,0.03703703702331962,-40.72100640411683,46.29460826210652,2.3639340455857862,66.72537549477454,-0.0990770332360853,2.5304052073585073,0.01846171571841637,0.17501979383579602,0.08263020616420397,0.05786109289378327,0.012431214798524423,0.5840044548647398,0.0750647759044909,0.07583098133831356,0.0176382494309172,11663.994091077591,1.7330881531779596,1.6546318678176153,-0.0037218678176154096,0.20835140591513923,0.0016228248540915147,13.83823617926803,0.33599728227043,20.18274797061065,-0.5584179706106482
Z-06,2134.0,445,208,0.7935602741531292,29.740485185185186,67.5701974074074,2.499837037037037,0.13215555555555555,0.0845888888888889,0.6049703703703704,0.0964814814814815,11280.56439037037,1.6608585185185187,0.21541518518518515,13.96322851851852,18.484425925925922,1,0.37037037023319613,11762.509500673703,-149.49488830566406,448.48468017578125,1046.4642333984375,1494.9488525390625,1793.938720703125,1494.9488525390625,-448.48468017578125,-597.9795532226562,-149.49488830566406,448.48468017578125,1345.4539794921875,312.2340991936321,31.66592912594041,2.0883447408223907,557.7976129970723,1056.1328504847977,1561.420693941278,2179.0363590052907,2816.0605183539906,494.4657547451915,852.7192952356895,1367.7468387630072,1301.849175811025,2005.3957779405396,116.95921688035007,76.9775769446021,36.98743436636508,29.40633038455493,28.581739577552,29.11192362941894,74.21193971869064,40.84736527776302,44.916319809574546,33.62003148714232,58.680398370013954,28.87108497044287,63.57619516356659,173.65666150239622,287.93835205739094,407.5868350391202,521.9231158833418,57.398339333818285,133.42096139311653,204.0814996694088,224.52340225000106,261.79031127888015,-0.4787636977555015,0.8040019072904546,0.9908285367075579,-0.9069758712117528,-0.7012472372172434,0.16666666666666666,1781.7387799649227,2262.624941127865,2671.6403877197563,2883.942842527118,462.02123359703563,1046.4642333984375,59.79795837402344,-597.9795532226562,609.8218915487223,443.7211456298828,263.7587140600608,0.11111111106995886,-58.245741884535896,-315.97386169433594,212.52392453953735,0.03703703702331962,-27.301822473028594,458.3539581298828,248.21378471155072,0.03703703702331962,-52.03781918803017,-289.2253875732422,188.74829133440466,0.03703703702331962,-42.86920443089015,46.323993794010676,-16.58350860882549,66.62517225200429,0.9450251554031155,2.5313633693145565,-0.031526332277519664,0.1740242355109629,-0.041868679955407356,0.05741625870680611,0.027172630182082783,0.5825461920346982,0.02242417833567223,0.07544482507783279,0.021036656403648712,11686.63689488484,-406.07250451447,1.653580422606204,0.007278095912314653,0.20775713479039304,0.007658050394792115,13.833195127640842,0.13003339087767785,20.281857476228993,-1.7974315503030702
Z-06,2136.0,445,208,0.7935602741531292,32.53948846153846,66.00505884615384,2.460216153846154,0.15011538461538462,0.09456153846153845,0.33375769230769237,0.10808461538461539,11374.847098846154,1.6444730769230769,0.20627807692307693,13.62368923076923,19.507151153846156,1,0.40740740725651575,11762.594987698638,448.48468017578125,1046.4642333984375,1494.9488525390625,1793.938720703125,1494.9488525390625,747.4744262695312,-149.49488830566406,-448.48468017578125,-597.9795532226562,-149.49488830566406,448.48468017578125,557.7976129970723,371.9493756455828,1.2436889430989706,1056.1328504847977,1561.420693941278,2179.0363590052907,2816.0605183539906,3203.676881116194,312.2340991936321,494.4657547451915,852.7192952356895,1367.7468387630072,1301.849175811025,76.9775769446021,36.98743436636508,29.40633038455493,28.581739577552,29.11192362941894,25.4237255091369,116.95921688035007,74.21193971869064,40.84736527776302,44.916319809574546,33.62003148714232,63.57619516356659,173.65666150239622,287.93835205739094,407.5868350391202,521.9231158833418,635.3735209375841,28.87108497044287,57.398339333818285,133.42096139311653,204.0814996694088,224.52340225000106,0.8040019072904546,0.9908285367075579,0.9574176821629596,-0.4787636977555015,-0.9069758712117528,0.16987179487179488,1789.4930897905972,2273.917119600748,2684.5014447362714,2918.0431717979645,466.83470883172026,1494.9488525390625,478.3836395263672,-448.48468017578125,722.5414408865198,581.3071899414062,627.2381085924237,0.1111111110699588,-36.38935806520068,-448.48468017578125,-416.0693726186977,0.0,65.6299443329242,632.5220336914062,606.6235714270304,0.03703703702331962,-31.038013131009272,-594.7247772216797,-228.62040446085336,-0.03703703702331962,49.14854773963188,46.35031402942013,-13.810825567881672,66.52629300535,-0.5212341591961547,2.5323008949158403,-0.07208474106968632,0.1730379433228606,-0.022922558707475976,0.0569815635875317,0.037579974874006744,0.581206300496035,-0.2474486081883427,0.07506823127281237,0.03301638411180302,11708.929927116667,-334.08282827051335,1.652542510404471,-0.008069433481394217,0.207171048570161,-0.0008929716470840732,13.828223095719096,-0.20453386494986603,20.379466020109135,-0.8723148662629789
Z-06,2138.0,445,208,0.7935602741531292,40.99095,64.2652953846154,2.5501376923076924,0.20600769230769228,0.068,0.5399538461538461,0.08655769230769231,12119.124651538461,1.6266930769230767,0.19569807692307692,13.937123461538464,21.86760615384615,1,0.44444444427983537,11762.680474723573,1046.4642333984375,1494.9488525390625,1793.938720703125,1494.9488525390625,747.4744262695312,-298.9897766113281,448.48468017578125,-149.49488830566406,-448.48468017578125,-597.9795532226562,-149.49488830566406,1056.1328504847977,501.8115404721028,1.0092221236377095,1561.420693941278,2179.0363590052907,2816.0605183539906,3203.676881116194,3772.105325277378,557.7976129970723,312.2340991936321,494.4657547451915,852.7192952356895,1367.7468387630072,36.98743436636508,29.40633038455493,28.581739577552,29.11192362941894,25.4237255091369,25.588046072901978,76.9775769446021,116.95921688035007,74.21193971869064,40.84736527776302,44.916319809574546,173.65666150239622,287.93835205739094,407.5868350391202,521.9231158833418,635.3735209375841,745.7018983036031,63.57619516356659,28.87108497044287,57.398339333818285,133.42096139311653,204.0814996694088,0.9908285367075579,0.9574176821629596,0.823264850255886,0.8040019072904546,-0.4787636977555015,0.17307692307692307,1797.069641259263,2284.980256034858,2697.0926755887076,2950.929287444251,471.63392732878253,1793.938720703125,926.8683197021485,-149.49488830566406,703.7383628554691,571.7801513671875,562.2833044525808,0.1111111110699588,-4.695837539333233,-425.8392333984375,-435.07286738639596,0.0,36.99031537958716,497.8311767578125,510.07295899515407,0.03703703702331962,-3.6374018655207365,-461.50384521484375,-398.15868438714915,-0.03703703702331962,44.07954489859131,46.37356896833512,-5.382618968335123,66.42873775481178,-2.1634423701963783,2.5332177841623587,0.01691990814533373,0.1720609172714882,0.03394677503620408,0.05655700753595827,0.011442992464041735,0.5799847802487221,-0.040030934094876014,0.07470119992325053,0.01185649238444178,11730.873187773133,388.25146376532757,1.6515181312124163,-0.024825054289339565,0.2065931472544449,-0.010895070331367968,13.823320083502821,0.11380337803564267,20.475573602251075,1.3920325515950758
Z-06,2140.0,445,208,0.7935602741531292,29.05517037037037,64.72910296296297,2.462198148148148,0.12693333333333331,0.09902592592592593,0.12027037037037037,0.11045925925925928,11603.468431111112,1.6312499999999999,0.19870666666666667,13.530620740740737,20.594026666666668,1,0.481481481303155,11762.76596174851,1494.9488525390625,1793.938720703125,1494.9488525390625,747.4744262695312,-298.9897766113281,-1644.4437255859375,1046.4642333984375,448.48468017578125,-149.49488830566406,-448.48468017578125,-597.9795532226562,1561.420693941278,561.4517542602465,1.0444518343193767,2179.0363590052907,2816.0605183539906,3203.676881116194,3772.105325277378,4148.278761718796,1056.1328504847977,557.7976129970723,312.2340991936321,494.4657547451915,852.7192952356895,29.40633038455493,28.581739577552,29.11192362941894,25.4237255091369,25.588046072901978,25.229306169192412,36.98743436636508,76.9775769446021,116.95921688035007,74.21193971869064,40.84736527776302,287.93835205739094,407.5868350391202,521.9231158833418,635.3735209375841,745.7018983036031,825.8768248594522,173.65666150239622,63.57619516356659,28.87108497044287,57.398339333818285,133.42096139311653,0.9574176821629596,0.823264850255886,0.5308619532384099,0.9908285367075579,0.8040019072904546,0.17628205128205127,1804.4676393899417,2295.8132354060276,2709.4128032616545,2982.573934753873,476.41517854298854,1793.938720703125,1255.7570678710938,448.48468017578125,468.94714193546434,564.6348876953125,590.4645000061687,0.1111111110699588,-1.5855522968481353,-253.6988525390625,-266.6730479679427,0.0,1.7442093040997477,358.20556640625,504.02466340085766,0.03703703702331956,-1.7571018903801416,-325.028076171875,-391.47676231003584,-0.03703703702331962,5.8228926182818235,46.39375861075564,-17.33858824038527,66.33250650038974,-1.6034035374267717,2.5341140370541098,-0.0719158889059619,0.17109315735684838,-0.044159824023515065,0.0561425905520867,0.04288333537383923,0.5788816312927594,-0.458611260922389,0.07434373102914904,0.036115528230110244,11752.466676854208,-148.99824574309605,1.6505072850300362,-0.01925728503003632,0.20602343084324293,-0.007316764176576257,13.818486090992003,-0.28786535025126625,20.570180222654812,0.02384644401185554
Z-06,2142.0,445,208,0.7935602741531292,46.15984642857143,63.990119642857145,2.505421071428571,0.23321785714285714,0.069575,0.4388142857142857,0.09053928571428572,11956.659684999997,1.6238814285714285,0.19402571428571427,13.664997142857143,21.73455107142857,1,0.5185185183264746,11762.851448773445,1793.938720703125,1494.9488525390625,747.4744262695312,-298.9897766113281,-1644.4437255859375,-2989.897705078125,1494.9488525390625,1046.4642333984375,448.48468017578125,-149.49488830566406,-448.48468017578125,2179.0363590052907,627.3199122063563,1.2146539212530927,2816.0605183539906,3203.676881116194,3772.105325277378,4148.278761718796,4568.706737835024,1561.420693941278,1056.1328504847977,557.7976129970723,312.2340991936321,494.4657547451915,28.581739577552,29.11192362941894,25.4237255091369,25.588046072901978,25.229306169192412,25.268418653081106,29.40633038455493,36.98743436636508,76.9775769446021,116.95921688035007,74.21193971869064,407.5868350391202,521.9231158833418,635.3735209375841,745.7018983036031,825.8768248594522,908.8751932560245,287.93835205739094,173.65666150239622,63.57619516356659,28.87108497044287,57.398339333818285,0.823264850255886,0.5308619532384099,0.23331637176595035,0.9574176821629596,0.9908285367075579,0.1794871794871795,1811.6863084484519,2306.414965896498,2721.4605783885827,3012.951013853577,481.17479993571305,1793.938720703125,1315.5550170898437,747.4744262695312,371.03656741931326,265.64501953125,479.7090011218379,0.11111111106995886,-1.7358788579149227,-397.532470703125,-278.5682634483155,0.0,-0.03533635482704156,-95.2138671875,431.8042797851949,0.03703703702331962,-1.2282923773977252,-185.297607421875,-425.1474968639716,-0.03703703702331956,-0.12141321685342987,46.41088295668146,-0.25103652811003485,66.23759924208366,-2.2474795992265157,2.5349896535910954,-0.029568582162524226,0.17013466357893847,0.06308319356391867,0.05573831263591522,0.013836687364084777,0.5778968536281752,-0.1390825679138895,0.07399582459050613,0.016543461123779593,11773.710394359892,182.94929064010466,1.6495099718573325,-0.025628543285904026,0.2054618993365569,-0.011436185050842623,13.813721118186635,-0.14872397532949222,20.663285881320235,1.0712651901083348
Z-06,2144.0,445,208,0.7935602741531292,34.949562962962965,63.63143925925926,2.3509048148148146,0.13646296296296295,0.058300000000000005,0.3610222222222222,0.07058518518518518,11257.066074074073,1.6200796296296291,0.19199,12.817549259259259,20.558432222222223,1,0.5555555553497942,11762.93693579838,1494.9488525390625,747.4744262695312,-298.9897766113281,-1644.4437255859375,-2989.897705078125,-4185.85693359375,1793.938720703125,1494.9488525390625,1046.4642333984375,448.48468017578125,-149.49488830566406,2816.0605183539906,512.3202610554517,1.8836945003751913,3203.676881116194,3772.105325277378,4148.278761718796,4568.706737835024,4846.116594687478,2179.0363590052907,1561.420693941278,1056.1328504847977,557.7976129970723,312.2340991936321,29.11192362941894,25.4237255091369,25.588046072901978,25.229306169192412,25.268418653081106,25.160380272389443,28.581739577552,29.40633038455493,36.98743436636508,76.9775769446021,116.95921688035007,521.9231158833418,635.3735209375841,745.7018983036031,825.8768248594522,908.8751932560245,966.1293115390991,407.5868350391202,287.93835205739094,173.65666150239622,63.57619516356659,28.87108497044287,0.5308619532384099,0.23331637176595035,-0.07926299441844792,0.823264850255886,0.9574176821629596,0.18269230769230768,1818.724891982126,2316.7843790041366,2733.2347793651843,3042.035595323744,485.90917846868507,1793.938720703125,1046.4642150878906,-298.9897766113281,756.3909589889564,270.40869140625,300.7223015372442,0.11111111106995886,-3.4040487734553935,-253.6988525390625,-497.3286702191672,0.0,-6.696877576383045,-259.5125732421875,173.8898909953923,0.03703703702331962,-4.314161201715621,259.9322509765625,-478.6019028113683,-0.03703703702331962,-3.2665228967136173,46.42494200611259,-11.475379043149623,66.14401597989365,-2.5125767206343923,2.5358446337733156,-0.18493981895850098,0.16918543593776025,-0.0327224729747973,0.055344173787445605,0.0029558262125543994,0.5770304472549554,-0.21600822503273326,0.07365748060732358,-0.0030722954221383963,11794.604340290156,-537.5382662160828,1.648526191694307,-0.028446562064677883,0.2049085527343859,-0.012918552734385913,13.80902516508673,-0.9914759058274711,20.754890578247455,-0.1964583560252322
Z-06,2146.0,445,208,0.7935602741531292,44.28654814814814,60.50791074074073,2.6056100000000004,0.20145185185185183,0.027366666666666664,0.8162962962962963,0.04546296296296296,13145.303231111111,1.5892862962962964,0.17176703703703702,13.68668148148148,26.358813703703703,1,0.5925925923731138,11763.022422823315,747.4744262695312,-298.9897766113281,-1644.4437255859375,-2989.897705078125,-4185.85693359375,-4933.33154296875,1494.9488525390625,1793.938720703125,1494.9488525390625,1046.4642333984375,448.48468017578125,3203.676881116194,478.0224034616938,4.2858997585132155,3772.105325277378,4148.278761718796,4568.706737835024,4846.116594687478,5060.917692029402,2816.0605183539906,2179.0363590052907,1561.420693941278,1056.1328504847977,557.7976129970723,25.4237255091369,25.588046072901978,25.229306169192412,25.268418653081106,25.160380272389443,24.77205449830144,29.11192362941894,28.581739577552,29.40633038455493,36.98743436636508,76.9775769446021,635.3735209375841,745.7018983036031,825.8768248594522,908.8751932560245,966.1293115390991,1016.8297891059595,521.9231158833418,407.5868350391202,287.93835205739094,173.65666150239622,63.57619516356659,0.23331637176595035,-0.07926299441844792,-0.3964142122393846,0.5308619532384099,0.823264850255886,0.1858974358974359,1825.582652854884,2326.9204296493467,2744.7342124606,3069.8039356220397,490.61475193954755,1793.938720703125,418.5856994628906,-1644.4437255859375,1259.3114259336849,135.204345703125,509.02748366319156,0.11111111106995886,1.50148900014635,28.30682373046875,-208.25651562603525,0.0,-1.16789543789411,-438.6153564453125,426.0334794923356,0.03703703702331962,1.151512680002515,714.9265747070312,-215.47706685022558,-0.03703703702331962,0.06984087569036745,46.435935759049244,-2.149387610901101,66.05175671381971,-5.54384597307898,2.5366789776007703,0.0689310223992301,0.16824547443331195,0.03320637741853988,0.05496017400667785,-0.02759350734001119,0.5762824121730858,0.24001388412321045,0.07332869907960049,-0.027865736116637528,11815.148514645058,1330.1547164660533,1.6475559445409598,-0.05826964824466341,0.20436339103672907,-0.032596353999692046,13.80439823169229,-0.11771675021080874,20.844994313436587,5.513819390267116
Z-06,2148.0,445,208,0.7935602741531292,51.248207692307695,64.38501653846153,2.558529230769231,0.25250769230769227,0.04245384615384616,0.7447923076923076,0.06516153846153847,12135.228685,1.6281834615384616,0.1961819230769231,13.97442730769231,21.853816538461537,1,0.5555555553497942,11762.93693579838,-298.9897766113281,-1644.4437255859375,-2989.897705078125,-4185.85693359375,-4933.33154296875,-5232.3212890625,747.4744262695312,1494.9488525390625,1793.938720703125,1494.9488525390625,1046.4642333984375,3772.105325277378,472.3009403013009,12.615415930764064,4148.278761718796,4568.706737835024,4846.116594687478,5060.917692029402,5255.755343023221,3203.676881116194,2816.0605183539906,2179.0363590052907,1561.420693941278,1056.1328504847977,25.588046072901978,25.229306169192412,25.268418653081106,25.160380272389443,24.77205449830144,25.576630867829728,25.4237255091369,29.11192362941894,28.581739577552,29.40633038455493,36.98743436636508,745.7018983036031,825.8768248594522,908.8751932560245,966.1293115390991,1016.8297891059595,1039.23430109471,635.3735209375841,521.9231158833418,407.5868350391202,287.93835205739094,173.65666150239622,-0.07926299441844792,-0.3964142122393846,-0.654427217183205,0.23331637176595035,0.5308619532384099,0.1891025641025641,1832.2588732825004,2336.8220962796913,2755.957711926473,3096.2334922259256,495.2880101758052,1494.9488525390625,-538.1815856933594,-2989.897705078125,1617.3108132765462,4.763519287109375,177.25308828619336,0.11111111106995886,-1.2934562828149296,143.83352661132812,-302.6730133510746,0.0,-1.226140269170152,-627.5874328613281,95.17870076433655,0.03703703702331962,-1.535148436662599,1030.1902770996094,-239.53544592870276,0.03703703702331962,-1.0546519725791583,46.44386421549143,4.804343476816264,65.96082144386196,-1.5758049054004317,2.5374926850734596,0.02103654569577129,0.16731477906559533,0.08519291324209693,0.054586313293611965,-0.012132467139765804,0.5756527483825664,0.16913955930974123,0.07300948000733776,-0.007847941545799292,11835.342917424568,299.8857675754316,1.646599230397289,-0.01841576885882734,0.20382641424358816,-0.007644491166665074,13.799840318003305,0.1745869896890042,20.933597086887403,0.920219451574134
Z-06,2150.0,445,208,0.7935602741531292,77.14313703703702,65.99229111111111,2.5067437037037035,0.41439259259259265,0.03334074074074075,0.7436703703703705,0.07060370370370371,11651.842804074076,1.645357037037037,0.20528037037037036,13.769034814814816,20.304866296296296,0,0.5185185183264746,11762.851448773445,-1644.4437255859375,-2989.897705078125,-4185.85693359375,-4933.33154296875,-5232.3212890625,-4933.33154296875,-298.9897766113281,747.4744262695312,1494.9488525390625,1793.938720703125,1494.9488525390625,4148.278761718796,398.3007062788229,2.5225757010525807,4568.706737835024,4846.116594687478,5060.917692029402,5255.755343023221,5397.594751053245,3772.105325277378,3203.676881116194,2816.0605183539906,2179.0363590052907,1561.420693941278,25.229306169192412,25.268418653081106,25.160380272389443,24.77205449830144,25.576630867829728,26.872958031653493,25.588046072901978,25.4237255091369,29.11192362941894,28.581739577552,29.40633038455493,825.8768248594522,908.8751932560245,966.1293115390991,1016.8297891059595,1039.23430109471,1041.2200870878105,745.7018983036031,635.3735209375841,521.9231158833418,407.5868350391202,287.93835205739094,-0.3964142122393846,-0.654427217183205,-0.8637517176934135,-0.07926299441844792,0.23331637176595035,0.1923076923076923,1838.7528548679659,2346.4883809721364,2766.9041401037716,3121.3029384138013,499.9254961023363,747.4744262695312,-1674.3427429199219,-4185.85693359375,1777.4181569100326,26.1993408203125,320.4793772713465,0.11111111106995886,0.04406580745149924,248.0374755859375,-79.32120319840033,0.0,-0.019683194062974252,-517.5697021484375,208.07078239663133,0.03703703702331962,-0.5654048136671115,1205.7234497070312,29.80554291149383,0.03703703702331962,-0.07304360839601642,46.44872737543915,30.694409661597874,65.87121017002016,0.12108094109095191,2.5382857561913816,-0.03154205248767816,0.16639334983460952,0.24799924275798313,0.054222591648246166,-0.02088185090750542,0.5751414558834256,0.16852891448694496,0.0726998233905336,-0.002096119686829892,11855.187548628688,-203.34474455461168,1.6456560492632928,-0.0002990122262558348,0.20329762235496052,0.0019827480154098465,13.79535142401977,-0.02631660920495449,21.020698898600017,-0.7158326023037205
Z-06,2152.0,445,208,0.7935602741531292,25.626903703703697,67.47837555555556,2.419553703703704,0.013322222222222223,0.11376666666666668,0.09166666666666666,0.11495555555555556,10931.62696,1.6597611111111112,0.2150011111111111,13.519502962962964,17.93905185185185,1,0.481481481303155,11762.76596174851,-2989.897705078125,-4185.85693359375,-4933.33154296875,-5232.3212890625,-4933.33154296875,-3886.8671875,-1644.4437255859375,-298.9897766113281,747.4744262695312,1494.9488525390625,1793.938720703125,4568.706737835024,348.918916484341,1.528038730212649,4846.116594687478,5060.917692029402,5255.755343023221,5397.594751053245,5413.395719584952,4148.278761718796,3772.105325277378,3203.676881116194,2816.0605183539906,2179.0363590052907,25.268418653081106,25.160380272389443,24.77205449830144,25.576630867829728,26.872958031653493,27.211434908764023,25.229306169192412,25.588046072901978,25.4237255091369,29.11192362941894,28.581739577552,908.8751932560245,966.1293115390991,1016.8297891059595,1039.23430109471,1041.2200870878105,1037.7531335884366,825.8768248594522,745.7018983036031,635.3735209375841,521.9231158833418,407.5868350391202,-0.654427217183205,-0.8637517176934135,-0.9747864839189493,-0.3964142122393846,-0.07926299441844792,0.1955128205128205,1845.063918636822,2355.918309532981,2777.5723875273366,3144.992177613102,504.52380669632555,-298.9897766113281,-2810.503936767578,-4933.33154296875,1679.1411392973203,-99.47802734375,172.14306005828985,0.1111111110699588,0.07693813831263441,197.085205078125,-117.92428931784161,0.0,-0.16041488904623336,-561.981689453125,110.80355758227324,0.03703703702331956,0.15455022831018184,1088.7764892578125,54.845739145389416,0.03703703702331956,-0.7084028630081782,46.45052523889217,-20.823621535188472,65.78292289229444,1.695452663261122,2.539058190954538,-0.1195044872508344,0.1654811867403554,-0.15215896451813316,0.05386900907058223,0.05989765759608445,0.5747485346756491,-0.48308186800898245,0.07239972922918891,0.04255582632636665,11874.682408257388,-943.055448257388,1.644726401138973,0.015034709972138183,0.2027770153708497,0.012224095740261398,13.7909315497417,-0.27142858677873605,21.10629974857443,-3.1672478967225786
Z-06,2154.0,445,208,0.7935602741531292,20.61972692307692,66.4089873076923,2.452685769230769,0.009619230769230769,0.10393846153846154,0.0687653846153846,0.10482307692307691,11259.661164230767,1.6485192307692307,0.20881192307692306,13.634545000000003,19.033075384615383,1,0.44444444427983537,11762.680474723573,-4185.85693359375,-4933.33154296875,-5232.3212890625,-4933.33154296875,-3886.8671875,-2391.918212890625,-2989.897705078125,-1644.4437255859375,-298.9897766113281,747.4744262695312,1494.9488525390625,4846.116594687478,246.10547709718912,1.1577309088906407,5060.917692029402,5255.755343023221,5397.594751053245,5413.395719584952,5290.809006310557,4568.706737835024,4148.278761718796,3772.105325277378,3203.676881116194,2816.0605183539906,25.160380272389443,24.77205449830144,25.576630867829728,26.872958031653493,27.211434908764023,27.357809037847694,25.268418653081106,25.229306169192412,25.588046072901978,25.4237255091369,29.11192362941894,966.1293115390991,1016.8297891059595,1039.23430109471,1041.2200870878105,1037.7531335884366,1011.5361946872574,908.8751932560245,825.8768248594522,745.7018983036031,635.3735209375841,521.9231158833418,-0.8637517176934135,-0.9747864839189493,-0.9955378812402681,-0.654427217183205,-0.3964142122393846,0.1987179487179487,1851.1914050723842,2365.1109315954245,2787.961373028132,3167.2823572515063,509.0795938422317,-1644.4437255859375,-3797.1702392578127,-5232.3212890625,1325.7087747515436,-80.423828125,199.61382245419827,0.1111111110699588,0.4006195762059832,151.79443359375,6.934894778462876,0.0,0.18039407345859715,-292.599609375,42.43807684537205,0.03703703702331962,-0.5952027084317564,822.334716796875,240.63545198847805,0.03703703702331962,-0.7328987903658373,46.44925780585049,-25.82953088277357,65.69595961068478,0.7130276970075187,2.5398099893629276,-0.08712422013215848,0.1645782897828303,-0.15495905901359952,0.05352556556062016,0.05041289597784138,0.5744739847592228,-0.5057086001438382,0.07210919752330369,0.032713879399773216,11893.827496310725,-634.166332079958,1.6438102860243333,0.004708944744897359,0.2022645932912539,0.006547329785669159,13.786580695169093,-0.15203569516909,21.19039963681064,-2.157324252195256
Z-06,2156.0,445,208,0.7935602741531292,17.31272592592593,65.71708333333333,2.459563703703704,0.019288888888888887,0.10641111111111112,0.05947037037037037,0.10815185185185182,11414.363697777779,1.6413674074074072,0.2046922222222222,13.613165925925928,19.689324814814817,1,0.40740740725651575,11762.594987698638,-4933.33154296875,-5232.3212890625,-4933.33154296875,-3886.8671875,-2391.918212890625,-597.9795532226562,-4185.85693359375,-2989.897705078125,-1644.4437255859375,-298.9897766113281,747.4744262695312,5060.917692029402,204.8193741678715,1.0258583589568413,5255.755343023221,5397.594751053245,5413.395719584952,5290.809006310557,5286.319937546263,4846.116594687478,4568.706737835024,4148.278761718796,3772.105325277378,3203.676881116194,24.77205449830144,25.576630867829728,26.872958031653493,27.211434908764023,27.357809037847694,29.201738003306083,25.160380272389443,25.268418653081106,25.229306169192412,25.588046072901978,25.4237255091369,1016.8297891059595,1039.23430109471,1041.2200870878105,1037.7531335884366,1011.5361946872574,978.248281816302,966.1293115390991,908.8751932560245,825.8768248594522,745.7018983036031,635.3735209375841,-0.9747864839189493,-0.9955378812402681,-0.9139840010347158,-0.8637517176934135,-0.654427217183205,0.20192307692307693,1857.1346741507446,2374.065320714747,2798.070043833136,3188.155882054305,513.5895650982129,-2989.897705078125,-4454.947802734375,-5232.3212890625,810.036200127457,-215.6279296875,213.58768021776905,0.1111111110699588,1.3714348105000624,-31.66845703125,70.78995360784847,0.0,1.1409492997587662,-162.84326171875,56.705977460249414,0.03703703702331962,0.6132667228600042,253.6484375,372.81917193973914,0.03703703702331962,-0.09914946434594185,46.44492507631435,-29.13219915038842,65.6103203251912,0.10676300814213846,2.5405411514165532,-0.08097744771284932,0.16368465896203777,-0.14439577007314888,0.053192261118358175,0.05321884999275295,0.574317806134161,-0.5148474357637906,0.07182822827287882,0.036323623578972994,11912.622812788672,-498.25911501089286,1.64290770391937,-0.0015402965119628576,0.20176035611617316,0.002931866106049036,13.782298860301928,-0.16913293437599997,21.272998563308647,-1.5836737484938297
Z-06,2158.0,445,208,0.7935602741531292,26.10002592592593,65.6752,2.4373992592592595,0.07681851851851852,0.09025925925925928,0.25057037037037033,0.09718148148148148,11319.037115555555,1.6411792592592596,0.20417555555555553,13.459577037037038,19.590448148148152,1,0.37037037023319613,11762.509500673703,-5232.3212890625,-4933.33154296875,-3886.8671875,-2391.918212890625,-597.9795532226562,1345.4539794921875,-4933.33154296875,-4185.85693359375,-2989.897705078125,-1644.4437255859375,-298.9897766113281,5255.755343023221,168.33852951192148,1.0044752878808807,5397.594751053245,5413.395719584952,5290.809006310557,5286.319937546263,5140.633885337431,5060.917692029402,4846.116594687478,4568.706737835024,4148.278761718796,3772.105325277378,25.576630867829728,26.872958031653493,27.211434908764023,27.357809037847694,29.201738003306083,30.774661946693612,24.77205449830144,25.160380272389443,25.268418653081106,25.229306169192412,25.588046072901978,1039.23430109471,1041.2200870878105,1037.7531335884366,1011.5361946872574,978.248281816302,926.6591728880004,1016.8297891059595,966.1293115390991,908.8751932560245,825.8768248594522,745.7018983036031,-0.9955378812402681,-0.9139840010347158,-0.7180066979581812,-0.9747864839189493,-0.8637517176934135,0.20512820512820512,1862.8931053754654,2382.7805744611323,2807.8973756628457,3207.5964267373506,518.0504843843413,-3886.8671875,-4634.34169921875,-5232.3212890625,509.16130525952053,-63.75146484375,63.70422872200288,0.11111111106995886,-0.1761251661692782,-42.9912109375,29.649499526596628,0.0,-0.12522788959681108,136.146484375,-27.235686779131356,0.03703703702331962,0.4823194780924851,-324.80224609375,449.32165598144366,0.03703703702331962,-0.9829271141544815,46.437527050283734,-20.337501124357804,65.52600503581368,0.1491949641863215,2.5412516771154117,-0.10385241785615218,0.16280029427797515,-0.08598177575945663,0.052869095743798944,0.03739016351546033,0.5742799988004492,-0.3237096284300789,0.07155682147791342,0.025624660003568056,11931.068357691227,-612.0312421356721,1.6420186548240814,-0.000839395564821821,0.20126430384560656,0.0029112517099489643,13.778086045140235,-0.31850900810319693,21.35409652806834,-1.7636483799201876
Z-06,2160.0,445,208,0.7935602741531292,65.01298148148148,64.12013074074075,2.4000162962962963,0.3425962962962963,0.026462962962962962,0.9402259259259259,0.057296296296296303,11501.344590370372,1.6277699999999997,0.19226111111111108,12.818084074074076,21.434142592592593,1,0.3333333332098765,11762.424013648766,-4933.33154296875,-3886.8671875,-2391.918212890625,-597.9795532226562,1345.4539794921875,3139.392578125,-5232.3212890625,-4933.33154296875,-4185.85693359375,-2989.897705078125,-1644.4437255859375,5397.594751053245,78.8201882808653,1.0941034868735766,5413.395719584952,5290.809006310557,5286.319937546263,5140.633885337431,5119.784024772306,5255.755343023221,5060.917692029402,4846.116594687478,4568.706737835024,4148.278761718796,26.872958031653493,27.211434908764023,27.357809037847694,29.201738003306083,30.774661946693612,33.569967709884054,25.576630867829728,24.77205449830144,25.160380272389443,25.268418653081106,25.229306169192412,1041.2200870878105,1037.7531335884366,1011.5361946872574,978.248281816302,926.6591728880004,883.6416524521226,1039.23430109471,1016.8297891059595,966.1293115390991,908.8751932560245,825.8768248594522,-0.9139840010347158,-0.7180066979581812,-0.4520877902154011,-0.9955378812402681,-0.9747864839189493,0.20833333333333331,1868.4660978118911,2391.2558145100747,2817.442372826379,3225.5889480506917,522.4591726019,-2391.918212890625,-4275.553955078125,-5232.3212890625,1046.8913462416788,-68.5146484375,79.76780466819764,0.11111111106995886,-0.1327500498919818,-31.66845703125,-42.45191348972912,0.0,-1.5303795475969295,454.875,-100.61252858278112,0.03703703702331962,0.08565350459613086,-916.2724609375,473.20011188225453,0.03703703702331962,-2.1878209358400724,46.42706372775865,18.585917753722825,65.44301374255224,-1.3228830018114905,2.5419415664595046,-0.14192527016320833,0.16192519573064423,0.18067110056565205,0.05255606943694069,-0.026093106473977726,0.5743605627581161,0.3658653631678098,0.07129497713840749,-0.013998680842111186,11949.164131018391,-447.81954064801903,1.641143138738471,-0.013373138738471235,0.2007764364795559,-0.00851532536844482,13.773942249684005,-0.9558581756099294,21.43369353108983,0.00044906150276347034
Z-06,2162.0,445,208,0.7935602741531292,42.946737500000005,61.18438,2.55260125,0.19169999999999998,0.038799999999999994,0.7768083333333333,0.056029166666666665,12774.717707916667,1.5964716666666667,0.1755654166666667,13.425752916666667,25.367034166666667,1,0.2962962961865569,11762.338526623831,-3886.8671875,-2391.918212890625,-597.9795532226562,1345.4539794921875,3139.392578125,4484.8466796875,-4933.33154296875,-5232.3212890625,-4933.33154296875,-4185.85693359375,-2989.897705078125,5413.395719584952,-53.392872371343856,1.3927336916466775,5290.809006310557,5286.319937546263,5140.633885337431,5119.784024772306,5010.783303577128,5397.594751053245,5255.755343023221,5060.917692029402,4846.116594687478,4568.706737835024,27.211434908764023,27.357809037847694,29.201738003306083,30.774661946693612,33.569967709884054,35.070811320788586,26.872958031653493,25.576630867829728,24.77205449830144,25.160380272389443,25.268418653081106,1037.7531335884366,1011.5361946872574,978.248281816302,926.6591728880004,883.6416524521226,846.1214699260977,1041.2200870878105,1039.23430109471,1016.8297891059595,966.1293115390991,908.8751932560245,-0.7180066979581812,-0.4520877902154011,-0.11311792388316237,-0.9139840010347158,-0.9955378812402681,0.21153846153846154,1873.8530701209838,2399.490186730408,2826.7040683141154,3242.119696133297,526.8125081921074,-597.9795532226562,-3408.4835571289063,-5232.3212890625,1721.2050549095472,-85.187255859375,97.32542301610192,0.11111111106995886,0.8888310734909979,-302.3515625,58.01607232927927,0.0,0.13288095788573528,643.846923828125,-176.31489214103294,0.03703703702331962,0.7447930633362887,-1670.25634765625,600.2648098531099,0.03703703702331962,-1.6089746314316784,46.41353510873887,-3.466797608738865,65.36134644540687,-4.176966445406869,2.542610819448832,0.009990430551167773,0.16105936332004323,0.030640636679956756,0.0522531821977843,-0.013453182197784304,0.5745594980071331,0.2022488353262002,0.07104269525436102,-0.015013528587694357,11966.910132770165,807.8075751465021,1.6402811556625387,-0.043809488995872004,0.20029675401802027,-0.024731337351353577,13.769867473933225,-0.3441145572665576,21.511789572373118,3.8552445942935485
Z-06,2164.0,445,208,0.7935602741531292,49.813303999999995,61.780301599999994,2.5900092,0.23852400000000004,0.03168,0.7728440000000001,0.053132,12817.982086799999,1.6021100000000001,0.1797116,13.770886,24.913729599999996,1,0.2592592591632373,11762.253039598896,-2391.918212890625,-597.9795532226562,1345.4539794921875,3139.392578125,4484.8466796875,4933.33154296875,-3886.8671875,-4933.33154296875,-5232.3212890625,-4933.33154296875,-4185.85693359375,5290.809006310557,-63.53789101934444,2.211935817342715,5286.319937546263,5140.633885337431,5119.784024772306,5010.783303577128,4935.447020959872,5413.395719584952,5397.594751053245,5255.755343023221,5060.917692029402,4846.116594687478,27.357809037847694,29.201738003306083,30.774661946693612,33.569967709884054,35.070811320788586,35.709624404064826,27.211434908764023,26.872958031653493,25.576630867829728,24.77205449830144,25.160380272389443,1011.5361946872574,978.248281816302,926.6591728880004,883.6416524521226,846.1214699260977,825.9121465197347,1037.7531335884366,1041.2200870878105,1039.23430109471,1016.8297891059595,966.1293115390991,-0.4520877902154011,-0.11311792388316237,0.26172828932343906,-0.7180066979581812,-0.9139840010347158,0.21474358974358973,1879.0534605926168,2407.4828612699052,2835.681523887835,3257.176225144115,531.1074276417322,1345.4539794921875,-2092.928503417969,-4933.33154296875,2255.3424014184325,38.108154296875,179.68945374545183,0.11111111106995886,1.3618916725704402,-245.738037109375,216.0785582227627,0.0,1.4435347199893513,847.622802734375,-145.47061790516727,0.03703703702331962,1.7023158795183164,-2141.524658203125,784.5091150456828,0.03703703702331962,-0.7096815607015685,46.39694119322439,3.4163628067756022,65.28100314437756,-3.50070154437757,2.5432594360833924,0.046749763916607456,0.1602027970461748,0.07832120295382525,0.051960434026327995,-0.020280434026327995,0.5748768045475288,0.19796719545247132,0.07079997582577402,-0.01766797582577402,11984.306362946547,833.6757238534519,1.639432705596283,-0.03732270559628281,0.1998252564609988,-0.020113656460998802,13.765861717887901,0.005024282112099598,21.588384651918204,3.325344948081792
Z-06,2166.0,445,208,0.7935602741531292,21.800954166666667,66.52705291666666,2.4972250000000003,0.048975,0.09680416666666668,0.172125,0.10121249999999998,11450.104136666667,1.6499170833333334,0.20935499999999999,13.874864166666669,19.3315275,1,0.22222222213991769,11762.167552573961,-597.9795532226562,1345.4539794921875,3139.392578125,4484.8466796875,4933.33154296875,4634.34130859375,-2391.918212890625,-3886.8671875,-4933.33154296875,-5232.3212890625,-4933.33154296875,5286.319937546263,-75.08756048656323,8.840038576870663,5140.633885337431,5119.784024772306,5010.783303577128,4935.447020959872,5110.742142157044,5290.809006310557,5413.395719584952,5397.594751053245,5255.755343023221,5060.917692029402,29.201738003306083,30.774661946693612,33.569967709884054,35.070811320788586,35.709624404064826,37.03521825833762,27.357809037847694,27.211434908764023,26.872958031653493,25.576630867829728,24.77205449830144,978.248281816302,926.6591728880004,883.6416524521226,846.1214699260977,825.9121465197347,839.8012473790365,1011.5361946872574,1037.7531335884366,1041.2200870878105,1039.23430109471,1016.8297891059595,-0.11311792388316237,0.26172828932343906,0.6131863433601433,-0.4520877902154011,-0.7180066979581812,0.21794871794871795,1884.0667271782618,2415.2330326384536,2844.373830168376,3270.747403139152,535.340925942253,3139.392578125,-478.38367919921876,-3886.8671875,2518.2679072883093,156.64016723632812,28.712886320917278,0.11111111106995883,-0.1558698288281768,-177.80169677734375,-32.546661721238706,0.0,-0.9930130686694092,906.838623046875,-347.95756407292356,0.11111111106995883,1.4067437394177915,-2326.8224487304688,716.8706229625004,0.03703703702331959,-1.6216124354847494,46.37728198121545,-24.57632781454878,65.20198383946422,1.3250690772024427,2.5438874163631873,-0.04666241636318702,0.15935549690903628,-0.11038049690903629,0.051677824922574445,0.04512634174409223,0.5753124823792604,-0.4031874823792604,0.07056681885264648,0.0306456811473535,12001.352821547538,-551.2486848808712,1.6385977885397018,0.011319294793631585,0.19936194380849326,0.009993056191506727,13.761924981548034,0.1129391851186341,21.66347876972509,-2.3319512697250886
Z-06,2168.0,445,208,0.7935602741531292,33.108652,66.997846,2.5022168,0.145204,0.0758,0.5911959999999999,0.08888,11398.650943999999,1.6549044000000002,0.2120452,13.9288284,19.021089600000003,1,0.2592592591632373,11762.253039598896,1345.4539794921875,3139.392578125,4484.8466796875,4933.33154296875,4634.34130859375,3288.887451171875,-597.9795532226562,-2391.918212890625,-3886.8671875,-4933.33154296875,-5232.3212890625,5140.633885337431,-83.26795638697831,3.8206923761930227,5119.784024772306,5010.783303577128,4935.447020959872,5110.742142157044,5301.054874918373,5286.319937546263,5290.809006310557,5413.395719584952,5397.594751053245,5255.755343023221,30.774661946693612,33.569967709884054,35.070811320788586,35.709624404064826,37.03521825833762,35.83501855742059,29.201738003306083,27.357809037847694,27.211434908764023,26.872958031653493,25.576630867829728,926.6591728880004,883.6416524521226,846.1214699260977,825.9121465197347,839.8012473790365,885.5406116125067,978.248281816302,1011.5361946872574,1037.7531335884366,1041.2200870878105,1039.23430109471,0.26172828932343906,0.6131863433601433,0.8950358555510222,-0.11311792388316237,-0.4520877902154011,0.22115384615384615,1888.8923475229944,2422.739919788824,2852.780106720741,3282.8234211685635,539.5100570084601,4484.8466796875,1195.9590942382813,-2391.918212890625,2478.190606817631,125.6773681640625,88.0892415380531,0.11111111106995886,-0.4297327794804886,-259.3602294921875,82.26787064513701,0.0,-0.3848785885300927,816.5594482421875,-313.88260207359235,0.11111111106995886,2.4739066230539564,-2222.89453125,762.9400459300623,-0.03703703702331959,-2.221345353556945,46.35455747271226,-13.24590547271226,65.12428853066706,1.8735574693329369,2.5444947602882166,-0.04227796028821684,0.15851746290862945,-0.013313462908629448,0.05140535488652187,0.024394645113478136,0.5758665315023705,0.015329468497629395,0.07034322433497842,0.018536775665021585,12018.049508573138,-619.3985645731391,1.637776404492799,0.017127995507201232,0.19890681606050187,0.013138383939498122,13.758057264913639,0.17077113508636188,21.737071925793657,-2.7159823257936537
Z-06,2170.0,445,208,0.7935602741531292,68.19750833333335,65.8548375,2.6270466666666668,0.38696249999999993,0.026708333333333334,0.9766,0.0615125,12231.60027625,1.6440554166666665,0.20429583333333334,14.394820000000001,21.418315833333338,1,0.2962962961865569,11762.338526623831,3139.392578125,4484.8466796875,4933.33154296875,4634.34130859375,3288.887451171875,1345.4539794921875,1345.4539794921875,-597.9795532226562,-2391.918212890625,-3886.8671875,-4933.33154296875,5119.784024772306,-64.92529088015135,1.6308106806740794,5010.783303577128,4935.447020959872,5110.742142157044,5301.054874918373,5779.31778604484,5140.633885337431,5286.319937546263,5290.809006310557,5413.395719584952,5397.594751053245,33.569967709884054,35.070811320788586,35.709624404064826,37.03521825833762,35.83501855742059,34.95389351752238,30.774661946693612,29.201738003306083,27.357809037847694,27.211434908764023,26.872958031653493,883.6416524521226,846.1214699260977,825.9121465197347,839.8012473790365,885.5406116125067,977.5270773744178,926.6591728880004,978.248281816302,1011.5361946872574,1037.7531335884366,1041.2200870878105,0.6131863433601433,0.8950358555510222,0.9995677594375573,0.26172828932343906,-0.11311792388316237,0.22435897435897434,1893.5298189967705,2430.002766194951,2860.899502136632,3293.3958015715716,543.6119340617327,4933.33154296875,2661.0090454101564,-597.9795532226562,2052.8212718583727,97.09619140625,30.42179482784468,0.11111111106995886,-1.3498730958744432,-191.423828125,-14.4395939134929,0.0,-0.584640583172984,412.48681640625,-578.9802301674517,0.11111111106995886,0.3368737768409247,-1969.4718017578125,525.9797537398517,-0.03703703702331962,-4.3575218925665204,46.328767667714146,21.8687406656192,65.04791721798597,0.8069202820140333,2.5450814678584806,0.0819651988081862,0.15768869504495164,0.2292738049550483,0.05114302391817116,-0.024434690584837826,0.5765389519168309,0.4000610480831691,0.0701291922727707,-0.008616692272770704,12034.396424023347,197.2038522266521,1.6369685534555742,0.007086863211092309,0.1984598732170264,0.0058359601163069375,13.754258567984685,0.6405614320153159,21.809164120124024,-0.3908482867906855
Z-06,2172.0,445,208,0.7935602741531292,44.207881481481486,64.30707740740742,2.5877100000000004,0.19323333333333334,0.045996296296296306,0.8724962962962963,0.06336666666666667,12305.762740370368,1.6274148148148146,0.19561629629629632,14.097367777777777,22.292298518518518,1,0.3333333332098765,11762.424013648766,4484.8466796875,4933.33154296875,4634.34130859375,3288.887451171875,1345.4539794921875,-1345.4539794921875,3139.392578125,1345.4539794921875,-597.9795532226562,-2391.918212890625,-3886.8671875,5010.783303577128,-92.16850190621699,1.1172652579868274,4935.447020959872,5110.742142157044,5301.054874918373,5779.31778604484,6478.351904687205,5119.784024772306,5140.633885337431,5286.319937546263,5290.809006310557,5413.395719584952,35.070811320788586,35.709624404064826,37.03521825833762,35.83501855742059,34.95389351752238,34.246281315355915,33.569967709884054,30.774661946693612,29.201738003306083,27.357809037847694,27.211434908764023,846.1214699260977,825.9121465197347,839.8012473790365,885.5406116125067,977.5270773744178,1107.0260109894637,883.6416524521226,926.6591728880004,978.248281816302,1011.5361946872574,1037.7531335884366,0.8950358555510222,0.9995677594375573,0.906781248530481,0.6131863433601433,0.26172828932343906,0.22756410256410256,1897.9786587248975,2437.0208399278167,2868.7311941143917,3302.4574054508403,547.6437299825919,4933.33154296875,3707.4732177734377,1345.4539794921875,1331.7637242149162,75.66015625,119.59686719546153,0.11111111106995886,-1.1048149152549982,-140.4716796875,31.211258538874972,0.0,0.19105834534525457,-160.81982421875,-543.2085768011248,0.11111111106995886,1.0934906310643058,-1413.8046875,550.6275446049922,-0.03703703702331962,-3.4780237477687344,46.299912566221565,-2.0920310847400785,64.97286990142095,-0.6657924940135302,2.5456475390739772,0.04206246092602317,0.15686919331800642,0.03636414001532692,0.05089083201752054,-0.004894535721224232,0.5773297436226699,0.29516655267362646,0.06992472266602157,-0.006558055999354898,12050.393567898165,255.369172472203,1.636174235428026,-0.008759420613211333,0.19802111527806598,-0.0024048189817696686,13.750528890761196,0.34683888701658105,21.879755352716302,0.41254316580221584
Z-06,2174.0,445,208,0.7935602741531292,25.472796,63.863856,2.5120716,0.085092,0.06992,0.480092,0.077584,11997.303186,1.6224324,0.1934236,13.714438000000003,21.809136399999996,1,0.37037037023319613,11762.509500673703,4933.33154296875,4634.34130859375,3288.887451171875,1345.4539794921875,-1345.4539794921875,-4185.85693359375,4484.8466796875,3139.392578125,1345.4539794921875,-597.9795532226562,-2391.918212890625,4935.447020959872,49.97941928995806,1.0004251975119676,5110.742142157044,5301.054874918373,5779.31778604484,6478.351904687205,7146.773369570016,5010.783303577128,5119.784024772306,5140.633885337431,5286.319937546263,5290.809006310557,35.709624404064826,37.03521825833762,35.83501855742059,34.95389351752238,34.246281315355915,31.430767807111735,35.070811320788586,33.569967709884054,30.774661946693612,29.201738003306083,27.357809037847694,825.9121465197347,839.8012473790365,885.5406116125067,977.5270773744178,1107.0260109894637,1274.771998678031,846.1214699260977,883.6416524521226,926.6591728880004,978.248281816302,1011.5361946872574,0.9995677594375573,0.906781248530481,0.6204192310078905,0.8950358555510222,0.6131863433601433,0.23076923076923075,1902.238403617672,2443.7934337288393,2876.2743895363556,3310.002439311505,551.6026776365766,4933.33154296875,4096.159912109375,3139.392578125,736.0252055324743,215.6279296875,217.15783280669257,0.11111111106995886,-0.31457584049509535,31.66845703125,41.39358515643744,0.0,0.9557565785470814,-454.875,-328.95500774865286,0.11111111106995886,3.4649626340828803,-399.888671875,442.60935783602963,-0.03703703702331962,-2.454393857295493,46.26799216823429,-20.795196168234288,64.899146580972,-1.0352905809720028,2.5461929739347102,-0.03412137393471015,0.156058957727792,-0.07096695772779199,0.05064877918457267,0.01927122081542733,0.578238906619859,-0.09814690661985898,0.06972981551473278,0.007854184485267215,12066.040940197592,-68.73775419759295,1.6353934504101524,-0.012961050410152275,0.19759054224361972,-0.0041669422436197145,13.74686823324317,-0.03243023324316674,21.948845623570378,-0.13970922357038162
Z-06,2176.0,445,208,0.7935602741531292,45.14820399999999,58.810826,2.460428,0.207576,0.013996,1.0,0.03266,12808.6666268,1.5732228000000001,0.15994,12.511616799999999,27.165568799999996,1,0.40740740725651575,11762.594987698638,4634.34130859375,3288.887451171875,1345.4539794921875,-1345.4539794921875,-4185.85693359375,-6727.27001953125,4933.33154296875,4484.8466796875,3139.392578125,1345.4539794921875,-597.9795532226562,5110.742142157044,182.80392697925026,1.102793717360522,5301.054874918373,5779.31778604484,6478.351904687205,7146.773369570016,7999.029967280325,4935.447020959872,5010.783303577128,5119.784024772306,5140.633885337431,5286.319937546263,37.03521825833762,35.83501855742059,34.95389351752238,34.246281315355915,31.430767807111735,29.49511402990943,35.709624404064826,35.070811320788586,33.569967709884054,30.774661946693612,29.201738003306083,839.8012473790365,885.5406116125067,977.5270773744178,1107.0260109894637,1274.771998678031,1472.8627684497264,825.9121465197347,846.1214699260977,883.6416524521226,926.6591728880004,978.248281816302,0.906781248530481,0.6204192310078905,0.23280426485888814,0.9995677594375573,0.8950358555510222,0.23397435897435898,1906.3086103990988,2450.319865080809,2883.5283245435267,3316.026460853429,555.4860701769579,4933.33154296875,3737.3721923828125,1345.4539794921875,1320.3031298242458,220.39208984375,191.4201768965213,0.1111111110699588,-0.8500200560615525,20.34619140625,-79.81819601643474,0.0,0.2577115400303427,-1082.4619140625,-342.6071106491154,0.1111111110699588,1.4842564467478212,630.30224609375,213.6840566491419,-0.03703703702331962,-1.8618037018193831,46.23300647375254,-1.0848024737525463,64.82674725663912,-6.015921256639125,2.546717772440674,-0.08628977244067437,0.15525798827430837,0.05231801172569164,0.050416865419325774,-0.03642086541932577,0.5792664409083983,0.4207335590916017,0.06954447081890347,-0.03688447081890347,12081.338540921628,727.3280858783728,1.634626198401957,-0.061403398401956855,0.19716815411368938,-0.03722815411368938,13.7432765954306,-1.231659795430602,22.01643493268614,5.149133867313857
Z-06,2178.0,445,208,0.7935602741531292,41.787600000000005,63.6202784,2.4842396,0.18220000000000003,0.051724,0.6342280000000001,0.068136,11913.874708000003,1.6200055999999998,0.1918848,13.529548,21.823567200000003,1,0.44444444427983537,11762.680474723573,3288.887451171875,1345.4539794921875,-1345.4539794921875,-4185.85693359375,-6727.27001953125,-8820.1982421875,4634.34130859375,4933.33154296875,4484.8466796875,3139.392578125,1345.4539794921875,5301.054874918373,334.28782194389805,1.6117991919940575,5779.31778604484,6478.351904687205,7146.773369570016,7999.029967280325,9006.521549049323,5110.742142157044,4935.447020959872,5010.783303577128,5119.784024772306,5140.633885337431,35.83501855742059,34.95389351752238,34.246281315355915,31.430767807111735,29.49511402990943,28.391011419458092,37.03521825833762,35.709624404064826,35.070811320788586,33.569967709884054,30.774661946693612,885.5406116125067,977.5270773744178,1107.0260109894637,1274.771998678031,1472.8627684497264,1690.3111655459827,839.8012473790365,825.9121465197347,846.1214699260977,883.6416524521226,926.6591728880004,0.6204192310078905,0.23280426485888814,-0.20768403696765617,0.906781248530481,0.9995677594375573,0.23717948717948717,1910.1888556346962,2456.5994762763394,2890.492264607638,3320.526383908665,559.2912613273751,4933.33154296875,2571.312060546875,-1345.4539794921875,2332.120254281856,241.82763671875,186.2083777253547,0.1111111110699588,-0.8794051168286856,124.550048828125,-18.245427507204113,0.0,1.276597812756897,-1435.7330322265625,-127.99512350398527,0.1111111110699588,0.7890052375709402,1829.515869140625,83.90313307965334,-0.03703703702331962,0.6946973903591811,46.19495548277655,-4.407355482776545,64.75567192842232,-1.1353935284223198,2.5472219345918745,-0.06298233459187452,0.15446628495755554,0.027733715042444484,0.050195090721779856,0.0015289092782201433,0.580412346488302,0.05381565351169815,0.06936868857853273,-0.0012326885785327313,12096.286370070302,-182.41166207029892,1.6338724794034398,-0.013866879403440002,0.19675395088827408,-0.004869150888274082,13.739753977323481,-0.210205977323481,22.082523280063697,-0.25895608006369386
Z-06,2180.0,445,208,0.7935602741531292,30.200850000000003,65.13582615384615,2.4864553846153847,0.05200384615384616,0.09316923076923077,0.45290769230769234,0.09784230769230769,11646.472267692308,1.6354753846153849,0.20111538461538464,13.698329615384615,20.44793384615385,1,0.481481481303155,11762.76596174851,1345.4539794921875,-1345.4539794921875,-4185.85693359375,-6727.27001953125,-8820.1982421875,-9866.6630859375,3288.887451171875,4634.34130859375,4933.33154296875,4484.8466796875,3139.392578125,5779.31778604484,588.6485148844163,4.295383778977068,6478.351904687205,7146.773369570016,7999.029967280325,9006.521549049323,9966.833792083067,5301.054874918373,5110.742142157044,4935.447020959872,5010.783303577128,5119.784024772306,34.95389351752238,34.246281315355915,31.430767807111735,29.49511402990943,28.391011419458092,26.95621943475591,35.83501855742059,37.03521825833762,35.709624404064826,35.070811320788586,33.569967709884054,977.5270773744178,1107.0260109894637,1274.771998678031,1472.8627684497264,1690.3111655459827,1919.675067919918,885.5406116125067,839.8012473790365,825.9121465197347,846.1214699260977,883.6416524521226,0.23280426485888814,-0.20768403696765617,-0.5856973873505609,0.6204192310078905,0.906781248530481,0.24038461538461536,1913.8787357582917,2462.6316344838574,2897.1655046005044,3323.500482519234,563.0156656470296,4634.34130859375,747.474365234375,-4185.85693359375,3182.521060039641,272.7904052734375,107.0178403654536,0.1111111110699588,-0.8616233015247801,50.9522705078125,-110.34171327514287,0.0,0.8345594208043323,-1808.7425842285156,14.56665910281572,0.03703703702331956,-0.06946393625165825,2603.0286865234375,-289.46861682001963,-0.03703703702331962,0.9059471669911545,46.153839195305636,-15.952989195305634,64.68592059632147,0.4499055575246871,2.547705460388311,-0.061250075772926404,0.15368384777753352,-0.10168000162368737,0.049983455091934914,0.043185775677295854,0.5816766233595843,-0.1287689310518919,0.06920246879362324,0.028639838898684447,12110.884427643527,-464.4121599512182,1.633132293414599,0.0023430912007857962,0.19634793256737382,0.004767452048010823,13.736300378921833,-0.03797076353721707,22.14711066570294,-1.6991768195490913
Z-06,2182.0,445,208,0.7935602741531292,31.78001153846154,64.63039307692307,2.4977315384615384,0.045292307692307694,0.08935769230769232,0.6357769230769231,0.09344230769230769,11794.114826538462,1.6303584615384614,0.19799384615384616,13.702578846153845,21.023240384615384,1,0.44444444427983537,11762.680474723573,-1345.4539794921875,-4185.85693359375,-6727.27001953125,-8820.1982421875,-9866.6630859375,-9866.6630859375,1345.4539794921875,3288.887451171875,4634.34130859375,4933.33154296875,4484.8466796875,6478.351904687205,683.7277917625879,4.814929497923046,7146.773369570016,7999.029967280325,9006.521549049323,9966.833792083067,11087.679651045377,5779.31778604484,5301.054874918373,5110.742142157044,4935.447020959872,5010.783303577128,34.246281315355915,31.430767807111735,29.49511402990943,28.391011419458092,26.95621943475591,26.328073813074358,34.95389351752238,35.83501855742059,37.03521825833762,35.709624404064826,35.070811320788586,1107.0260109894637,1274.771998678031,1472.8627684497264,1690.3111655459827,1919.675067919918,2160.882370006498,977.5270773744178,885.5406116125067,839.8012473790365,825.9121465197347,846.1214699260977,-0.20768403696765617,-0.5856973873505609,-0.8410088537943616,0.23280426485888814,0.6204192310078905,0.24358974358974358,1917.3778670977933,2468.415731811065,2903.5473688606944,3324.948394153671,566.6567587807172,3288.887451171875,-1524.847900390625,-6727.27001953125,3621.851131007704,315.662109375,72.64798174553107,0.1111111110699588,-0.6514515154838492,104.2039794921875,-134.9080963156739,0.0,0.06177255964392714,-1897.5662841796875,160.4008321398187,0.03703703702331962,-1.453303609687218,3392.8153076171875,-565.6283004500101,0.03703703702331962,1.3032478961825191,46.109657611340026,-14.329646072878486,64.6174932603368,0.012899816586269708,2.5481683498299788,-0.05043681136844036,0.1529106767342432,-0.1076183690419355,0.049781958529792725,0.039575733777899594,0.5830592715222167,0.052717651554706424,0.06904581146417232,0.02439649622813536,12125.13271364139,-331.0178871029275,1.632405640435433,-0.002047178896971591,0.1959500991509886,0.00204374700285756,13.732915800225634,-0.030336954071788824,22.210197089604094,-1.1869567049887095
Z-06,2184.0,445,208,0.7935602741531292,35.124343999999994,65.4743616,2.5242115999999997,0.094,0.08122,0.835,0.089688,11775.3840432,1.6391335999999999,0.20296999999999998,13.9129444,20.5490808,1,0.40740740725651575,11762.594987698638,-4185.85693359375,-6727.27001953125,-8820.1982421875,-9866.6630859375,-9866.6630859375,-8371.7138671875,-1345.4539794921875,1345.4539794921875,3288.887451171875,4634.34130859375,4933.33154296875,7146.773369570016,760.3390312965598,1.7073547998944312,7999.029967280325,9006.521549049323,9966.833792083067,11087.679651045377,12060.820124174868,6478.351904687205,5779.31778604484,5301.054874918373,5110.742142157044,4935.447020959872,31.430767807111735,29.49511402990943,28.391011419458092,26.95621943475591,26.328073813074358,25.17255655449069,34.246281315355915,34.95389351752238,35.83501855742059,37.03521825833762,35.709624404064826,1274.771998678031,1472.8627684497264,1690.3111655459827,1919.675067919918,2160.882370006498,2403.882178605549,1107.0260109894637,977.5270773744178,885.5406116125067,839.8012473790365,825.9121465197347,-0.5856973873505609,-0.8410088537943616,-0.9793104621953925,-0.20768403696765617,0.23280426485888814,0.24679487179487178,1920.6858858999067,2473.9511853659524,2909.637211257492,3324.8711220637524,570.2120776956415,1345.4539794921875,-3946.6650390625,-8820.1982421875,3641.788719427804,360.91552734375,-12.223697117855409,0.1111111110699588,-0.37110230142650025,151.79443359375,-138.6436883943279,0.0,0.06324965244364478,-1682.46533203125,319.7991621845986,0.03703703702331962,-1.5847611463438476,3600.8965454101562,-692.7024095638026,0.03703703702331962,2.975361491717493,46.062410730880174,-10.93806673088018,64.5503899204682,0.9239716795317889,2.548610602916881,-0.02439900291688124,0.15214677182768277,-0.05814677182768277,0.04959060103535151,0.03162939896464849,0.5845602909761993,0.25043970902380064,0.06889871659018088,0.02078928340981913,12139.03122806386,-363.6471848638612,1.6316925204659452,0.0074410795340547065,0.19556045063911842,0.007409549360881562,13.729600241234891,0.18334415876510946,22.271782551766933,-1.7227017517669339
Z-06,2186.0,445,208,0.7935602741531292,37.23955925925926,66.7511662962963,2.482421481481482,0.047059259259259266,0.10120370370370368,0.7614444444444445,0.10544074074074074,11363.83862925926,1.652615555555555,0.2103374074074074,13.77052925925926,19.17424444444444,1,0.37037037023319613,11762.509500673703,-6727.27001953125,-8820.1982421875,-9866.6630859375,-9866.6630859375,-8371.7138671875,-5830.30078125,-4185.85693359375,-1345.4539794921875,1345.4539794921875,3288.887451171875,4634.34130859375,7999.029967280325,929.8740897396533,1.189042322264312,9006.521549049323,9966.833792083067,11087.679651045377,12060.820124174868,13016.882378955088,7146.773369570016,6478.351904687205,5779.31778604484,5301.054874918373,5110.742142157044,29.49511402990943,28.391011419458092,26.95621943475591,26.328073813074358,25.17255655449069,24.13747997701485,31.430767807111735,34.246281315355915,34.95389351752238,35.83501855742059,37.03521825833762,1472.8627684497264,1690.3111655459827,1919.675067919918,2160.882370006498,2403.882178605549,2649.4822680910984,1274.771998678031,1107.0260109894637,977.5270773744178,885.5406116125067,839.8012473790365,-0.8410088537943616,-0.9793104621953925,-0.989947825044924,-0.5856973873505609,-0.20768403696765617,0.25,1923.8024483537345,2479.23743731526,2915.4344152521135,3323.271036786159,573.6792209066358,-1345.4539794921875,-6189.088452148438,-9866.6630859375,3105.1784082539825,254.29248046875,25.467756525261393,0.11111111106995886,0.36837726144485217,55.55126953125,-10.754722260457129,0.0,0.6001857408178815,-1457.4951171875,596.2723600194659,0.03703703702331962,-0.8197429255374118,3217.5078125,-824.0585420785837,0.03703703702331962,3.1695176596888217,46.012098553925625,-8.772539294666366,64.48461057671568,2.266555719580623,2.549032219649016,-0.06661073816753404,0.15139213305785315,-0.10433287379859388,0.049409382608610386,0.0517943210950933,0.5861796817215605,0.17526476272288394,0.06876118417164978,0.03667955656909096,12152.57997091097,-788.7413416517102,1.6309929335061355,0.02162262204941956,0.1951789870317624,0.015158420375644993,13.726353701949613,0.04417555730964651,22.33186705219157,-3.157622607747129
Z-06,2188.0,445,208,0.7935602741531292,26.370646666666666,68.38786866666668,2.4046683333333334,0.04087,0.1171533333333333,0.3836866666666666,0.12085666666666667,10721.022099666667,1.669511666666667,0.22009900000000002,13.478772,17.16799166666667,1,0.3333333332098765,11762.424013648766,-8820.1982421875,-9866.6630859375,-9866.6630859375,-8371.7138671875,-5830.30078125,-2242.42333984375,-6727.27001953125,-4185.85693359375,-1345.4539794921875,1345.4539794921875,3288.887451171875,9006.521549049323,983.9019124013712,1.0211225524661358,9966.833792083067,11087.679651045377,12060.820124174868,13016.882378955088,14026.253709439796,7999.029967280325,7146.773369570016,6478.351904687205,5779.31778604484,5301.054874918373,28.391011419458092,26.95621943475591,26.328073813074358,25.17255655449069,24.13747997701485,23.690586384222676,29.49511402990943,31.430767807111735,34.246281315355915,34.95389351752238,35.83501855742059,1690.3111655459827,1919.675067919918,2160.882370006498,2403.882178605549,2649.4822680910984,2881.7332998249335,1472.8627684497264,1274.771998678031,1107.0260109894637,977.5270773744178,885.5406116125067,-0.9793104621953925,-0.989947825044924,-0.8898748457653229,-0.8410088537943616,-0.5856973873505609,0.2532051282051282,1926.7272306132563,2484.2739549404764,2920.938393956194,3320.1518767968496,577.0558486911732,-4185.85693359375,-7893.3302734375,-9866.6630859375,2179.5515176597755,140.5234375,-38.15798472456299,0.11111111106995886,0.6143565878753279,-23.7080078125,19.18431975975909,0.0,0.4757473391557987,-908.8623046875,736.8039068818907,0.03703703702331962,-0.7358266103676527,2531.8740234375,-1052.1801278341081,0.03703703702331962,2.242980235608389,45.95872108047661,-19.58807441380994,64.42015522907911,3.9677134375875625,2.549433200026387,-0.14476486669305366,0.15064676042475522,-0.10977676042475523,0.04923830324957201,0.06791503008376129,0.5879174437582861,-0.20423077709161952,0.06863321420857815,0.052223452458088515,12165.77894218266,-1444.7568425159934,1.630306879556004,0.039204787110662886,0.1948057083289223,0.025293291671077717,13.72317618236979,-0.24440418236979156,22.390450590878004,-5.222458924211335
Z-06,2190.0,445,208,0.7935602741531292,16.5989303030303,66.26084909090908,2.396815757575758,0.019263636363636365,0.10459090909090908,0.19454242424242424,0.10630909090909092,11039.712800909092,1.6471548484848486,0.2077721212121212,13.292634545454547,18.799257575757576,1,0.2962962961865569,11762.338526623831,-9866.6630859375,-9866.6630859375,-8371.7138671875,-5830.30078125,-2242.42333984375,1943.43359375,-8820.1982421875,-6727.27001953125,-4185.85693359375,-1345.4539794921875,1345.4539794921875,9966.833792083067,1040.579050998027,1.0101506146682653,11087.679651045377,12060.820124174868,13016.882378955088,14026.253709439796,14878.923007017454,9006.521549049323,7999.029967280325,7146.773369570016,6478.351904687205,5779.31778604484,26.95621943475591,26.328073813074358,25.17255655449069,24.13747997701485,23.690586384222676,23.097083881548926,28.391011419458092,29.49511402990943,31.430767807111735,34.246281315355915,34.95389351752238,1919.675067919918,2160.882370006498,2403.882178605549,2649.4822680910984,2881.7332998249335,3095.9427467118417,1690.3111655459827,1472.8627684497264,1274.771998678031,1107.0260109894637,977.5270773744178,-0.989947825044924,-0.8898748457653229,-0.6941237332694506,-0.9793104621953925,-0.8410088537943616,0.2564102564102564,1929.4599288186344,2489.0602306912697,2926.14859018751,3315.5187483292007,580.3396832952922,-6727.27001953125,-8730.50166015625,-9866.6630859375,1160.296232354408,10.0830078125,-64.03427112915233,0.11111111106995886,0.45722068960059303,-63.3369140625,65.82887864101212,0.0,0.11091367730220014,-171.2568359375,862.7481638733789,0.03703703702331962,-0.7980548920122423,1384.7373046875,-1115.9749528656503,0.03703703702331962,1.921574232205682,45.90227831053289,-29.303348007502592,64.35702387755873,1.9038252133503448,2.549813544048991,-0.15299778647323325,0.1499106539283881,-0.13064701756475172,0.049077362958235504,0.05551354613267358,0.5897735770863619,-0.39523115284393767,0.06851480670096421,0.03779428420812671,12178.628141878959,-1138.9153409698665,1.6296343586155455,0.017520489869303102,0.19444061453059724,0.013331506681523969,13.720067682495426,-0.4274331370408788,22.447533167826236,-3.6482755920686607
Z-06,2192.0,445,208,0.7935602741531292,14.655739393939394,61.26251121212122,2.510479090909091,0.012112121212121213,0.06448484848484849,0.2201393939393939,0.06557272727272727,12512.172627575757,1.596618181818182,0.17677393939393937,13.318415454545454,24.558850606060606,1,0.2592592591632373,11762.253039598896,-9866.6630859375,-8371.7138671875,-5830.30078125,-2242.42333984375,1943.43359375,6428.2802734375,-9866.6630859375,-8820.1982421875,-6727.27001953125,-4185.85693359375,-1345.4539794921875,11087.679651045377,1046.9931660459006,1.1237496930715305,12060.820124174868,13016.882378955088,14026.253709439796,14878.923007017454,15767.290233199776,9966.833792083067,9006.521549049323,7999.029967280325,7146.773369570016,6478.351904687205,26.328073813074358,25.17255655449069,24.13747997701485,23.690586384222676,23.097083881548926,22.814039257764286,26.95621943475591,28.391011419458092,29.49511402990943,31.430767807111735,34.246281315355915,2160.882370006498,2403.882178605549,2649.4822680910984,2881.7332998249335,3095.9427467118417,3301.079393838436,1919.675067919918,1690.3111655459827,1472.8627684497264,1274.771998678031,1107.0260109894637,-0.8898748457653229,-0.6941237332694506,-0.44790239516385166,-0.989947825044924,-0.9793104621953925,0.2596153846153846,1932.0002591163382,2493.5957822364394,2931.0644765229226,3309.3781243701674,583.5285091313605,-5830.30078125,-8551.1078125,-9866.6630859375,1481.1316013914534,10.0830078125,-221.1183895919021,0.11111111106995886,-0.24615980353836164,-63.3369140625,102.8943840370539,0.0,-0.14480638312328864,755.3203125,942.8189810389085,0.03703703702331962,-0.8829185278299505,68.576171875,-1267.7619406234353,0.03703703702331962,1.302585409950467,45.84277024409471,-31.187030850155317,64.29521652215442,-3.032705310033201,2.5501732517168296,-0.03969416080773858,0.14918381356875265,-0.13707169235663144,0.04892656173459997,0.01555828675024852,0.5917480817058021,-0.37160868776640815,0.06840596164881152,-0.002833234376084251,12191.127569999895,321.0450575758623,1.6289753706847652,-0.03235718886658323,0.19408370563678723,-0.017309766242847857,13.717028202326524,-0.3986127477810708,22.503114783036267,2.0557358230243388
Z-06,2194.0,445,208,0.7935602741531292,23.41379393939394,60.1375696969697,2.523311515151515,0.04857878787878788,0.05151818181818182,0.4557818181818182,0.055881818181818185,12795.831055454544,1.5854887878787878,0.16955575757575758,13.22652424242424,25.84202303030303,1,0.22222222213991769,11762.167552573961,-8371.7138671875,-5830.30078125,-2242.42333984375,1943.43359375,6428.2802734375,10614.13671875,-9866.6630859375,-9866.6630859375,-8820.1982421875,-6727.27001953125,-4185.85693359375,12060.820124174868,964.6013639548555,1.4406601358313167,13016.882378955088,14026.253709439796,14878.923007017454,15767.290233199776,16391.121635657353,11087.679651045377,9966.833792083067,9006.521549049323,7999.029967280325,7146.773369570016,25.17255655449069,24.13747997701485,23.690586384222676,23.097083881548926,22.814039257764286,22.16128138623305,26.328073813074358,26.95621943475591,28.391011419458092,29.49511402990943,31.430767807111735,2403.882178605549,2649.4822680910984,2881.7332998249335,3095.9427467118417,3301.079393838436,3481.859472681465,2160.882370006498,1919.675067919918,1690.3111655459827,1472.8627684497264,1274.771998678031,-0.6941237332694506,-0.44790239516385166,-0.15987308769265438,-0.8898748457653229,-0.989947825044924,0.26282051282051283,1934.3479576780342,2497.8801525123126,2935.6855553485393,3301.737842852077,586.6201729684051,-2242.42333984375,-7235.55283203125,-9866.6630859375,2899.7385980879744,-307.9609375,-174.31411115886294,0.11111111106995883,0.2300659938138665,-161.8798828125,203.29453191898392,0.0,0.1146300842467447,1576.814453125,1012.6386784115257,0.03703703702331959,-0.631055578935829,-1572.6123046875,-1242.6556880051976,0.03703703702331959,1.3227567650059342,45.78019688116183,-22.366402941767888,64.23473316286606,-4.097163465896365,2.550512323029901,-0.02720080787838608,0.14846623934584624,-0.09988745146705835,0.04878589957866453,0.0027322822395172905,0.5938409576165924,-0.13805913943477421,0.06830667905211829,-0.012424860870300106,12203.277226545411,592.5538289091328,1.628329915763663,-0.04284112788487526,0.19373498164749225,-0.024179224071734673,13.71405774186308,-0.4875334994388396,22.557195436507982,3.284827593795047
Z-06,2196.0,445,208,0.7935602741531292,37.403617142857144,60.69042057142857,2.5022020000000005,0.10680571428571428,0.04384571428571429,0.49515142857142863,0.05345142857142857,12574.069411428572,1.5908522857142857,0.17323257142857143,13.21503542857143,24.997493142857145,1,0.18518518511659807,11762.082065549024,-5830.30078125,-2242.42333984375,1943.43359375,6428.2802734375,10614.13671875,14052.51953125,-8371.7138671875,-9866.6630859375,-9866.6630859375,-8820.1982421875,-6727.27001953125,13016.882378955088,982.7167926324637,2.2326193895455417,14026.253709439796,14878.923007017454,15767.290233199776,16391.121635657353,16955.891682349415,12060.820124174868,11087.679651045377,9966.833792083067,9006.521549049323,7999.029967280325,24.13747997701485,23.690586384222676,23.097083881548926,22.814039257764286,22.16128138623305,21.526681430437282,25.17255655449069,26.328073813074358,26.95621943475591,28.391011419458092,29.49511402990943,2649.4822680910984,2881.7332998249335,3095.9427467118417,3301.079393838436,3481.859472681465,3654.534714706372,2403.882178605549,2160.882370006498,1919.675067919918,1690.3111655459827,1472.8627684497264,-0.44790239516385166,-0.15987308769265438,0.13061639366831015,-0.6941237332694506,-0.8898748457653229,0.266025641025641,1936.5027807182485,2501.9129097686273,2940.0113589070847,3292.607104061095,589.6125841155871,1943.43359375,-4873.53349609375,-9866.6630859375,4277.330793987268,-348.45068359375,-76.92697418808893,0.11111111106995883,0.7448110244679285,-65.63671875,370.97128878853437,0.0,0.43892257231546594,2432.85107421875,1134.0060765931648,0.03703703702331962,-0.3461571017623548,-2944.10546875,-1214.4929115399264,0.03703703702331962,1.299462287443916,45.71455822173448,-8.310941078877335,64.1755737996939,-3.4851532282653253,2.5508307579882086,-0.04862875798820809,0.1477579312596724,-0.04095221697395812,0.048655376490431834,-0.004809662204717541,0.5960522048187613,-0.10090077624733268,0.06821695891088542,-0.014765530339456844,12215.077111515566,358.9922999130067,1.6276979938522373,-0.03684570813795163,0.19339444256271232,-0.02016187113414089,13.711156301105092,-0.49612087253366255,22.609775128241722,2.387718014615423
Z-06,2198.0,445,208,0.7935602741531292,60.73781052631578,58.56664842105264,2.594868684210526,0.20464473684210527,0.016686842105263156,0.9005526315789475,0.03507894736842106,13651.297187105263,1.5719273684210529,0.15673342105263158,12.812947368421053,29.82749289473684,1,0.14814814809327845,11761.99657852409,-2242.42333984375,1943.43359375,6428.2802734375,10614.13671875,14052.51953125,16444.4375,-5830.30078125,-8371.7138671875,-9866.6630859375,-9866.6630859375,-8820.1982421875,14026.253709439796,931.0203140311833,6.254903761741247,14878.923007017454,15767.290233199776,16391.121635657353,16955.891682349415,17355.196486825334,13016.882378955088,12060.820124174868,11087.679651045377,9966.833792083067,9006.521549049323,23.690586384222676,23.097083881548926,22.814039257764286,22.16128138623305,21.526681430437282,21.009714173436432,24.13747997701485,25.17255655449069,26.328073813074358,26.95621943475591,28.391011419458092,2881.7332998249335,3095.9427467118417,3301.079393838436,3481.859472681465,3654.534714706372,3786.3387215465987,2649.4822680910984,2403.882178605549,2160.882370006498,1919.675067919918,1690.3111655459827,-0.15987308769265438,0.13061639366831015,0.40769675125427157,-0.44790239516385166,-0.6941237332694506,0.2692307692307692,1938.46450451076,2505.6936476118594,2944.041449342434,3281.9964672869387,592.5037145992377,6428.2802734375,-1614.54482421875,-8371.7138671875,5313.612879559515,-405.613037109375,-239.54397014284405,0.11111111106995883,0.10158546709148197,70.23583984375,330.30918651304637,0.0,0.10032984147606427,3014.571044921875,1006.8925192923725,0.11111111106995883,-0.7307656754125489,-4192.14111328125,-1228.1812155699226,0.03703703702331962,1.1350051190174781,45.645854265812886,15.091956260502897,64.1177384326378,-5.551090011585153,2.551128556591749,0.04374012761877699,0.14705888931022937,0.0575858475318759,0.04853499246990012,-0.031848150364636965,0.5983818233122804,0.3021708082666671,0.06813680122511112,-0.033057853856690064,12226.5272249103,1424.7699621949632,1.627079604950488,-0.05515223652943524,0.19306208838244743,-0.03632866732981585,13.708323880052554,-0.8953765116315004,22.660853858237033,7.166639036499806
Z-06,2200.0,445,208,0.7935602741531292,85.61099166666666,58.76950166666666,2.6808816666666666,0.30774166666666664,0.004125000000000001,0.8831583333333333,0.03178333333333334,14026.920918333331,1.5739308333333335,0.15820583333333335,13.366316666666664,30.300045833333332,1,0.18518518511659807,11762.082065549024,1943.43359375,6428.2802734375,10614.13671875,14052.51953125,16444.4375,17640.396484375,-2242.42333984375,-5830.30078125,-8371.7138671875,-9866.6630859375,-9866.6630859375,14878.923007017454,870.51826187999,7.655927400258917,15767.290233199776,16391.121635657353,16955.891682349415,17355.196486825334,17678.723856535922,14026.253709439796,13016.882378955088,12060.820124174868,11087.679651045377,9966.833792083067,23.097083881548926,22.814039257764286,22.16128138623305,21.526681430437282,21.009714173436432,20.571792219055734,23.690586384222676,24.13747997701485,25.17255655449069,26.328073813074358,26.95621943475591,3095.9427467118417,3301.079393838436,3481.859472681465,3654.534714706372,3786.3387215465987,3897.757784320665,2881.7332998249335,2649.4822680910984,2403.882178605549,2160.882370006498,1919.675067919918,0.13061639366831015,0.40769675125427157,0.647553316285067,-0.15987308769265438,-0.44790239516385166,0.2724358974358974,1940.2329254037024,2509.22198504602,2947.7754187413643,3269.9178467421198,595.291599333762,10614.13671875,2182.62529296875,-5830.30078125,5881.517210361361,-472.30224609375,-166.83352458038098,0.11111111106995883,0.074875650002312,228.75390625,481.2111474887497,0.0,0.2905727152057622,3307.17041015625,1110.5184161230063,0.11111111106995883,-0.493897365341752,-4868.235595703125,-1123.7650488085928,-0.03703703702331962,1.0736397077313669,45.57408501339637,40.03690665327029,64.06122706169754,-5.291725395030873,2.551405718840524,0.1294759478261427,0.14636911349751625,0.1613725531691504,0.048424747517070266,-0.04429974751707026,0.6008298130971639,0.2823285202361694,0.06806620599479629,-0.036282872661462955,12237.627566729672,1789.2933516036592,1.6264747490584153,-0.05254391572508177,0.19273791910669757,-0.034532085773364224,13.705560478705486,-0.3392438120388217,22.71043162649414,7.58961420683919
Z-07,2126.0,488,199,0.8070940270877489,76.782325,86.95546250000001,2.5076,0.1131,0.0721,0.8004,0.0822,8789.74729,1.8953950000000002,0.3071375,13.657785,8.57621,1,0.5555555553497942,12843.172780229574,-156.43479919433594,-469.30438232421875,-782.1740112304688,-1095.0435791015625,-1564.3480224609375,-2190.087158203125,156.43479919433594,625.7391967773438,1095.0435791015625,1720.7828369140625,2190.087158203125,2099.8205406968887,65.14586163075876,13.421310889778226,2052.708586316373,2282.679492820804,2350.0026860323014,2765.8378948127047,3011.215770927222,1922.4168630548554,2129.3968632682736,1875.5571319022683,2232.565208978438,2262.488479808182,12.419301181551937,10.948844344346575,10.109115118587708,10.003429521752656,13.116651333779693,14.741932465338543,14.834363524267747,21.565432710837186,23.14832215060865,47.78621196121401,89.98428928300034,595.8454125915291,620.3591012721082,717.9403561381162,743.0087022340863,763.6867145141516,784.2683115916161,499.1293505388416,458.5403114704778,389.8257642552299,322.96305913423026,238.5080441802282,-0.07449843944988586,-0.22862472956151353,-0.3426531687155433,0.08137320421748896,0.2938548021485524,0.15384615384615385,1851.7871563933413,2364.099019391617,3371.380692207778,2890.0334988218788,871.9223010886432,625.7391967773438,-125.14783935546875,-782.1740112304688,488.71793783692175,-314.94020080566406,180.02361456660083,-0.03703703702331962,2.2610122126640846,322.7103576660156,-155.35300156242533,0.07407407404663924,-1.3660030304911146,-142.9515838623047,-111.931341017264,0.0,-1.4180623977757438,156.43479919433594,175.47250426996607,0.03703703702331962,3.5119916536084403,46.188059887427016,30.594265112572984,67.03392919978205,19.92153330021796,2.5274069033617597,-0.01980690336175961,0.17806206563068194,-0.06496206563068194,0.0592564298609215,0.012843570139078497,0.5890894711030086,0.21131052889699142,0.07704682485251269,0.00515317514748731,11593.96705020353,-2804.2197602035303,1.6578674015099057,0.23752759849009442,0.21018332871647072,0.09695417128352929,13.85377345238237,-0.19598845238236962,19.876413683326177,-11.300203683326178
Z-07,2128.0,488,199,0.8070940270877489,67.62277,87.2188075,2.507599999999999,0.11310000000000002,0.07210000000000001,0.8004,0.08220000000000001,8763.2256265,1.8990425000000002,0.30816,13.640818999999999,8.491898,1,0.5185185183264746,12843.126061979525,-469.30438232421875,-782.1740112304688,-1095.0435791015625,-1564.3480224609375,-2190.087158203125,-2815.826416015625,-156.43479919433594,156.43479919433594,625.7391967773438,1095.0435791015625,1720.7828369140625,2052.708586316373,91.42947606195776,4.37375780478579,2282.679492820804,2350.0026860323014,2765.8378948127047,3011.215770927222,3409.7181710620516,2099.8205406968887,1922.4168630548554,2129.3968632682736,1875.5571319022683,2232.565208978438,10.948844344346575,10.109115118587708,10.003429521752656,13.116651333779693,14.741932465338543,16.011779544525,12.419301181551937,14.834363524267747,21.565432710837186,23.14832215060865,47.78621196121401,620.3591012721082,717.9403561381162,743.0087022340863,763.6867145141516,784.2683115916161,852.11592743037,595.8454125915291,499.1293505388416,458.5403114704778,389.8257642552299,322.96305913423026,-0.22862472956151353,-0.3426531687155433,-0.4659716103822623,-0.07449843944988586,0.08137320421748896,0.15705128205128205,1859.3885811171915,2375.4987380239745,3385.6800943766666,2911.346103128934,880.3752658837025,156.43479919433594,-469.30439453125,-1095.0435791015625,442.4644271375647,-316.32061767578125,125.6960308867151,-0.03703703702331956,-0.28545795080686887,303.02882385253906,-160.44501549537245,0.07407407404663924,-0.9399048070500449,-129.4683837890625,140.74377891895938,0.0,-0.8919092242169029,143.92446899414062,-66.01178540876299,0.03703703702331962,-2.065008730443026,46.22664130881458,21.396128691185424,66.92975396866348,20.28905353133652,2.528426974382109,-0.020826974382109675,0.17703870889565554,-0.06393870889565552,0.05878117847084052,0.013318821529159489,0.5872760943989022,0.21312390560109784,0.07663198122565351,0.005568018774346498,11617.659168736951,-2854.4335422369513,1.656775357269467,0.24226714273053318,0.20956450287817852,0.09859549712182147,13.84852534163879,-0.20770634163879187,19.98002607415924,-11.48812807415924
Z-07,2130.0,488,199,0.8070940270877489,43.07389473684211,86.8710742105263,2.5075999999999996,0.11310000000000002,0.07210000000000001,0.8004,0.08220000000000001,8805.216910526316,1.894751052631579,0.30659947368421053,13.654621578947369,8.64533947368421,1,0.481481481303155,12843.079343729478,-782.1740112304688,-1095.0435791015625,-1564.3480224609375,-2190.087158203125,-2815.826416015625,-3598.00048828125,-469.30438232421875,-156.43479919433594,156.43479919433594,625.7391967773438,1095.0435791015625,2282.679492820804,148.64704985796425,2.9183056770361704,2350.0026860323014,2765.8378948127047,3011.215770927222,3409.7181710620516,3835.8223906355656,2052.708586316373,2099.8205406968887,1922.4168630548554,2129.3968632682736,1875.5571319022683,10.109115118587708,10.003429521752656,13.116651333779693,14.741932465338543,16.011779544525,19.266321307637728,10.948844344346575,12.419301181551937,14.834363524267747,21.565432710837186,23.14832215060865,717.9403561381162,743.0087022340863,763.6867145141516,784.2683115916161,852.11592743037,873.8946699333958,620.3591012721082,595.8454125915291,499.1293505388416,458.5403114704778,389.8257642552299,-0.3426531687155433,-0.4659716103822623,-0.5655924553530326,-0.22862472956151353,-0.07449843944988586,0.16025641025641024,1866.8043155383818,2386.659657086134,3399.6396516606096,2931.335420731679,888.661506912077,-156.43479919433594,-813.4609588623047,-1564.3480224609375,488.71794545630416,-317.70098876953125,116.39274704136824,-0.03703703702331962,-1.155861927984331,449.6228942871094,-269.35295786653387,0.07407407404663918,-4.404500739757612,-115.98516845703125,2.462023459900138,0.0,0.0010253810174525313,294.1041259765625,-78.45387094687385,0.03703703702331956,-1.8878566425583756,46.262157433708126,-3.188262696866019,66.82690273366109,20.044171476865216,2.529426409047691,-0.021826409047691175,0.17602461829735994,-0.06292461829735992,0.05831606614846141,0.013783933851538602,0.5855810889861317,0.2148189110138683,0.07622670005425292,0.005973299945747093,11641.001515694952,-2835.7846051686356,1.655696846038703,0.23905420659287602,0.20895386194440224,0.09764561173980829,13.843346250600682,-0.18872467165331308,20.082137503254103,-11.436798029569893
Z-07,2132.0,488,199,0.8070940270877489,40.91620526315789,66.99812631578949,2.5812105263157896,0.0967842105263158,0.0502,0.8709947368421053,0.05885789473684211,11888.513832631577,1.6575315789473686,0.2097057894736842,14.088975263157897,20.589205789473684,1,0.44444444427983537,12843.032625479429,-1095.0435791015625,-1564.3480224609375,-2190.087158203125,-2815.826416015625,-3598.00048828125,-4223.73974609375,-782.1740112304688,-469.30438232421875,-156.43479919433594,156.43479919433594,625.7391967773438,2350.0026860323014,241.57920099595026,2.1459977334293736,2765.8378948127047,3011.215770927222,3409.7181710620516,3835.8223906355656,4251.784386831115,2282.679492820804,2052.708586316373,2099.8205406968887,1922.4168630548554,2129.3968632682736,10.003429521752656,13.116651333779693,14.741932465338543,16.011779544525,19.266321307637728,21.205490837678454,10.109115118587708,10.948844344346575,12.419301181551937,14.834363524267747,21.565432710837186,743.0087022340863,763.6867145141516,784.2683115916161,852.11592743037,873.8946699333958,923.3089983318057,717.9403561381162,620.3591012721082,595.8454125915291,499.1293505388416,458.5403114704778,-0.4659716103822623,-0.5655924553530326,-0.7273052514436725,-0.3426531687155433,-0.22862472956151353,0.16346153846153846,1874.0335932740575,2397.5806450742607,3413.2579426304846,2949.9858976747933,896.7770917140234,-469.30438232421875,-1220.1914306640624,-2190.087158203125,605.061002844881,-319.0814208984375,176.75148705136644,-0.03703703702331962,0.6440202566257689,596.2169189453125,-174.5596983508176,0.07407407404663918,-1.5551246555176697,-252.1951904296875,312.316290153668,0.0,3.0171820304102557,281.59381103515625,-107.12393002935687,0.03703703702331962,-0.43193358680428773,46.29460826210652,-5.37840299894863,66.72537549477454,0.2727508210149523,2.5304052073585073,0.05080531895728235,0.17501979383579602,-0.07823558330948022,0.05786109289378327,-0.007661092893783271,0.5840044548647398,0.2869902819773654,0.07583098133831356,-0.016973086601471454,11663.994091077591,224.51974155398602,1.6546318678176153,0.0028997111297532907,0.20835140591513923,0.0013543835585449748,13.83823617926803,0.2507390838898669,20.18274797061065,0.40645781886303567
Z-07,2134.0,488,199,0.8070940270877489,44.50917,65.4032945,2.574275,0.15068,0.064735,0.41109999999999997,0.078295,12030.225853999998,1.6385375000000004,0.20240799999999998,14.16331,21.084236999999998,1,0.40740740725651575,12842.985907229382,-1564.3480224609375,-2190.087158203125,-2815.826416015625,-3598.00048828125,-4223.73974609375,-4536.609375,-1095.0435791015625,-782.1740112304688,-469.30438232421875,-156.43479919433594,156.43479919433594,2765.8378948127047,330.60654244746024,1.7680231912342397,3011.215770927222,3409.7181710620516,3835.8223906355656,4251.784386831115,4610.246086320629,2350.0026860323014,2282.679492820804,2052.708586316373,2099.8205406968887,1922.4168630548554,13.116651333779693,14.741932465338543,16.011779544525,19.266321307637728,21.205490837678454,22.51100040619115,10.003429521752656,10.109115118587708,10.948844344346575,12.419301181551937,14.834363524267747,763.6867145141516,784.2683115916161,852.11592743037,873.8946699333958,923.3089983318057,971.6877103689693,743.0087022340863,717.9403561381162,620.3591012721082,595.8454125915291,499.1293505388416,-0.5655924553530326,-0.7273052514436725,-0.8258190994440286,-0.4659716103822623,-0.3426531687155433,0.16666666666666666,1881.075667503952,2408.2605949370436,3426.533580844045,2967.2832734157655,904.7181863680639,-782.1740112304688,-1689.4958374023438,-2815.826416015625,736.4075776377879,-478.2769775390625,250.74092577892543,-0.03703703702331962,1.8688658906963678,566.6947021484375,-64.42648455853896,0.07407407404663924,1.650346809214481,-381.6634521484375,148.44245852926588,0.0,1.3794636963367317,425.518310546875,-220.28141401811354,0.03703703702331962,-2.8658403866175988,46.323993794010676,-1.8148237940106782,66.62517225200429,-1.2218777520042892,2.5313633693145565,0.04291163068544357,0.1740242355109629,-0.023344235510962902,0.05741625870680611,0.0073187412931938894,0.5825461920346982,-0.17144619203469819,0.07544482507783279,0.0028501749221672146,11686.63689488484,343.588959115159,1.653580422606204,-0.015042922606203657,0.20775713479039304,-0.005349134790393062,13.833195127640842,0.3301148723591574,20.281857476228993,0.8023795237710054
Z-07,2136.0,488,199,0.8070940270877489,44.42026842105264,66.23275421052631,2.553978947368421,0.14864210526315785,0.07302105263157896,0.5348894736842106,0.08642105263157894,11762.35432736842,1.6468284210526316,0.2076378947368421,14.167702631578948,20.02148789473684,1,0.37037037023319613,12842.939188979335,-2190.087158203125,-2815.826416015625,-3598.00048828125,-4223.73974609375,-4536.609375,-4380.17431640625,-1564.3480224609375,-1095.0435791015625,-782.1740112304688,-469.30438232421875,-156.43479919433594,3011.215770927222,321.94013812467347,1.374917466956503,3409.7181710620516,3835.8223906355656,4251.784386831115,4610.246086320629,4866.42898070119,2765.8378948127047,2350.0026860323014,2282.679492820804,2052.708586316373,2099.8205406968887,14.741932465338543,16.011779544525,19.266321307637728,21.205490837678454,22.51100040619115,23.294020697687742,13.116651333779693,10.003429521752656,10.109115118587708,10.948844344346575,12.419301181551937,784.2683115916161,852.11592743037,873.8946699333958,923.3089983318057,971.6877103689693,1008.2962715591996,763.6867145141516,743.0087022340863,717.9403561381162,620.3591012721082,595.8454125915291,-0.7273052514436725,-0.8258190994440286,-0.9379950159948094,-0.5655924553530326,-0.4659716103822623,0.16987179487179488,1887.9298110197822,2418.698424176774,3439.4652149649282,2983.214590484268,912.4810555354226,-1095.0435791015625,-2252.6611328125,-3598.00048828125,888.2411787817856,-481.037841796875,225.62210739692773,-0.03703703702331962,1.1283766096124683,527.33154296875,-77.10254099099302,0.07407407404663924,0.25130469924797794,-354.697021484375,250.67882187470332,0.0,0.25884167096304367,563.1876220703125,-245.10376741840582,0.03703703702331962,-2.197131771867417,46.35031402942013,-1.930045608367493,66.52629300535,-0.2935387948236894,2.5323008949158403,0.021678052452580587,0.1730379433228606,-0.024395838059702746,0.0569815635875317,0.016039489044047256,0.581206300496035,-0.046316826811824474,0.07506823127281237,0.011352821358766571,11708.929927116667,53.42440025175347,1.652542510404471,-0.00571408935183948,0.207171048570161,0.00046684616668110634,13.828223095719096,0.33947953585985147,20.379466020109135,-0.3579781253722949
Z-07,2138.0,488,199,0.8070940270877489,99.11875263157894,73.87648105263158,2.624531578947368,0.3421736842105263,0.054363157894736835,0.8558894736842105,0.0851578947368421,10847.988404736841,1.7322099999999998,0.24812105263157894,14.74371947368421,15.141311052631579,1,0.3333333332098765,12842.892470729286,-2815.826416015625,-3598.00048828125,-4223.73974609375,-4536.609375,-4380.17431640625,-3754.43505859375,-2190.087158203125,-1564.3480224609375,-1095.0435791015625,-782.1740112304688,-469.30438232421875,3409.7181710620516,412.30330985417186,1.2109037161236098,3835.8223906355656,4251.784386831115,4610.246086320629,4866.42898070119,5201.567743754439,3011.215770927222,2765.8378948127047,2350.0026860323014,2282.679492820804,2052.708586316373,16.011779544525,19.266321307637728,21.205490837678454,22.51100040619115,23.294020697687742,25.241406278120504,14.741932465338543,13.116651333779693,10.003429521752656,10.109115118587708,10.948844344346575,852.11592743037,873.8946699333958,923.3089983318057,971.6877103689693,1008.2962715591996,1035.3268698595862,784.2683115916161,763.6867145141516,743.0087022340863,717.9403561381162,620.3591012721082,-0.8258190994440286,-0.9379950159948094,-0.9933994960609623,-0.7273052514436725,-0.5655924553530326,0.17307692307692307,1894.5953162740154,2428.89307494851,3452.051528879242,2997.768203697375,920.0620625643509,-1564.3480224609375,-2878.4003662109376,-4223.73974609375,952.0700096550672,-483.798583984375,217.1696824448345,-0.03703703702331962,0.6216787656041021,487.968505859375,-13.125961198228197,0.07407407404663924,0.9945156107687616,-477.423828125,270.32808327069824,0.0,2.095011202500636,538.1669921875,-168.20126225001695,0.03703703702331962,0.09963560130098514,46.37356896833512,52.74518366324382,66.42873775481178,7.447743297819798,2.5332177841623587,0.09131379478500934,0.1720609172714882,0.1701127669390381,0.05655700753595827,-0.0021938496412214348,0.5799847802487221,0.2759046934354884,0.07470119992325053,0.010456694813591572,11730.873187773133,-882.884783036292,1.6515181312124163,0.0806918687875835,0.2065931472544449,0.04152790537713405,13.823320083502821,0.9203993901813892,20.475573602251075,-5.3342625496194955
Z-07,2140.0,488,199,0.8070940270877489,29.686843478260872,62.27481217391305,2.5830782608695655,0.07936521739130435,0.05737826086956523,0.3768695652173913,0.0645217391304348,12674.580600434785,1.6070065217391303,0.18290608695652172,13.817761304347826,24.265642173913044,1,0.2962962961865569,12842.84575247924,-3598.00048828125,-4223.73974609375,-4536.609375,-4380.17431640625,-3754.43505859375,-2502.956787109375,-2815.826416015625,-2190.087158203125,-1564.3480224609375,-1095.0435791015625,-782.1740112304688,3835.8223906355656,421.03310788453155,1.0660926015772958,4251.784386831115,4610.246086320629,4866.42898070119,5201.567743754439,5362.983663426242,3409.7181710620516,3011.215770927222,2765.8378948127047,2350.0026860323014,2282.679492820804,19.266321307637728,21.205490837678454,22.51100040619115,23.294020697687742,25.241406278120504,26.50941626685085,16.011779544525,14.741932465338543,13.116651333779693,10.003429521752656,10.109115118587708,873.8946699333958,923.3089983318057,971.6877103689693,1008.2962715591996,1035.3268698595862,1041.613000300977,852.11592743037,784.2683115916161,763.6867145141516,743.0087022340863,717.9403561381162,-0.9379950159948094,-0.9933994960609623,-0.9840234540983314,-0.8258190994440286,-0.7273052514436725,0.17628205128205127,1901.07149542795,2438.8435141572813,3464.291241809579,3010.9337888875316,927.457669647366,-2190.087158203125,-3472.85263671875,-4536.609375,870.4300731911632,-330.12451171875,158.37956991515557,-0.03703703702331962,0.07106336079121789,272.4892578125,43.45014445019842,0.07407407404663924,1.1658563209705335,-443.715576171875,306.46611783117305,0.0,1.189506871433803,506.891357421875,-238.150537219562,0.03703703702331962,-0.9454443246145452,46.39375861075564,-16.706915132494768,66.33250650038974,-4.0576943264766925,2.5341140370541098,0.04896422381545573,0.17109315735684838,-0.09172793996554403,0.0561425905520867,0.0012356703174785308,0.5788816312927594,-0.2020120660753681,0.07434373102914904,-0.009821991898714244,11752.466676854208,922.1139235805767,1.6505072850300362,-0.04350076329090591,0.20602343084324293,-0.02311734388672121,13.818486090992003,-0.0007247866441772999,20.570180222654812,3.695461951258231
Z-07,2142.0,488,199,0.8070940270877489,38.562748571428564,69.88319314285714,2.5660542857142863,0.11948285714285714,0.06606,0.56164,0.07678857142857141,11254.191655142857,1.687512,0.22706971428571426,14.331703999999998,17.62457771428571,1,0.2592592591632373,12842.79903422919,-4223.73974609375,-4536.609375,-4380.17431640625,-3754.43505859375,-2502.956787109375,-782.1740112304688,-3598.00048828125,-2815.826416015625,-2190.087158203125,-1564.3480224609375,-1095.0435791015625,4251.784386831115,387.2118478425316,1.0066351401134332,4610.246086320629,4866.42898070119,5201.567743754439,5362.983663426242,5600.100674721564,3835.8223906355656,3409.7181710620516,3011.215770927222,2765.8378948127047,2350.0026860323014,21.205490837678454,22.51100040619115,23.294020697687742,25.241406278120504,26.50941626685085,28.18322786744487,19.266321307637728,16.011779544525,14.741932465338543,13.116651333779693,10.003429521752656,923.3089983318057,971.6877103689693,1008.2962715591996,1035.3268698595862,1041.613000300977,1054.873709304285,873.8946699333958,852.11592743037,784.2683115916161,763.6867145141516,743.0087022340863,-0.9933994960609623,-0.9840234540983314,-0.9000761885238028,-0.9379950159948094,-0.8258190994440286,0.1794871794871795,1907.3576803990045,2448.548733553307,3476.1831084265077,3022.702351106531,934.6644380249388,-2815.826416015625,-3910.870068359375,-4536.609375,633.5126781733964,-175.76025390625,155.10780095788596,-0.03703703702331959,0.08598100920314522,233.12646484375,-71.7564576091554,0.07407407404663924,-1.118115795393443,-267.05615234375,244.97523819991238,0.0,0.4342704245187399,481.870849609375,-294.8353376140717,0.03703703702331962,-1.9945986671372715,46.41088295668146,-7.848134385252898,66.23759924208366,3.645593900773477,2.5349896535910954,0.031064632123190883,0.17013466357893847,-0.05065180643608133,0.05573831263591522,0.010321687364084772,0.5778968536281752,-0.016256853628175194,0.07399582459050613,0.0027927468380652826,11773.710394359892,-519.5187392170355,1.6495099718573325,0.0380020281426674,0.2054618993365569,0.021607814949157367,13.813721118186635,0.5179828818133636,20.663285881320235,-3.0387081670345246
Z-07,2144.0,488,199,0.8070940270877489,77.30629714285715,72.32162142857143,2.665837142857143,0.2968314285714285,0.03158857142857143,0.9115771428571428,0.05828,11285.926781428572,1.7148502857142858,0.23982714285714288,14.92965942857143,16.560709714285718,1,0.22222222213991769,12842.752315979144,-4536.609375,-4380.17431640625,-3754.43505859375,-2502.956787109375,-782.1740112304688,1251.4783935546875,-4223.73974609375,-3598.00048828125,-2815.826416015625,-2190.087158203125,-1564.3480224609375,4610.246086320629,307.3222969350377,1.016227315019028,4866.42898070119,5201.567743754439,5362.983663426242,5600.100674721564,5664.917427724931,4251.784386831115,3835.8223906355656,3409.7181710620516,3011.215770927222,2765.8378948127047,22.51100040619115,23.294020697687742,25.241406278120504,26.50941626685085,28.18322786744487,29.080495376316613,21.205490837678454,19.266321307637728,16.011779544525,14.741932465338543,13.116651333779693,971.6877103689693,1008.2962715591996,1035.3268698595862,1041.613000300977,1054.873709304285,1050.491841293223,923.3089983318057,873.8946699333958,852.11592743037,784.2683115916161,763.6867145141516,-0.9840234540983314,-0.9000761885238028,-0.7217864374500009,-0.9933994960609623,-0.9379950159948094,0.18269230769230768,1913.453222907218,2458.0077498251767,3487.72591895737,3033.0662322746266,941.6790282296618,-3598.00048828125,-4098.591796875,-4536.609375,362.17278804176,137.109375,78.29275817693906,-0.03703703702331962,-0.557189124604168,-119.1064453125,48.494689176053726,0.07407407404663921,-0.010116757236417584,-103.87939453125,283.39452485672064,0.0,0.9054944479796809,143.98046875,-211.13922460720732,0.03703703702331959,-0.6463486626552672,46.42494200611259,30.88135513674456,66.14401597989365,6.177605448677781,2.5358446337733156,0.1299925090838272,0.16918543593776025,0.12764599263366827,0.055344173787445605,-0.023755602358874174,0.5770304472549554,0.3345466956021873,0.07365748060732358,-0.01537748060732358,11794.604340290156,-508.67755886158375,1.648526191694307,0.06632409401997874,0.2049085527343859,0.03491859012275697,13.80902516508673,1.1206342634846997,20.754890578247455,-4.194180863961737
Z-07,2146.0,488,199,0.8070940270877489,30.15698611111111,72.39433611111112,2.4054527777777777,0.034958333333333334,0.12497499999999999,0.17634166666666667,0.12810555555555556,10132.832235555554,1.7137236111111112,0.24157861111111117,13.581536666666668,14.563938333333333,1,0.18518518511659807,12842.705597729095,-4380.17431640625,-3754.43505859375,-2502.956787109375,-782.1740112304688,1251.4783935546875,3285.130859375,-4536.609375,-4223.73974609375,-3598.00048828125,-2815.826416015625,-2190.087158203125,4866.42898070119,295.66082871690514,1.111007706063441,5201.567743754439,5362.983663426242,5600.100674721564,5664.917427724931,5898.131307724124,4610.246086320629,4251.784386831115,3835.8223906355656,3409.7181710620516,3011.215770927222,23.294020697687742,25.241406278120504,26.50941626685085,28.18322786744487,29.080495376316613,31.232089698144943,22.51100040619115,21.205490837678454,19.266321307637728,16.011779544525,14.741932465338543,1008.2962715591996,1035.3268698595862,1041.613000300977,1054.873709304285,1050.491841293223,1055.3922852002386,971.6877103689693,923.3089983318057,873.8946699333958,852.11592743037,784.2683115916161,-0.9000761885238028,-0.7217864374500009,-0.466708065287957,-0.9840234540983314,-0.9933994960609623,0.1858974358974359,1919.3574945208145,2467.2196046909444,3498.918499292412,3042.019118249397,948.4982003653677,-2502.956787109375,-3879.583056640625,-4536.609375,736.4076217210969,294.92431640625,116.6378484573952,-0.03703703702331962,0.3516156609309995,-441.81689453125,127.69727965928905,0.07407407404663921,0.5987551571095047,188.76513671875,359.2535406965453,0.0,1.93704198507724,-175.14453125,-200.37643346749246,0.03703703702331962,-0.8777472169054583,46.435935759049244,-16.278949647938134,66.05175671381971,6.342579397291402,2.5366789776007703,-0.13122619982299266,0.16824547443331195,-0.1332871410999786,0.05496017400667785,0.07001482599332214,0.5762824121730858,-0.39994074550641917,0.07332869907960049,0.054776856475955066,11815.148514645058,-1682.316279089504,1.6475559445409598,0.06616766657015138,0.20436339103672907,0.037215220074382105,13.80439823169229,-0.22286156502562093,20.844994313436587,-6.281055980103254
Z-07,2148.0,488,199,0.8070940270877489,58.45791395348836,71.01858883720931,2.517311627906977,0.20096744186046517,0.0845046511627907,0.5397116279069767,0.10260000000000001,10835.840860930231,1.6997641860465114,0.23341395348837204,14.116675813953488,16.352063953488372,1,0.14814814809327845,12842.658879479048,-3754.43505859375,-2502.956787109375,-782.1740112304688,1251.4783935546875,3285.130859375,5162.34814453125,-4380.17431640625,-4536.609375,-4223.73974609375,-3598.00048828125,-2815.826416015625,5201.567743754439,248.27734136252593,1.3854390275576323,5362.983663426242,5600.100674721564,5664.917427724931,5898.131307724124,6104.895784100602,4866.42898070119,4610.246086320629,4251.784386831115,3835.8223906355656,3409.7181710620516,25.241406278120504,26.50941626685085,28.18322786744487,29.080495376316613,31.232089698144943,33.044422549968914,23.294020697687742,22.51100040619115,21.205490837678454,19.266321307637728,16.011779544525,1035.3268698595862,1041.613000300977,1054.873709304285,1050.491841293223,1055.3922852002386,1062.01138147178,1008.2962715591996,971.6877103689693,923.3089983318057,873.8946699333958,852.11592743037,-0.7217864374500009,-0.466708065287957,-0.1396709355912219,-0.9000761885238028,-0.9840234540983314,0.1891025641025641,1925.069886700857,2476.183364987141,3509.7597110881347,3049.556045294137,955.1188144160824,-782.1740112304688,-3191.269909667969,-4536.609375,1401.2926141859825,611.93505859375,180.13991093645927,-0.037037037023319605,1.3654236914344686,-735.0048828125,112.12407085542964,0.07407407404663924,0.03660088712571863,610.8779296875,257.6532928866427,0.0,1.1402440573280614,-638.19384765625,-170.95803699256157,0.03703703702331962,-0.8188097161809864,46.44386421549143,12.014049737996928,65.96082144386196,5.057767393347348,2.5374926850734596,-0.020181057166482663,0.16731477906559533,0.033652662794869836,0.054586313293611965,0.029918337869178732,0.5756527483825664,-0.03594112047558973,0.07300948000733776,0.029590519992662254,11835.342917424568,-999.502056494337,1.646599230397289,0.05316495564922241,0.20382641424358816,0.029587539244783884,13.799840318003305,0.31683549595018334,20.933597086887403,-4.581533133399031
Z-07,2150.0,488,199,0.8070940270877489,67.89719615384615,70.2006128846154,2.5533653846153848,0.2535615384615385,0.0716923076923077,0.6477596153846155,0.09450192307692308,11114.827761153847,1.6902526923076926,0.22929019230769226,14.313000961538462,17.109757692307692,1,0.11111111106995884,12842.612161229,-2502.956787109375,-782.1740112304688,1251.4783935546875,3285.130859375,5162.34814453125,6257.39208984375,-3754.43505859375,-4380.17431640625,-4536.609375,-4223.73974609375,-3598.00048828125,5362.983663426242,199.26646548356257,2.142642697182513,5600.100674721564,5664.917427724931,5898.131307724124,6104.895784100602,6328.030187130911,5201.567743754439,4866.42898070119,4610.246086320629,4251.784386831115,3835.8223906355656,26.50941626685085,28.18322786744487,29.080495376316613,31.232089698144943,33.044422549968914,33.57468224098409,25.241406278120504,23.294020697687742,22.51100040619115,21.205490837678454,19.266321307637728,1041.613000300977,1054.873709304285,1050.491841293223,1055.3922852002386,1062.01138147178,1092.1004516207079,1035.3268698595862,1008.2962715591996,971.6877103689693,923.3089983318057,873.8946699333958,-0.466708065287957,-0.1396709355912219,0.22091656625261671,-0.7217864374500009,-0.9000761885238028,0.1923076923076923,1930.5898108448657,2484.898122755647,3520.248451867852,3055.6734059305086,961.5378305800838,1251.4783935546875,-2033.6523559570312,-4380.17431640625,2051.6231212564535,931.706787109375,87.895368958576,-0.03703703702331962,0.4768397924907397,-988.829833984375,244.60017242232698,0.07407407404663922,0.6405689950596702,1006.02490234375,295.6828344912592,0.0,0.9935471099704039,-1076.22216796875,-47.295136592993,0.037037037023319605,0.1311442940568206,46.44872737543915,21.448468778407005,65.87121017002016,4.329402714595233,2.5382857561913816,0.015079628424003122,0.16639334983460952,0.08716818862692899,0.054222591648246166,0.01746971604406153,0.5751414558834256,0.07261815950118988,0.0726998233905336,0.02180209968638948,11855.187548628688,-740.3597874748411,1.6456560492632928,0.04459664304439981,0.20329762235496052,0.025992569952731748,13.79535142401977,0.5176495375186914,21.020698898600017,-3.910941206292325
Z-07,2152.0,488,199,0.8070940270877489,43.24789183673469,65.02256346938775,2.5480714285714288,0.12751224489795918,0.06755714285714286,0.5987979591836735,0.07904489795918367,12022.342888775513,1.635801836734694,0.19901612244897954,13.847448163265305,21.608208367346936,1,0.07407407404663922,12842.565442978952,-782.1740112304688,1251.4783935546875,3285.130859375,5162.34814453125,6257.39208984375,6413.82666015625,-2502.956787109375,-3754.43505859375,-4380.17431640625,-4536.609375,-4223.73974609375,5600.100674721564,150.96688214934466,7.159483248705462,5664.917427724931,5898.131307724124,6104.895784100602,6328.030187130911,6675.136060742326,5362.983663426242,5201.567743754439,4866.42898070119,4610.246086320629,4251.784386831115,28.18322786744487,29.080495376316613,31.232089698144943,33.044422549968914,33.57468224098409,33.6342701134831,26.50941626685085,25.241406278120504,23.294020697687742,22.51100040619115,21.205490837678454,1054.873709304285,1050.491841293223,1055.3922852002386,1062.01138147178,1092.1004516207079,1150.9835551519,1041.613000300977,1035.3268698595862,1008.2962715591996,971.6877103689693,923.3089983318057,-0.1396709355912219,0.22091656625261671,0.5569764182527612,-0.466708065287957,-0.7217864374500009,0.1955128205128205,1935.9166983293928,2493.3629953284003,3530.383655119402,3060.368954164867,967.752309624672,3285.130859375,-500.59132080078126,-3754.43505859375,2532.891472275348,1096.4240112304688,149.1561518837034,0.03703703702331962,1.1744851581652895,-1046.8571166992188,145.2178404654951,0.07407407404663922,-0.321172573372305,1231.2536010742188,191.94629570744928,0.07407407404663922,0.876611209254289,-1332.7954711914062,-65.93864218442013,0.03703703702331962,0.06243414953001292,46.45052523889217,-3.202633402157481,65.78292289229444,-0.7603594229066886,2.539058190954538,0.009013237616890546,0.1654811867403554,-0.037968941842396214,0.05386900907058223,0.013688133786560627,0.5747485346756491,0.024049424508024386,0.07239972922918891,0.006645168729994752,11874.682408257388,147.66048051812504,1.644726401138973,-0.008924564404279023,0.2027770153708497,-0.0037608929218701515,13.7909315497417,0.056516613523605486,21.10629974857443,0.5019086187725073
Z-07,2154.0,488,199,0.8070940270877489,40.180704444444444,65.57826733333333,2.56244,0.11867777777777777,0.06726666666666666,0.6644711111111111,0.07794000000000001,11986.279758,1.6412784444444444,0.20254444444444447,13.999778888888889,21.184922444444442,1,0.11111111106995884,12842.612161229,1251.4783935546875,3285.130859375,5162.34814453125,6257.39208984375,6413.82666015625,5475.2177734375,-782.1740112304688,-2502.956787109375,-3754.43505859375,-4380.17431640625,-4536.609375,5664.917427724931,149.0153165012798,4.526510094890787,5898.131307724124,6104.895784100602,6328.030187130911,6675.136060742326,7133.24324687841,5600.100674721564,5362.983663426242,5201.567743754439,4866.42898070119,4610.246086320629,29.080495376316613,31.232089698144943,33.044422549968914,33.57468224098409,33.6342701134831,33.34187033851722,28.18322786744487,26.50941626685085,25.241406278120504,23.294020697687742,22.51100040619115,1050.491841293223,1055.3922852002386,1062.01138147178,1092.1004516207079,1150.9835551519,1235.3557891799055,1054.873709304285,1041.613000300977,1035.3268698595862,1008.2962715591996,971.6877103689693,0.22091656625261671,0.5569764182527612,0.8456052185782413,-0.1396709355912219,-0.466708065287957,0.1987179487179487,1941.050000551496,2501.5771254099122,3540.1642903899206,3063.641810082158,973.7594132576043,5162.34814453125,1282.7653198242188,-2502.956787109375,2744.349680028403,1262.5216064453125,170.059557739487,0.037037037023319605,1.3918563155379857,-1085.2028350830078,258.6387897286186,0.07407407404663922,0.5963981645432774,1442.9991455078125,372.42400032161186,0.07407407404663922,2.391103467747431,-1414.1683502197266,-15.992093237270637,-0.03703703702331962,0.3485572297435837,46.44925780585049,-6.268553361406049,65.69595961068478,-0.11769227735145193,2.5398099893629276,0.022630010637072484,0.1645782897828303,-0.04590051200505252,0.05352556556062016,0.013741101106046497,0.5744739847592228,0.08999712635188828,0.07210919752330369,0.005830802476696317,11893.827496310725,92.45226168927547,1.6438102860243333,-0.0025318415798889493,0.2022645932912539,0.00027985115319056897,13.786580695169093,0.21319819371979598,21.19039963681064,-0.005477192366196704
Z-07,2156.0,488,199,0.8070940270877489,38.42372826086956,65.32011673913044,2.586713043478261,0.11022391304347827,0.05642608695652175,0.648004347826087,0.06634130434782608,12163.776167173914,1.6392217391304345,0.20047717391304343,14.048939347826092,21.778953695652177,1,0.14814814809327845,12842.658879479048,3285.130859375,5162.34814453125,6257.39208984375,6413.82666015625,5475.2177734375,3441.565673828125,1251.4783935546875,-782.1740112304688,-2502.956787109375,-3754.43505859375,-4380.17431640625,5898.131307724124,219.98917818783548,1.7953916349523555,6104.895784100602,6328.030187130911,6675.136060742326,7133.24324687841,7878.149883380149,5664.917427724931,5600.100674721564,5362.983663426242,5201.567743754439,4866.42898070119,31.232089698144943,33.044422549968914,33.57468224098409,33.6342701134831,33.34187033851722,33.36789766323319,29.080495376316613,28.18322786744487,26.50941626685085,25.241406278120504,23.294020697687742,1055.3922852002386,1062.01138147178,1092.1004516207079,1150.9835551519,1235.3557891799055,1363.8286726108438,1050.491841293223,1054.873709304285,1041.613000300977,1035.3268698595862,1008.2962715591996,0.5569764182527612,0.8456052185782413,0.9888342366493543,0.22091656625261671,-0.1396709355912219,0.20192307692307693,1945.9891889690498,2509.5396811575797,3549.5893633777077,3065.4924638057837,979.5564045114182,6257.39208984375,3034.835095214844,-782.1740112304688,2558.2710166142456,1114.369140625,116.10540324355134,0.03703703702331962,0.3146270342275095,-790.99755859375,193.01403991125517,0.07407407404663924,0.2725766956282847,1355.35791015625,180.4848286198503,0.07407407404663924,0.5959335308578915,-1332.851318359375,-165.27484154442755,-0.037037037023319605,-0.9605126468485068,46.44492507631435,-8.021196815444789,65.6103203251912,-0.29020358606075547,2.5405411514165532,0.0461718920617078,0.16368465896203777,-0.053460745918559496,0.053192261118358175,0.003233825838163576,0.574317806134161,0.07368654169192601,0.07182822827287882,-0.005486923925052747,11912.622812788672,251.15335438524198,1.64290770391937,-0.0036859647889355696,0.20176035611617316,-0.001283182203129729,13.782298860301928,0.2666404875241639,21.272998563308647,0.5059551323435301
Z-07,2158.0,488,199,0.8070940270877489,39.65041304347826,67.10652826086957,2.5293021739130435,0.11303478260869566,0.0753,0.49195217391304347,0.08547173913043479,11522.194170869565,1.6570934782608695,0.21180391304347826,14.001528260869565,19.346946739130434,1,0.18518518511659807,12842.705597729095,5162.34814453125,6257.39208984375,6413.82666015625,5475.2177734375,3441.565673828125,312.8695983886719,3285.130859375,1251.4783935546875,-782.1740112304688,-2502.956787109375,-3754.43505859375,6104.895784100602,214.94943970339364,1.1825767389125792,6328.030187130911,6675.136060742326,7133.24324687841,7878.149883380149,8596.131895106522,5898.131307724124,5664.917427724931,5600.100674721564,5362.983663426242,5201.567743754439,33.044422549968914,33.57468224098409,33.6342701134831,33.34187033851722,33.36789766323319,32.01669114910084,31.232089698144943,29.080495376316613,28.18322786744487,26.50941626685085,25.241406278120504,1062.01138147178,1092.1004516207079,1150.9835551519,1235.3557891799055,1363.8286726108438,1519.1996343461708,1055.3922852002386,1050.491841293223,1054.873709304285,1041.613000300977,1035.3268698595862,0.8456052185782413,0.9888342366493543,0.9608505286802146,0.5569764182527612,0.22091656625261671,0.20512820512820512,1950.7337551398787,2517.249856259728,3558.6579160210886,3065.9227788260387,985.14064813717,6413.82666015625,4474.035229492188,1251.4783935546875,1960.3720726934234,808.40185546875,211.83945030698396,0.03703703702331962,0.45794519865501826,-672.908203125,36.11437875811862,0.07407407404663921,-1.1217661415243008,825.37939453125,179.0023350290876,0.07407407404663921,-0.307003201142372,-1257.7890625,-262.9072386242924,-0.03703703702331962,-1.485392225353248,46.437527050283734,-6.787114006805474,65.52600503581368,1.5805232250558845,2.5412516771154117,-0.011949503202368206,0.16280029427797515,-0.04976551166927949,0.052869095743798944,0.022430904256201062,0.5742799988004492,-0.08232782488740575,0.07155682147791342,0.01391491765252137,11931.068357691227,-408.8741868216621,1.6420186548240814,0.01507482343678812,0.20126430384560656,0.010539609197871697,13.778086045140235,0.22344221572932987,21.35409652806834,-2.0071497889379053
Z-07,2160.0,488,199,0.8070940270877489,35.624560869565215,65.84884108695654,2.4744391304347824,0.06251304347826087,0.09069347826086957,0.36028913043478267,0.09630217391304345,11484.610845869563,1.6430302173913045,0.20517369565217386,13.663096739130435,19.8629602173913,1,0.22222222213991769,12842.752315979144,6257.39208984375,6413.82666015625,5475.2177734375,3441.565673828125,312.8695983886719,-3285.130859375,5162.34814453125,3285.130859375,1251.4783935546875,-782.1740112304688,-2502.956787109375,6328.030187130911,285.12013832086177,1.0112856075346517,6675.136060742326,7133.24324687841,7878.149883380149,8596.131895106522,9513.444931544982,6104.895784100602,5898.131307724124,5664.917427724931,5600.100674721564,5362.983663426242,33.57468224098409,33.6342701134831,33.34187033851722,33.36789766323319,32.01669114910084,30.778163667638374,33.044422549968914,31.232089698144943,29.080495376316613,28.18322786744487,26.50941626685085,1092.1004516207079,1150.9835551519,1235.3557891799055,1363.8286726108438,1519.1996343461708,1714.8117720240648,1062.01138147178,1055.3922852002386,1050.491841293223,1054.873709304285,1041.613000300977,0.9888342366493543,0.9608505286802146,0.7675614987340749,0.8456052185782413,0.5569764182527612,0.20833333333333331,1955.283210759653,2524.706870011427,3567.3690265842743,3064.9359947040284,990.5096110043548,6413.82666015625,5318.78310546875,3285.130859375,1119.3562768484635,341.85791015625,299.09416642200813,0.03703703702331959,0.2816174556652129,-271.47216796875,36.40800698300518,0.07407407404663921,-0.3994514511205054,329.1083984375,306.63160348304336,0.07407407404663921,0.6862137832936241,-725.93359375,-242.20312938872848,-0.03703703702331962,-0.3444074199125353,46.42706372775865,-10.802502858193435,65.44301374255224,0.405827344404301,2.5419415664595046,-0.06750243602472228,0.16192519573064423,-0.09941215225238337,0.05255606943694069,0.03813740882392888,0.5743605627581161,-0.21407143232333342,0.07129497713840749,0.025007196774635962,11949.164131018391,-464.55328514882785,1.641143138738471,0.0018870786528335515,0.2007764364795559,0.004397259172617962,13.773942249684005,-0.11084551055357039,21.43369353108983,-1.570733313698529
Z-07,2162.0,488,199,0.8070940270877489,35.31534222222222,63.35947288888888,2.2860911111111113,0.08599111111111113,0.07236222222222222,0.5432288888888889,0.08011777777777777,10958.17037311111,1.617916,0.18962222222222222,12.39842288888889,20.13974133333333,1,0.2592592591632373,12842.79903422919,6413.82666015625,5475.2177734375,3441.565673828125,312.8695983886719,-3285.130859375,-7039.56591796875,6257.39208984375,5162.34814453125,3285.130859375,1251.4783935546875,-782.1740112304688,6675.136060742326,402.6065298737494,1.040738426039649,7133.24324687841,7878.149883380149,8596.131895106522,9513.444931544982,10472.903634041579,6328.030187130911,6104.895784100602,5898.131307724124,5664.917427724931,5600.100674721564,33.6342701134831,33.34187033851722,33.36789766323319,32.01669114910084,30.778163667638374,29.418052278610332,33.57468224098409,33.044422549968914,31.232089698144943,29.080495376316613,28.18322786744487,1150.9835551519,1235.3557891799055,1363.8286726108438,1519.1996343461708,1714.8117720240648,1930.901632413549,1092.1004516207079,1062.01138147178,1055.3922852002386,1050.491841293223,1054.873709304285,0.9608505286802146,0.7675614987340749,0.43684840309940065,0.9888342366493543,0.8456052185782413,0.21153846153846154,1959.6370876985136,2531.9099673879837,3575.7218097401283,3062.536729162115,995.6608625040219,6413.82666015625,5350.070068359375,3441.565673828125,1062.836001458263,-285.95166015625,379.62585184468935,0.03703703702331962,-0.22714756138910275,237.19580078125,-1.2154819858142218,0.07407407404663924,0.6603151489040755,-426.09912109375,360.6165816824605,0.07407407404663924,0.6258324457107776,-68.91845703125,-330.18617258918493,-0.03703703702331959,0.13509289346183806,46.41353510873887,-11.09819288651665,65.36134644540687,-2.0018735565179853,2.542610819448832,-0.25651970833772086,0.16105936332004323,-0.0750682522089321,0.0522531821977843,0.02010904002443792,0.5745594980071331,-0.03133060911824426,0.07104269525436102,0.009075082523416753,11966.910132770165,-1008.7397596590545,1.6402811556625387,-0.022365155662538827,0.20029675401802027,-0.010674531795798053,13.769867473933225,-1.371444585044335,21.511789572373118,-1.3720482390397883
Z-07,2164.0,488,199,0.8070940270877489,48.70946086956521,61.571370652173904,2.444571739130435,0.10557826086956522,0.05235434782608694,0.8395195652173912,0.06183478260869565,12594.452925869566,1.6065449999999994,0.17044065217391308,11.319705434782609,28.14139195652174,1,0.2962962961865569,12842.84575247924,5475.2177734375,3441.565673828125,312.8695983886719,-3285.130859375,-7039.56591796875,-10168.26171875,6413.82666015625,6257.39208984375,5162.34814453125,3285.130859375,1251.4783935546875,7133.24324687841,601.5069113189115,1.3028190399546484,7878.149883380149,8596.131895106522,9513.444931544982,10472.903634041579,11456.964465944257,6675.136060742326,6328.030187130911,6104.895784100602,5898.131307724124,5664.917427724931,33.34187033851722,33.36789766323319,32.01669114910084,30.778163667638374,29.418052278610332,27.873819649428185,33.6342701134831,33.57468224098409,33.044422549968914,31.232089698144943,29.080495376316613,1235.3557891799055,1363.8286726108438,1519.1996343461708,1714.8117720240648,1930.901632413549,2170.057908535837,1150.9835551519,1092.1004516207079,1062.01138147178,1055.3922852002386,1050.491841293223,0.7675614987340749,0.43684840309940065,0.03639647411903588,0.9608505286802146,0.9888342366493543,0.21474358974358973,1963.7949380363918,2538.8584191161513,3583.7154166498754,3058.730979576196,1000.5920749523139,6413.82666015625,4380.17435913086,312.8695983886719,2292.7172721496586,-918.5927734375,502.6074103403089,0.03703703702331962,-0.5016570632796729,676.97802734375,-62.94724064784168,0.07407407404663924,0.6688535010876961,-1283.80859375,409.5883912663512,0.07407407404663924,-0.146856672631678,707.00048828125,-366.8670489046699,-0.03703703702331962,0.42733064959421085,46.39694119322439,2.31251967634082,65.28100314437756,-3.70963249220366,2.5432594360833924,-0.09868769695295754,0.1602027970461748,-0.054624536176609575,0.051960434026327995,0.0003939137997589423,0.5748768045475288,0.2646427606698625,0.07079997582577402,-0.008965193217078372,11984.306362946547,610.1465629230188,1.639432705596283,-0.03288770559628351,0.1998252564609988,-0.029384604287085725,13.765861717887901,-2.4461562831052923,21.588384651918204,6.553007304603536
Z-07,2166.0,488,199,0.8070940270877489,74.81241956521738,65.87615652173913,2.533665217391305,0.11514565217391307,0.0710195652173913,0.4971326086956521,0.08138478260869567,11728.693365434781,1.6431176086956523,0.2055378260869565,14.028009999999997,20.152458043478262,1,0.3333333332098765,12842.892470729286,3441.565673828125,312.8695983886719,-3285.130859375,-7039.56591796875,-10168.26171875,-12514.7841796875,5475.2177734375,6413.82666015625,6257.39208984375,5162.34814453125,3285.130859375,7878.149883380149,731.4443241140561,2.2891050775927573,8596.131895106522,9513.444931544982,10472.903634041579,11456.964465944257,12626.488621230528,7133.24324687841,6675.136060742326,6328.030187130911,6104.895784100602,5898.131307724124,33.36789766323319,32.01669114910084,30.778163667638374,29.418052278610332,27.873819649428185,27.360937821073723,33.34187033851722,33.6342701134831,33.57468224098409,33.044422549968914,31.232089698144943,1363.8286726108438,1519.1996343461708,1714.8117720240648,1930.901632413549,2170.057908535837,2413.8879242057387,1235.3557891799055,1150.9835551519,1092.1004516207079,1062.01138147178,1055.3922852002386,0.43684840309940065,0.03639647411903588,-0.3453138354743842,0.7675614987340749,0.9608505286802146,0.21794871794871795,1967.7563340970064,2545.5515217429897,3591.3490350396687,3053.526123889311,1005.3010239918718,6413.82666015625,2471.6697692871094,-3285.130859375,3558.195365269981,-1556.065673828125,498.4605342028972,0.03703703702331962,-1.7604361294910298,1047.874267578125,-290.6563149538579,0.07407407404663924,-0.12307800220385445,-1944.6337890625,317.2392801197984,0.07407407404663924,-1.3429479489018732,1439.133056640625,-523.9969966566159,-0.03703703702331962,0.33069325971302277,46.37728198121545,28.435137584001936,65.20198383946422,0.6741726822749143,2.5438874163631873,-0.010222198971882257,0.15935549690903628,-0.04420984473512321,0.051677824922574445,0.01934174029481686,0.5753124823792604,-0.07817987368360824,0.07056681885264648,0.010817963756049181,12001.352821547538,-272.65945611275674,1.6385977885397018,0.004519820155950427,0.19936194380849326,0.006175882278463246,13.761924981548034,0.2660850184519621,21.66347876972509,-1.5110207262468265
Z-07,2168.0,488,199,0.8070940270877489,91.73673695652174,63.2411147826087,2.6382695652173913,0.25179565217391303,0.030580434782608686,0.9132891304347825,0.053210869565217395,12764.79541,1.6167430434782606,0.1889202173913043,14.227485000000003,23.85852021739131,1,0.37037037023319613,12842.939188979335,312.8695983886719,-3285.130859375,-7039.56591796875,-10168.26171875,-12514.7841796875,-13453.392578125,3441.565673828125,5475.2177734375,6413.82666015625,6257.39208984375,5162.34814453125,8596.131895106522,817.6475240824166,27.473422678308822,9513.444931544982,10472.903634041579,11456.964465944257,12626.488621230528,13752.05153787759,7878.149883380149,7133.24324687841,6675.136060742326,6328.030187130911,6104.895784100602,32.01669114910084,30.778163667638374,29.418052278610332,27.873819649428185,27.360937821073723,26.74426151196924,33.36789766323319,33.34187033851722,33.6342701134831,33.57468224098409,33.044422549968914,1519.1996343461708,1714.8117720240648,1930.901632413549,2170.057908535837,2413.8879242057387,2659.2072499274495,1363.8286726108438,1235.3557891799055,1150.9835551519,1092.1004516207079,1062.01138147178,0.03639647411903588,-0.3453138354743842,-0.6721682084757519,0.43684840309940065,0.7675614987340749,0.22115384615384615,1971.520868480471,2551.9885977024037,3598.621889273994,3046.9309209702888,1009.7855889887251,5475.2177734375,-219.0087463378906,-7039.56591796875,4517.25625266525,-1726.9945983886719,566.9021546665208,-0.03703703702331962,-2.037434200645034,1516.1615295410156,-213.66399072973945,0.07407407404663924,1.1352386087278035,-2258.881072998047,496.3513567754453,0.0,-0.6808357412962955,2127.479766845703,-476.78581156974906,-0.03703703702331962,1.229858059138003,46.35455747271226,45.38217948380948,65.12428853066706,-1.8831737480583612,2.5444947602882166,0.09377480492917467,0.15851746290862945,0.09327818926528358,0.05140535488652187,-0.020824920103913184,0.5758665315023705,0.337422598932412,0.07034322433497842,-0.01713235476976102,12018.049508573138,746.7459014268625,1.637776404492799,-0.021033361014538343,0.19890681606050187,-0.009986598669197572,13.758057264913639,0.4694277350863647,21.737071925793657,2.121448291597652
Z-07,2170.0,488,199,0.8070940270877489,59.81273555555555,63.34577555555556,2.5822022222222225,0.17460444444444445,0.050597777777777776,0.7260444444444444,0.06630666666666665,12459.260572222222,1.6177320000000002,0.18965333333333334,13.958943111111113,23.157403555555558,1,0.3333333332098765,12842.892470729286,-3285.130859375,-7039.56591796875,-10168.26171875,-12514.7841796875,-13453.392578125,-12671.21875,312.8695983886719,3441.565673828125,5475.2177734375,6413.82666015625,6257.39208984375,9513.444931544982,938.3858694675282,2.895893386996574,10472.903634041579,11456.964465944257,12626.488621230528,13752.05153787759,14764.853643548697,8596.131895106522,7878.149883380149,7133.24324687841,6675.136060742326,6328.030187130911,30.778163667638374,29.418052278610332,27.873819649428185,27.360937821073723,26.74426151196924,25.694567118716023,32.01669114910084,33.36789766323319,33.34187033851722,33.6342701134831,33.57468224098409,1714.8117720240648,1930.901632413549,2170.057908535837,2413.8879242057387,2659.2072499274495,2912.785430733161,1519.1996343461708,1363.8286726108438,1235.3557891799055,1150.9835551519,1092.1004516207079,-0.3453138354743842,-0.6721682084757519,-0.8875164556009764,0.03639647411903588,0.43684840309940065,0.22435897435897434,1975.088154094538,2558.1689953792893,3605.5332404259334,3038.9555104455244,1014.0437534224815,3441.565673828125,-3347.7046447753905,-10168.26171875,4891.783911565517,-1899.994140625,806.3395168967199,-0.03703703702331962,-0.9426496747495356,1456.0997314453125,-309.1232386050124,0.07407407404663924,0.9803240212167701,-2403.21044921875,504.207735186068,0.0,-0.7073810818601807,2308.9910888671875,-610.9117525999427,-0.03703703702331962,0.6405657097885431,46.328767667714146,13.483967887841402,65.04791721798597,-1.7021416624304067,2.5450814678584806,0.03712075436374196,0.15768869504495164,0.016915749399492808,0.05114302391817116,-0.0005452461403933836,0.5765389519168309,0.14950549252761347,0.0701291922727707,-0.003822525606104049,12034.396424023347,424.8641481988743,1.6369685534555742,-0.019236553455574068,0.1984598732170264,-0.008806539883693065,13.754258567984685,0.2046845431264277,21.809164120124024,1.348239435431534
Z-07,2172.0,488,199,0.8070940270877489,61.63859130434783,63.68986543478261,2.5587369565217393,0.16288913043478265,0.06002608695652173,0.5724434782608695,0.07468695652173914,12253.863381956522,1.6206621739130431,0.19236304347826091,13.950063043478258,22.383565,1,0.2962962961865569,12842.84575247924,-7039.56591796875,-10168.26171875,-12514.7841796875,-13453.392578125,-12671.21875,-10324.6962890625,-3285.130859375,312.8695983886719,3441.565673828125,5475.2177734375,6413.82666015625,10472.903634041579,971.7597671996373,1.487715987611842,11456.964465944257,12626.488621230528,13752.05153787759,14764.853643548697,15725.745958790603,9513.444931544982,8596.131895106522,7878.149883380149,7133.24324687841,6675.136060742326,29.418052278610332,27.873819649428185,27.360937821073723,26.74426151196924,25.694567118716023,24.88849564622806,30.778163667638374,32.01669114910084,33.36789766323319,33.34187033851722,33.6342701134831,1930.901632413549,2170.057908535837,2413.8879242057387,2659.2072499274495,2912.785430733161,3152.1866984695835,1714.8117720240648,1519.1996343461708,1363.8286726108438,1235.3557891799055,1150.9835551519,-0.6721682084757519,-0.8875164556009764,-0.9911516431744093,-0.3453138354743842,0.03639647411903588,0.22756410256410256,1978.457824184381,2564.0920891713126,3612.0823863441574,3029.611412036315,1018.0736052677814,312.8695983886719,-6538.974615478515,-12514.7841796875,4618.828526759405,-1916.55908203125,917.3147596273884,-0.03703703702331962,-0.5319683846756362,1552.47265625,-432.96700173520003,0.07407407404663924,0.5348578598440632,-2091.71923828125,585.846850643864,0.0,-0.5228078558730935,2484.2470703125,-690.0126068861082,-0.03703703702331962,0.3948778188217581,46.299912566221565,15.338678738126262,64.97286990142095,-1.2830044666383387,2.5456475390739772,0.013089417447762042,0.15686919331800642,0.0060199371167762306,0.05089083201752054,0.009135254939001192,0.5773297436226699,-0.004886265361800368,0.06992472266602157,0.004762233855717571,12050.393567898165,203.46981405835686,1.636174235428026,-0.015512061514982856,0.19802111527806598,-0.00565807179980507,13.750528890761196,0.19953415271706199,21.879755352716302,0.503809647283699
Z-07,2174.0,488,199,0.8070940270877489,59.08358000000001,63.00228266666667,2.5715,0.10364666666666665,0.05231777777777778,0.7182422222222222,0.06164666666666667,12450.171051777777,1.6137595555555562,0.18805288888888885,13.930182222222225,23.193822,1,0.2592592591632373,12842.79903422919,-10168.26171875,-12514.7841796875,-13453.392578125,-12671.21875,-10324.6962890625,-6570.26171875,-7039.56591796875,-3285.130859375,312.8695983886719,3441.565673828125,5475.2177734375,11456.964465944257,1076.7924935944748,1.126735612864346,12626.488621230528,13752.05153787759,14764.853643548697,15725.745958790603,16626.940072362155,10472.903634041579,9513.444931544982,8596.131895106522,7878.149883380149,7133.24324687841,27.873819649428185,27.360937821073723,26.74426151196924,25.694567118716023,24.88849564622806,24.18957190037844,29.418052278610332,30.778163667638374,32.01669114910084,33.36789766323319,33.34187033851722,2170.057908535837,2413.8879242057387,2659.2072499274495,2912.785430733161,3152.1866984695835,3380.634663967012,1930.901632413549,1714.8117720240648,1519.1996343461708,1363.8286726108438,1235.3557891799055,-0.8875164556009764,-0.9911516431744093,-0.9782812081247727,-0.6721682084757519,-0.3453138354743842,0.23076923076923075,1981.6295323609759,2569.757279548288,3618.2686617167456,3018.911524438741,1021.873337365162,-3285.130859375,-9292.22705078125,-13453.392578125,3731.6831742952986,-1616.11328125,951.0096112062383,-0.03703703702331959,-0.721977873322043,1023.1064453125,-236.83649764253641,0.07407407404663924,1.8043152302065408,-1657.5,719.8687869199312,0.0,0.3182304564213254,1871.07421875,-500.50153130754916,-0.03703703702331959,1.5499167100648528,46.26799216823429,12.815587831765725,64.899146580972,-1.896863914305328,2.5461929739347102,0.025307026065289673,0.156058957727792,-0.05241229106112534,0.05064877918457267,0.001668998593205115,0.578238906619859,0.14000331560236323,0.06972981551473278,-0.008083148848066116,12066.040940197592,384.13011158018526,1.6353934504101524,-0.021633894854596214,0.19759054224361972,-0.009537653354730863,13.74686823324317,0.18331398897905515,21.948845623570378,1.2449763764296229
Z-07,2176.0,488,199,0.8070940270877489,33.52359523809524,60.43657976190476,2.619871428571428,0.06470714285714284,0.03837619047619048,0.7887714285714286,0.04419047619047619,13263.10366285714,1.5889957142857143,0.17080785714285715,13.664987142857141,26.84129023809524,1,0.22222222213991769,12842.752315979144,-12514.7841796875,-13453.392578125,-12671.21875,-10324.6962890625,-6570.26171875,-1877.217529296875,-10168.26171875,-7039.56591796875,-3285.130859375,312.8695983886719,3441.565673828125,12626.488621230528,1147.5435359666672,1.008924233913727,13752.05153787759,14764.853643548697,15725.745958790603,16626.940072362155,17370.315510785826,11456.964465944257,10472.903634041579,9513.444931544982,8596.131895106522,7878.149883380149,27.360937821073723,26.74426151196924,25.694567118716023,24.88849564622806,24.18957190037844,23.42342726927293,27.873819649428185,29.418052278610332,30.778163667638374,32.01669114910084,33.36789766323319,2413.8879242057387,2659.2072499274495,2912.785430733161,3152.1866984695835,3380.634663967012,3589.074611064886,2170.057908535837,1930.901632413549,1714.8117720240648,1519.1996343461708,1363.8286726108438,-0.9911516431744093,-0.9782812081247727,-0.8582003181917449,-0.8875164556009764,-0.6721682084757519,0.23397435897435898,1984.6029526279685,2575.163993109139,3624.0914381317143,3006.8701237876253,1025.4412477795834,-7039.56591796875,-11169.44462890625,-13453.392578125,2338.3732652879635,-997.9658203125,888.0789464896443,-0.03703703702331962,-1.1666617711742155,709.2197265625,-452.3576955912158,0.07407407404663921,0.8593832608484604,-658.216796875,625.4478110359214,0.0,-0.2694606494466356,1289.1767578125,-689.664623187653,-0.03703703702331962,0.6114319145152791,46.23300647375254,-12.7094112356573,64.82674725663912,-4.390167494734364,2.546717772440674,0.07315365613075375,0.15525798827430837,-0.09055084541716553,0.050416865419325774,-0.012040674943135293,0.5792664409083983,0.20950498766303027,0.06954447081890347,-0.02535399462842728,12081.338540921628,1181.765121935512,1.634626198401957,-0.04563048411624271,0.19716815411368938,-0.026360296970832225,13.7432765954306,-0.07828945257345943,22.01643493268614,4.824855305409102
Z-07,2178.0,488,199,0.8070940270877489,45.79172380952381,63.391910476190475,2.5681523809523807,0.10195238095238095,0.06789285714285714,0.6204333333333333,0.07707142857142857,12377.993483095237,1.6181019047619043,0.1900495238095238,13.904447619047621,22.942604285714282,1,0.18518518511659807,12842.705597729095,-13453.392578125,-12671.21875,-10324.6962890625,-6570.26171875,-1877.217529296875,3285.130859375,-12514.7841796875,-10168.26171875,-7039.56591796875,-3285.130859375,312.8695983886719,13752.05153787759,1069.1825111590842,1.0221980530390617,14764.853643548697,15725.745958790603,16626.940072362155,17370.315510785826,18105.39213969112,12626.488621230528,11456.964465944257,10472.903634041579,9513.444931544982,8596.131895106522,26.74426151196924,25.694567118716023,24.88849564622806,24.18957190037844,23.42342726927293,22.99782045233825,27.360937821073723,27.873819649428185,29.418052278610332,30.778163667638374,32.01669114910084,2659.2072499274495,2912.785430733161,3152.1866984695835,3380.634663967012,3589.074611064886,3775.414122193766,2413.8879242057387,2170.057908535837,1930.901632413549,1714.8117720240648,1519.1996343461708,-0.9782812081247727,-0.8582003181917449,-0.6565465049831147,-0.9911516431744093,-0.8875164556009764,0.23717948717948717,1987.3777794070834,2580.311682636439,3629.550124134267,2993.502861750926,1028.7757401450506,-10168.26171875,-11826.470703125,-13453.392578125,1329.603919869743,-373.607421875,914.2755614597136,-0.03703703702331962,-1.0089763394267273,317.623046875,-561.3404462448834,0.07407407404663921,0.10910975253597854,579.7783203125,477.9990218128278,0.0,-0.7954171980743148,438.1962890625,-736.3711275285568,-0.03703703702331962,-0.11342183623626667,46.19495548277655,-0.40323167325274056,64.75567192842232,-1.3637614522318415,2.5472219345918745,0.020930446360506227,0.15446628495755554,-0.0525139040051746,0.050195090721779856,0.017697766421077288,0.580412346488302,0.0400209868450313,0.06936868857853273,0.007702739992895835,12096.286370070302,281.7071130249351,1.6338724794034398,-0.01577057464153553,0.19675395088827408,-0.006704427078750269,13.739753977323481,0.16469364172414025,22.082523280063697,0.860081005650585
Z-07,2180.0,488,199,0.8070940270877489,71.34336829268292,62.05839902439024,2.6569536585365854,0.17876341463414633,0.0265,0.7472170731707317,0.042582926829268286,13087.959848536584,1.6051543902439025,0.18119609756097563,14.140043902439027,25.28255804878049,1,0.14814814809327845,12842.658879479048,-12671.21875,-10324.6962890625,-6570.26171875,-1877.217529296875,3285.130859375,8447.4794921875,-13453.392578125,-12514.7841796875,-10168.26171875,-7039.56591796875,-3285.130859375,14764.853643548697,986.8472104565062,1.1652258019827852,15725.745958790603,16626.940072362155,17370.315510785826,18105.39213969112,18662.961703867033,13752.05153787759,12626.488621230528,11456.964465944257,10472.903634041579,9513.444931544982,25.694567118716023,24.88849564622806,24.18957190037844,23.42342726927293,22.99782045233825,22.55440742043314,26.74426151196924,27.360937821073723,27.873819649428185,29.418052278610332,30.778163667638374,2912.785430733161,3152.1866984695835,3380.634663967012,3589.074611064886,3775.414122193766,3929.7493816823726,2659.2072499274495,2413.8879242057387,2170.057908535837,1930.901632413549,1714.8117720240648,-0.8582003181917449,-0.6565465049831147,-0.3951571378353542,-0.9782812081247727,-0.9911516431744093,0.24038461538461536,1989.953727562012,2585.199827148504,3634.6441652807866,2978.826763305746,1031.8753239938615,-6570.26171875,-11106.870703125,-13453.392578125,2495.1227613176648,258.34375,986.9897726001673,-0.037037037023319605,-0.6262634565601317,-298.2744140625,-508.1507912748584,0.07407407404663924,0.5096720616436237,1593.9228515625,537.524271050208,0.0,-0.29553622238665156,-669.357421875,-699.7539540246435,-0.037037037023319605,0.08019643163276768,46.153839195305636,25.18952909737729,64.68592059632147,-2.6275215719312257,2.547705460388311,0.10924819814827424,0.15368384777753352,0.025079566856612806,0.049983455091934914,-0.023483455091934915,0.5816766233595843,0.16554044981114746,0.06920246879362324,-0.026619541964354954,12110.884427643527,977.0754208930575,1.633132293414599,-0.027977903170696594,0.19634793256737382,-0.01515183500639819,13.736300378921833,0.40374352351719445,22.14711066570294,3.135447383077551
Z-07,2182.0,488,199,0.8070940270877489,42.16405675675675,63.35889864864865,2.608089189189189,0.09087027027027027,0.049275675675675666,0.8335108108108109,0.05744324324324323,12575.945422972974,1.6177491891891893,0.18985702702702703,14.117015135135135,23.327681081081085,1,0.11111111106995884,12842.612161229,-10324.6962890625,-6570.26171875,-1877.217529296875,3285.130859375,8447.4794921875,12984.087890625,-12671.21875,-13453.392578125,-12514.7841796875,-10168.26171875,-7039.56591796875,15725.745958790603,931.043214406729,1.5231166089020471,16626.940072362155,17370.315510785826,18105.39213969112,18662.961703867033,19062.47282526542,14764.853643548697,13752.05153787759,12626.488621230528,11456.964465944257,10472.903634041579,24.88849564622806,24.18957190037844,23.42342726927293,22.99782045233825,22.55440742043314,21.89303564509615,25.694567118716023,26.74426151196924,27.360937821073723,27.873819649428185,29.418052278610332,3152.1866984695835,3380.634663967012,3589.074611064886,3775.414122193766,3929.7493816823726,4074.0489755392064,2912.785430733161,2659.2072499274495,2413.8879242057387,2170.057908535837,1930.901632413549,-0.6565465049831147,-0.3951571378353542,-0.1080703128746237,-0.8582003181917449,-0.9782812081247727,0.24358974358974358,1992.330532420768,2589.827931949034,3639.37304418946,2962.8602242522193,1034.7386150691514,-1877.217529296875,-8979.357373046874,-13453.392578125,4282.543647730778,897.1962890625,950.857465356441,-0.03703703702331962,-0.6400749264280314,-815.7666015625,-501.6685568153043,0.07407407404663922,0.5152149848056666,2690.34375,427.06485439052994,0.0,-0.43192650025310186,-1877.05078125,-522.8550440204126,-0.03703703702331962,0.517932119157912,46.109657611340026,-3.945600854583276,64.6174932603368,-1.258594611688153,2.5481683498299788,0.05992083935921011,0.1529106767342432,-0.06204040646397292,0.049781958529792725,-0.0005062828541170586,0.5830592715222167,0.2504515392885942,0.06904581146417232,-0.011602568220929095,12125.13271364139,450.8127093315852,1.632405640435433,-0.014656451246243707,0.1959500991509886,-0.006093072123961568,13.732915800225634,0.3840993349095019,22.210197089604094,1.1174839914769912
Z-07,2184.0,488,199,0.8070940270877489,42.55280540540541,62.4203764864865,2.6263702702702703,0.09154594594594596,0.03870810810810811,0.9481999999999999,0.04694864864864865,12947.046465135134,1.6096478378378378,0.18231486486486487,13.790922702702705,25.316792432432432,1,0.07407407404663922,12842.565442978952,-6570.26171875,-1877.217529296875,3285.130859375,8447.4794921875,12984.087890625,16425.654296875,-10324.6962890625,-12671.21875,-13453.392578125,-12514.7841796875,-10168.26171875,16626.940072362155,822.2847759976112,2.530628409083011,17370.315510785826,18105.39213969112,18662.961703867033,19062.47282526542,19277.10441895128,15725.745958790603,14764.853643548697,13752.05153787759,12626.488621230528,11456.964465944257,24.18957190037844,23.42342726927293,22.99782045233825,22.55440742043314,21.89303564509615,21.28527428271683,24.88849564622806,25.694567118716023,26.74426151196924,27.360937821073723,27.873819649428185,3380.634663967012,3589.074611064886,3775.414122193766,3929.7493816823726,4074.0489755392064,4178.324586105435,3152.1866984695835,2912.785430733161,2659.2072499274495,2413.8879242057387,2170.057908535837,-0.3951571378353542,-0.1080703128746237,0.1814446940856297,-0.6565465049831147,-0.8582003181917449,0.24679487179487178,1994.5079497965014,2594.1955286742896,3643.7362805875932,2945.6230085267357,1037.364335619514,3285.130859375,-5631.652685546875,-12671.21875,5763.088541519815,1385.13671875,1023.37453636805,-0.03703703702331961,-0.28399797896154055,-1244.689453125,-448.3059485812737,0.07407407404663922,0.6257356396425529,3277.011474609375,388.93442127336675,0.0,-0.239097664799786,-2703.0654296875,-436.9489474166712,-0.03703703702331961,0.5108686304788463,46.062410730880174,-3.509605325474766,64.5503899204682,-2.130013433981709,2.548610602916881,0.07775966735338935,0.15214677182768277,-0.060600825881736806,0.04959060103535151,-0.0108824929272434,0.5845602909761993,0.3636397090238006,0.06889871659018088,-0.021950067941532224,12139.03122806386,808.0152370712731,1.6316925204659452,-0.022044682628107326,0.19556045063911842,-0.013245585774253554,13.729600241234891,0.06132246146781384,22.271782551766933,3.0450098806655
Z-07,2186.0,488,199,0.8070940270877489,45.94454594594595,62.45424702702702,2.4517837837837835,0.1439810810810811,0.0448918918918919,0.9074351351351351,0.05785135135135136,11992.378616486483,1.608435945945946,0.18442189189189187,13.18008054054054,22.775625135135137,1,0.03703703702331961,12842.518724728905,-1877.217529296875,3285.130859375,8447.4794921875,12984.087890625,16425.654296875,18615.740234375,-6570.26171875,-10324.6962890625,-12671.21875,-13453.392578125,-12514.7841796875,17370.315510785826,739.2260336644831,9.253128987276362,18105.39213969112,18662.961703867033,19062.47282526542,19277.10441895128,19406.951512900258,16626.940072362155,15725.745958790603,14764.853643548697,13752.05153787759,12626.488621230528,23.42342726927293,22.99782045233825,22.55440742043314,21.89303564509615,21.28527428271683,20.672507621660802,24.18957190037844,24.88849564622806,25.694567118716023,26.74426151196924,27.360937821073723,3589.074611064886,3775.414122193766,3929.7493816823726,4074.0489755392064,4178.324586105435,4268.357042539064,3380.634663967012,3152.1866984695835,2912.785430733161,2659.2072499274495,2413.8879242057387,-0.1080703128746237,0.1814446940856297,0.4526329122891664,-0.3951571378353542,-0.6565465049831147,0.25,1996.4857560067496,2598.3021753377952,3647.7334313556016,2927.1362453813053,1039.7513146745873,8447.4794921875,-1407.913037109375,-10324.6962890625,6716.137835101148,1877.217529296875,991.6144994607166,0.0,-0.1940220147040499,-1448.293701171875,-399.66220241467454,0.07407407404663924,0.7591285694808825,3823.22900390625,410.38507769640273,0.07407407404663924,0.06156463589071848,-3328.861083984375,-349.17355883892014,-0.03703703702331961,0.48160037305645886,46.012098553925625,-0.06755260797967821,64.48461057671568,-2.0303635496886585,2.549032219649016,-0.09724843586523235,0.15139213305785315,-0.007411051976772054,0.049409382608610386,-0.004517490716718489,0.5861796817215605,0.32125545341357453,0.06876118417164978,-0.01090983282029842,12152.57997091097,-160.20135442448736,1.6309929335061355,-0.022556987560189423,0.1951789870317624,-0.010757095139870526,13.726353701949613,-0.5462731614090721,22.33186705219157,0.44375808294356744
Z-07,2188.0,488,199,0.8070940270877489,39.63323783783784,61.265297567567565,2.619305405405406,0.11422972972972975,0.03199189189189189,0.8365405405405406,0.04226216216216216,13130.868314324323,1.5978094594594594,0.17545405405405406,13.683920540540539,26.26432351351351,1,0.07407407404663922,12842.565442978952,3285.130859375,8447.4794921875,12984.087890625,16425.654296875,18615.740234375,19241.48046875,-1877.217529296875,-6570.26171875,-10324.6962890625,-12671.21875,-13453.392578125,18105.39213969112,646.3230965406037,5.511282794359586,18662.961703867033,19062.47282526542,19277.10441895128,19406.951512900258,19250.904346658313,17370.315510785826,16626.940072362155,15725.745958790603,14764.853643548697,13752.05153787759,22.99782045233825,22.55440742043314,21.89303564509615,21.28527428271683,20.672507621660802,19.673279498964174,23.42342726927293,24.18957190037844,24.88849564622806,25.694567118716023,26.74426151196924,3775.414122193766,3929.7493816823726,4074.0489755392064,4178.324586105435,4268.357042539064,4340.230105740238,3589.074611064886,3380.634663967012,3152.1866984695835,2912.785430733161,2659.2072499274495,0.1814446940856297,0.4526329122891664,0.6811327570631605,-0.1080703128746237,-0.3951571378353542,0.2532051282051282,1998.2637478911165,2602.147456372545,3651.364090567591,2907.422426501384,1041.8984883005996,12984.087890625,3253.843798828125,-6570.26171875,6992.757971715181,2057.119140625,853.4289341721887,0.0,-0.6131696181763502,-1456.0997314453125,-427.34994437133355,0.07407407404663922,0.549153753726479,3750.44921875,157.22207476118638,0.07407407404663922,-0.2736010988881503,-3447.820816040039,-219.73150666025322,-0.11111111106995883,0.4176430192996854,45.95872108047661,-6.325483242638768,64.42015522907911,-3.1548576615115493,2.549433200026387,0.06987220537901884,0.15064676042475522,-0.03641703069502547,0.04923830324957201,-0.017246411357680125,0.5879174437582861,0.24862309678225447,0.06863321420857815,-0.026371052046415995,12165.77894218266,965.0893721416633,1.630306879556004,-0.03249742009654466,0.1948057083289223,-0.019351654274868235,13.72317618236979,-0.039255641829251786,22.390450590878004,3.873872922635506
Z-07,2190.0,488,199,0.8070940270877489,34.296125,63.820791111111106,2.546175,0.09144722222222222,0.06523333333333334,0.7805583333333332,0.07345,12165.072499166668,1.6219425,0.19321972222222222,13.904450833333334,22.119715277777775,1,0.11111111106995884,12842.612161229,8447.4794921875,12984.087890625,16425.654296875,18615.740234375,19241.48046875,18772.17578125,3285.130859375,-1877.217529296875,-6570.26171875,-10324.6962890625,-12671.21875,18662.961703867033,478.5403427871497,2.2092884446269894,19062.47282526542,19277.10441895128,19406.951512900258,19250.904346658313,19185.358777033456,18105.39213969112,17370.315510785826,16626.940072362155,15725.745958790603,14764.853643548697,22.55440742043314,21.89303564509615,21.28527428271683,20.672507621660802,19.673279498964174,19.3359000823499,22.99782045233825,23.42342726927293,24.18957190037844,24.88849564622806,25.694567118716023,3929.7493816823726,4074.0489755392064,4178.324586105435,4268.357042539064,4340.230105740238,4363.025271980034,3775.414122193766,3589.074611064886,3380.634663967012,3152.1866984695835,2912.785430733161,0.4526329122891664,0.6811327570631605,0.8520801362910656,0.1814446940856297,-0.1080703128746237,0.2564102564102564,1999.8417428273629,2605.73098267072,3654.6278895286023,2886.5054031401164,1043.8048998349766,16425.654296875,7853.027001953125,-1877.217529296875,6568.324476627875,1922.7705078125,779.6722637676903,0.0,-0.6420020417031118,-1463.90625,-495.9059240439201,0.07407407404663922,0.2557776395269791,3378.2822265625,125.84587510252823,0.07407407404663922,-0.30777118998229724,-3404.0908203125,-263.1455122747939,-0.11111111106995884,-0.043990744268988635,45.90227831053289,-11.60615331053289,64.35702387755873,-0.5362327664476254,2.549813544048991,-0.0036385440489912213,0.1499106539283881,-0.05846343170616587,0.049077362958235504,0.016155970375097833,0.5897735770863619,0.19078475624697133,0.06851480670096421,0.004935193299035787,12178.628141878959,-13.555642712290137,1.6296343586155455,-0.007691858615545444,0.19444061453059724,-0.0012208923083750212,13.720067682495426,0.1843831508379079,22.447533167826236,-0.3278178900484612
Z-07,2192.0,488,199,0.8070940270877489,36.13272972972973,64.06881702702704,2.47794054054054,0.08564324324324324,0.07892972972972971,0.6769891891891892,0.08663243243243245,11945.809125135136,1.6264108108108108,0.19192054054054056,12.94163945945946,22.872497297297297,1,0.14814814809327845,12842.658879479048,12984.087890625,16425.654296875,18615.740234375,19241.48046875,18772.17578125,17051.392578125,8447.4794921875,3285.130859375,-1877.217529296875,-6570.26171875,-10324.6962890625,19062.47282526542,307.0713575421232,1.4681388861306959,19277.10441895128,19406.951512900258,19250.904346658313,19185.358777033456,18979.634455652103,18662.961703867033,18105.39213969112,17370.315510785826,16626.940072362155,15725.745958790603,21.89303564509615,21.28527428271683,20.672507621660802,19.673279498964174,19.3359000823499,18.84570094908439,22.55440742043314,22.99782045233825,23.42342726927293,24.18957190037844,24.88849564622806,4074.0489755392064,4178.324586105435,4268.357042539064,4340.230105740238,4363.025271980034,4372.01553143532,3929.7493816823726,3775.414122193766,3589.074611064886,3380.634663967012,3152.1866984695835,0.6811327570631605,0.8520801362910656,0.9592295629882454,0.4526329122891664,0.1814446940856297,0.2596153846153846,2001.2195787458988,2609.052391620905,3657.524496808437,2864.410383352745,1045.4697000991862,18615.740234375,11951.6185546875,3285.130859375,5529.566096106362,1785.662109375,837.0860203659977,0.0,-0.23059527204421926,-1344.798828125,-481.35136822316053,0.07407407404663924,0.24539797121106588,2434.310546875,-169.1856488194244,0.07407407404663924,-0.6166200196309113,-2897.310546875,28.731955238385126,-0.11111111106995883,0.48325534152428773,45.84277024409471,-9.710040514364977,64.29521652215442,-0.22639949512738156,2.5501732517168296,-0.07223271117628949,0.14918381356875265,-0.06354057032550942,0.04892656173459997,0.03000316799512974,0.5917480817058021,0.08524110748338709,0.06840596164881152,0.018226470783620927,12191.127569999895,-245.31844486475893,1.6289753706847652,-0.0025645598739543196,0.19408370563678723,-0.002163165096246672,13.717028202326524,-0.7753887428670652,22.503114783036267,0.3693825142610301
Z-07,2194.0,488,199,0.8070940270877489,28.112267567567564,66.91412486486487,2.482308108108108,0.04827027027027027,0.09555405405405405,0.5711567567567567,0.09990000000000002,11330.519322432432,1.6542094594594594,0.21140513513513517,13.79650054054054,18.996384864864865,1,0.18518518511659807,12842.705597729095,16425.654296875,18615.740234375,19241.48046875,18772.17578125,17051.392578125,14392.001953125,12984.087890625,8447.4794921875,3285.130859375,-1877.217529296875,-6570.26171875,19277.10441895128,172.23934381741856,1.17359596729725,19406.951512900258,19250.904346658313,19185.358777033456,18979.634455652103,18532.255698041423,19062.47282526542,18662.961703867033,18105.39213969112,17370.315510785826,16626.940072362155,21.28527428271683,20.672507621660802,19.673279498964174,19.3359000823499,18.84570094908439,17.850796328993358,21.89303564509615,22.55440742043314,22.99782045233825,23.42342726927293,24.18957190037844,4178.324586105435,4268.357042539064,4340.230105740238,4363.025271980034,4372.01553143532,4386.311659896838,4074.0489755392064,3929.7493816823726,3775.414122193766,3589.074611064886,3380.634663967012,0.8520801362910656,0.9592295629882454,0.9995094632870251,0.6811327570631605,0.4526329122891664,0.26282051282051283,2002.397114142658,2612.111347142777,3660.053618272108,2841.163929420713,1046.8921475891198,19241.48046875,15142.8884765625,8447.4794921875,3999.839127710524,1486.595703125,750.64750604859,0.0,-0.36606051988653476,-1128.302734375,-483.7680835581996,0.07407407404663921,0.2160381110980154,1537.529296875,-117.41535138096151,0.07407407404663921,-0.3353280348847889,-1946.248046875,167.11090085786054,-0.11111111106995884,0.6827953097505812,45.78019688116183,-17.667929313594264,64.23473316286606,2.67939170199881,2.550512323029901,-0.06820421492179296,0.14846623934584624,-0.10019596907557597,0.04878589957866453,0.046768154475389526,0.5938409576165924,-0.02268420085983569,0.06830667905211829,0.031593320947881726,12203.277226545411,-872.7579041129793,1.628329915763663,0.02587954369579637,0.19373498164749225,0.01767015348764292,13.71405774186308,0.08244279867746052,22.557195436507982,-3.560810571643117
Z-07,2196.0,488,199,0.8070940270877489,35.121929729729736,65.76598891891894,2.4758405405405415,0.049481081081081076,0.09087837837837838,0.33997027027027027,0.09535675675675677,11484.380275675674,1.6419316216216218,0.2049262162162162,13.700544324324325,19.800816486486486,1,0.22222222213991769,12842.752315979144,18615.740234375,19241.48046875,18772.17578125,17051.392578125,14392.001953125,11263.3056640625,16425.654296875,12984.087890625,8447.4794921875,3285.130859375,-1877.217529296875,19406.951512900258,-13.100036146483035,1.0425011864580223,19250.904346658313,19185.358777033456,18979.634455652103,18532.255698041423,18195.62225762004,19277.10441895128,19062.47282526542,18662.961703867033,18105.39213969112,17370.315510785826,20.672507621660802,19.673279498964174,19.3359000823499,18.84570094908439,17.850796328993358,17.226746341292117,21.28527428271683,21.89303564509615,22.55440742043314,22.99782045233825,23.42342726927293,4268.357042539064,4340.230105740238,4363.025271980034,4372.01553143532,4386.311659896838,4383.946876206287,4178.324586105435,4074.0489755392064,3929.7493816823726,3775.414122193766,3589.074611064886,0.9592295629882454,0.9995094632870251,0.9784626396846381,0.8520801362910656,0.6811327570631605,0.266025641025641,2003.3742280903728,2614.9075397192837,3662.2149971068743,2816.7939555608914,1048.071608642375,19241.48046875,17207.827734375,12984.087890625,2324.517989496344,1024.884765625,669.1777115791629,0.0,-0.44700382456736065,-824.255859375,-443.0108018195024,0.07407407404663921,0.36357343514091056,395.294921875,-319.2205566417906,0.07407407404663921,-0.40069821449041854,-1045.224609375,221.59577279298537,-0.11111111106995884,0.4387586832097199,45.71455822173448,-10.592628492004742,64.1755737996939,1.5904151192250424,2.5508307579882086,-0.0749902174476671,0.1477579312596724,-0.09827685017859134,0.048655376490431834,0.042223001887946546,0.5960522048187613,-0.25608193454849104,0.06821695891088542,0.027139797845871352,12215.077111515566,-730.6968358398917,1.6276979938522373,0.014233627769384416,0.19339444256271232,0.011531773653503885,13.711156301105092,-0.010611976780767307,22.609775128241722,-2.808958641755236
Z-07,2198.0,488,199,0.8070940270877489,17.015483333333336,61.39181694444445,2.5024333333333333,0.01801388888888889,0.066625,0.14186111111111113,0.06825,12428.860662500003,1.5977108333333332,0.1778372222222222,13.336973055555555,24.206949166666664,1,0.2592592591632373,12842.79903422919,19241.48046875,18772.17578125,17051.392578125,14392.001953125,11263.3056640625,7821.73974609375,18615.740234375,16425.654296875,12984.087890625,8447.4794921875,3285.130859375,19250.904346658313,-110.79636793340069,1.0004887597649639,19185.358777033456,18979.634455652103,18532.255698041423,18195.62225762004,17751.898740498455,19406.951512900258,19277.10441895128,19062.47282526542,18662.961703867033,18105.39213969112,19.673279498964174,19.3359000823499,18.84570094908439,17.850796328993358,17.226746341292117,16.806246934764886,20.672507621660802,21.28527428271683,21.89303564509615,22.55440742043314,22.99782045233825,4340.230105740238,4363.025271980034,4372.01553143532,4386.311659896838,4383.946876206287,4330.214817310455,4268.357042539064,4178.324586105435,4074.0489755392064,3929.7493816823726,3775.414122193766,0.9995094632870251,0.9784626396846381,0.8984037697190069,0.9592295629882454,0.8520801362910656,0.2692307692307692,2004.1508202482084,2617.440686426295,3664.008413845834,2791.3297260211584,1049.007557581884,19241.48046875,18021.288671875,16425.654296875,1085.6168406669478,713.39453125,723.7894401274025,0.0,-0.15266301403283222,-452.341796875,-383.4668555152821,0.07407407404663924,0.5750742698390319,-529.83203125,-314.53796843812233,0.07407407404663924,-0.1691388437252357,-44.06640625,337.68245845492856,-0.11111111106995883,0.5388502212116713,45.645854265812886,-28.63037093247955,64.1177384326378,-2.725921488193343,2.551128556591749,-0.04869522325841569,0.14705888931022937,-0.12904500042134048,0.04853499246990012,0.018090007530099886,0.5983818233122804,-0.4565207122011693,0.06813680122511112,0.00011319877488888408,12226.5272249103,202.33343758970295,1.627079604950488,-0.0293687716171549,0.19306208838244743,-0.015224866160225226,13.708323880052554,-0.3713508244969983,22.660853858237033,1.5460953084296314
Z-07,2200.0,488,199,0.8070940270877489,21.87416111111111,58.42645444444444,2.5606222222222224,0.03161666666666666,0.040902777777777774,0.20910555555555554,0.04373888888888888,13366.799394166668,1.569116111111111,0.15787749999999998,13.053106944444444,28.374786944444445,1,0.2962962961865569,12842.84575247924,18772.17578125,17051.392578125,14392.001953125,11263.3056640625,7821.73974609375,4223.73974609375,19241.48046875,18615.740234375,16425.654296875,12984.087890625,8447.4794921875,19185.358777033456,-135.63494550310497,1.0220093379964226,18979.634455652103,18532.255698041423,18195.62225762004,17751.898740498455,17406.697242332222,19250.904346658313,19406.951512900258,19277.10441895128,19062.47282526542,18662.961703867033,19.3359000823499,18.84570094908439,17.850796328993358,17.226746341292117,16.806246934764886,16.3044867209961,19.673279498964174,20.672507621660802,21.28527428271683,21.89303564509615,22.55440742043314,4363.025271980034,4372.01553143532,4386.311659896838,4383.946876206287,4330.214817310455,4310.848992363371,4340.230105740238,4268.357042539064,4178.324586105435,4074.0489755392064,3929.7493816823726,0.9784626396846381,0.8984037697190069,0.7765912102852137,0.9995094632870251,0.9592295629882454,0.2724358974358974,2004.726810869764,2619.7105309597046,3665.4336863881504,2764.801853669257,1049.6995768354493,19241.48046875,17614.558203125,14392.001953125,1771.5159768324954,239.94921875,608.2502664165149,0.0,-0.29870947427594885,-315.587890625,-503.5961442945227,0.07407407404663924,0.09989082221641254,-1557.458984375,-491.16801906040564,0.07407407404663924,-0.5157350624391093,750.619140625,358.0734722676207,-0.11111111106995883,0.26510324052407697,45.57408501339637,-23.69992390228526,64.06122706169754,-5.634772617253098,2.551405718840524,0.009216503381698438,0.14636911349751625,-0.11475244683084959,0.048424747517070266,-0.007521969739292492,0.6008298130971639,-0.39172425754160833,0.06806620599479629,-0.02432731710590741,12237.627566729672,1129.171827436996,1.6264747490584153,-0.057358637947304336,0.19273791910669757,-0.0348604191066976,13.705560478705486,-0.652453534261042,22.71043162649414,5.664355317950303
Z-07,2202.0,488,199,0.8070940270877489,49.79414615384615,57.326048076923065,2.5930500000000003,0.10031153846153844,0.014792307692307695,0.7633346153846153,0.023803846153846155,13794.460601923076,1.5587596153846155,0.15013346153846155,12.938996538461538,30.235071153846153,1,0.3333333332098765,12842.892470729286,17051.392578125,14392.001953125,11263.3056640625,7821.73974609375,4223.73974609375,782.1740112304688,18772.17578125,19241.48046875,18615.740234375,16425.654296875,12984.087890625,18979.634455652103,-326.55153949601663,1.1130828621267952,18532.255698041423,18195.62225762004,17751.898740498455,17406.697242332222,16824.704342933215,19185.358777033456,19250.904346658313,19406.951512900258,19277.10441895128,19062.47282526542,18.84570094908439,17.850796328993358,17.226746341292117,16.806246934764886,16.3044867209961,15.392673787620565,19.3359000823499,19.673279498964174,20.672507621660802,21.28527428271683,21.89303564509615,4372.01553143532,4386.311659896838,4383.946876206287,4330.214817310455,4310.848992363371,4288.351823599391,4363.025271980034,4340.230105740238,4268.357042539064,4178.324586105435,4074.0489755392064,0.8984037697190069,0.7765912102852137,0.6190111825510998,0.9784626396846381,0.9995094632870251,0.2756410256410256,2005.1021408094475,2621.7168436600055,3666.490670015783,2737.242299187205,1050.1473570307908,19241.48046875,16144.0712890625,11263.3056640625,2973.742719670572,-81.892578125,608.3668010054753,0.0,-0.28077110897629254,-91.28515625,-586.5953125655215,0.07407407404663924,-0.15531402216619483,-2231.7666015625,-676.2523453147005,0.07407407404663924,-0.7965609041917219,1495.26171875,389.3975370216576,-0.11111111106995883,0.13836549721365543,45.499250464485385,4.294895689360764,64.00603968687358,-6.6799916099505126,2.5516622447345316,0.04138775526546867,0.1456886038215348,-0.045377065359996374,0.0483246416319405,-0.03353233393963281,0.6033961741733975,0.1599384412112178,0.06800517321994182,-0.04420132706609566,12248.378136973624,1546.0824649494516,1.6258834261760207,-0.06712381079140517,0.19242193473546276,-0.042288473197001214,13.702866097063875,-0.7638695586023374,22.75850843301305,7.476562720833105
Z-07,2204.0,488,199,0.8070940270877489,47.50201481481482,59.67742518518519,2.526825925925926,0.08965185185185184,0.03398148148148149,0.4333111111111111,0.04207037037037036,12907.244152592595,1.5810170370370369,0.1665037037037037,13.164833333333332,26.389446296296295,1,0.37037037023319613,12842.939188979335,14392.001953125,11263.3056640625,7821.73974609375,4223.73974609375,782.1740112304688,-2346.52197265625,17051.392578125,18772.17578125,19241.48046875,18615.740234375,16425.654296875,18532.255698041423,-392.00609901603093,1.2876756665641094,18195.62225762004,17751.898740498455,17406.697242332222,16824.704342933215,16607.971553201107,18979.634455652103,19185.358777033456,19250.904346658313,19406.951512900258,19277.10441895128,17.850796328993358,17.226746341292117,16.806246934764886,16.3044867209961,15.392673787620565,15.499818348858934,18.84570094908439,19.3359000823499,19.673279498964174,20.672507621660802,21.28527428271683,4386.311659896838,4383.946876206287,4330.214817310455,4310.848992363371,4288.351823599391,4218.453711949843,4372.01553143532,4363.025271980034,4340.230105740238,4268.357042539064,4178.324586105435,0.7765912102852137,0.6190111825510998,0.44061377937444635,0.8984037697190069,0.9784626396846381,0.27884615384615385,2005.2767715271987,2623.4594215343027,3667.1792574068118,2708.6843709885593,1050.3506970658125,18772.17578125,13860.12314453125,7821.73974609375,3944.6391942511086,-407.876953125,553.6489686827445,0.0,-0.23870066859165462,240.2470703125,-487.1304374650572,0.07407407404663924,0.21987556780799622,-2566.240234375,-528.9308406548153,0.07407407404663924,-0.2025022782736876,2202.373046875,623.5606005702903,-0.11111111106995886,0.7951550420435858,45.4213506190797,2.0806641957351175,63.952176308165576,-4.274751122980383,2.5518981342737757,-0.025072208347849845,0.14501736028228418,-0.055365508430432336,0.04823467481451349,-0.014253193333032002,0.6060809065410098,-0.17276979542989868,0.06795370290054592,-0.025883332530175558,12258.778935642214,648.4652169503806,1.6253056363033025,-0.044288599266265605,0.1921141352687421,-0.025610431565038394,13.700240735127714,-0.535407401794382,22.805084277793753,3.584362018502542
Z-07,2206.0,488,199,0.8070940270877489,73.58021481481482,58.08870074074074,2.564059259259259,0.15225555555555556,0.018433333333333333,0.9268222222222222,0.03210740740740741,13612.912551851852,1.5673177777777778,0.1535948148148148,12.573032592592593,30.12164666666667,1,0.40740740725651575,12842.985907229382,11263.3056640625,7821.73974609375,4223.73974609375,782.1740112304688,-2346.52197265625,-5475.2177734375,14392.001953125,17051.392578125,18772.17578125,19241.48046875,18615.740234375,18195.62225762004,-390.17847877148415,1.6154751943052932,17751.898740498455,17406.697242332222,16824.704342933215,16607.971553201107,16277.962395783148,18532.255698041423,18979.634455652103,19185.358777033456,19250.904346658313,19406.951512900258,17.226746341292117,16.806246934764886,16.3044867209961,15.392673787620565,15.499818348858934,15.60547317455852,17.850796328993358,18.84570094908439,19.3359000823499,19.673279498964174,20.672507621660802,4383.946876206287,4330.214817310455,4310.848992363371,4288.351823599391,4218.453711949843,4120.610550098459,4386.311659896838,4372.01553143532,4363.025271980034,4340.230105740238,4268.357042539064,0.6190111825510998,0.44061377937444635,0.24264999719332778,0.7765912102852137,0.8984037697190069,0.28205128205128205,2005.2506850915695,2624.938088275803,3667.499378645334,2679.1627259801794,1050.3095041538718,17051.392578125,10950.4359375,4223.73974609375,4565.109364431259,-578.8056640625,585.862787184149,0.0,0.05963491846235058,375.9833984375,-529.6009658767798,0.07407407404663924,0.25051602222639957,-2880.4873046875,-711.5398307529576,0.07407407404663924,-0.4283084457805657,2402.650390625,677.435792451648,-0.11111111106995886,0.8421041778561005,45.34038547717978,28.239829337635044,63.899636925573645,-5.810936184832904,2.5521133874582524,0.01194587180100637,0.14435538287976435,0.007900172675791212,0.048154847064787454,-0.02972151373145412,0.6088840101999864,0.3179382120222358,0.06791179503660949,-0.03580438762920208,12268.829962735384,1344.0825891164677,1.6247413794402608,-0.05742360166248295,0.19181452070653737,-0.03821970589172258,13.697684392897017,-1.1246518003044237,22.850159160836256,7.2714875058304145
Z-07,2208.0,488,199,0.8070940270877489,72.55774230769231,56.51768,2.576307692307693,0.18546153846153846,0.011273076923076922,0.9998846153846154,0.027930769230769228,14078.268404615386,1.5537980769230768,0.14066846153846152,11.925631538461538,33.010575384615386,1,0.44444444427983537,12843.032625479429,7821.73974609375,4223.73974609375,782.1740112304688,-2346.52197265625,-5475.2177734375,-8134.609375,11263.3056640625,14392.001953125,17051.392578125,18772.17578125,19241.48046875,17751.898740498455,-394.4625076439097,2.269553228775533,17406.697242332222,16824.704342933215,16607.971553201107,16277.962395783148,15982.93107663394,18195.62225762004,18532.255698041423,18979.634455652103,19185.358777033456,19250.904346658313,16.806246934764886,16.3044867209961,15.392673787620565,15.499818348858934,15.60547317455852,15.477926216539293,17.226746341292117,17.850796328993358,18.84570094908439,19.3359000823499,19.673279498964174,4330.214817310455,4310.848992363371,4288.351823599391,4218.453711949843,4120.610550098459,4062.5623619067533,4383.946876206287,4386.311659896838,4372.01553143532,4363.025271980034,4340.230105740238,0.44061377937444635,0.24264999719332778,0.04648956041467413,0.6190111825510998,0.7765912102852137,0.28525641025641024,2005.0238841811642,2626.152694280719,3667.451001227899,2648.7133712934706,1050.023793843893,14392.001953125,7696.592224121094,782.1740112304688,4846.3491756382755,-908.23974609375,529.605827780586,0.0,-0.15863789242568416,492.03857421875,-610.7785949900281,0.07407407404663918,-0.27942595387138525,-2881.8642578125,-731.1207360707558,0.07407407404663918,-0.859353260860912,2427.72705078125,572.1643751681804,-0.11111111106995886,0.3467428674449984,45.25635503878493,27.301387268907376,63.8484215390979,-7.3307415390979,2.552308004287964,0.02399968801972907,0.14370267161397532,0.041758866847563136,0.04808515838276328,-0.03681208145968636,0.6118054851503132,0.3880791302343022,0.06787944962813341,-0.039948680397364184,12278.531218253192,1799.7371863621938,1.6241906555868955,-0.07039257866381865,0.19152309104884768,-0.05085462951038616,13.695197070371776,-1.7695655319102386,22.893733082140443,10.116842302474943
Z-08-ST-02,2104.0,613,156,0.8482320970176526,31.842286,64.68559,2.5363379999999998,0.16949999999999998,0.01652,0.42607999999999996,0.034719999999999994,11950.589648,1.6306800000000004,0.198572,13.953147999999999,21.181608,1,0.40740740725651575,11488.706353687963,-0.0,-0.0,-0.0,-0.0,-0.0,-0.0,-0.0,-0.0,-0.0,-0.0,-0.0,173.46838055887554,-0.6838175569468916,50.0,132.49019048276335,178.73066364155204,125.20770529518614,180.3235409450527,105.77715204963376,133.85782559665714,166.62283406111678,132.14695626723082,159.1733723408006,128.78300173080004,7.332945515596441e-13,2.6504622345529307e-14,3.5339496460705743e-13,-4.594134539891747e-13,-1.2457172502398774e-12,8.834874115176436e-13,-1.236882376124701e-13,-1.3429008655068182e-12,1.0690197679363486e-12,-8.9232228563282e-13,-1.7581399489201107e-12,548.5551845869189,418.9707695550958,565.1959848207488,395.94152933591323,570.2331051329983,334.4967248827907,423.2956115230239,526.9076658254124,417.8853676631118,503.3503994469771,407.24760938273465,-0.0,-0.0,-0.0,-0.0,-0.0,0.11858974358974358,2562.823102542436,2557.097538174053,2510.062973721269,759.1029509805904,104.37585496430633,-0.0,0.0,-0.0,0.0,0.0,-129.7574168166514,0.0,-1.678626081883522e-13,0.0,40.74044136001575,0.0,-1.5991122148469349e-12,0.0,30.933445565415923,0.0,-2.7388109757046943e-13,0.0,-79.79607636914,0.0,-8.216432927114085e-13,45.561354683520676,-13.719068683520675,68.26724048574624,-3.5816504857462377,2.5148241227233896,0.02151387727661014,0.18993055474021148,-0.020430554740211493,0.06515337362009888,-0.048633373620098876,0.6168491200781432,-0.19076912007814323,0.08224122680829549,-0.04752122680829549,11310.268822360289,640.3208256397102,1.6707730667934353,-0.04009306679343494,0.21753061663567408,-0.01895861663567408,13.916057971121887,0.037090028878111525,18.637613909440347,2.5439940905596536
Z-08-ST-02,2106.0,613,156,0.8482320970176526,31.701783571428575,64.53613535714287,2.543280714285714,0.12124999999999998,0.05996428571428573,0.3127392857142857,0.07013928571428571,12026.924871428568,1.6293160714285713,0.19750714285714288,13.9531425,21.479279642857144,1,0.40740740725651575,11488.706353687963,-0.0,-0.0,-0.0,-0.0,-0.0,-0.0,-0.0,-0.0,-0.0,-0.0,-0.0,132.49019048276335,2.631141541338252,50.0,178.73066364155204,125.20770529518614,180.3235409450527,105.77715204963376,173.40670730520685,173.46838055887554,133.85782559665714,166.62283406111678,132.14695626723082,159.1733723408006,2.6504622345529307e-14,3.5339496460705743e-13,-4.594134539891747e-13,-1.2457172502398774e-12,8.834874115176436e-13,1.6697912077683463e-12,7.332945515596441e-13,-1.236882376124701e-13,-1.3429008655068182e-12,1.0690197679363486e-12,-8.9232228563282e-13,418.9707695550958,565.1959848207488,395.94152933591323,570.2331051329983,334.4967248827907,548.3601566346125,548.5551845869189,423.2956115230239,526.9076658254124,417.8853676631118,503.3503994469771,-0.0,-0.0,-0.0,-0.0,-0.0,0.12179487179487179,2581.499372221501,2577.3094260026487,2526.5080552450886,772.6062079167255,105.72653050043306,-0.0,0.0,-0.0,0.0,0.0,-65.19013437323468,0.0,-3.6311332613375147e-12,0.0,60.57020491536588,0.0,1.0425151455908193e-12,0.0,49.63502601899066,0.0,5.124226986802332e-13,0.0,12.178680612492258,0.0,-2.562113493401166e-13,45.63365436634854,-13.931870794919963,68.148501297351,-3.612365940208136,2.5160711936461606,0.027209520639553286,0.18880527050114537,-0.06755527050114539,0.06456659248530361,-0.004602306771017882,0.613733659169057,-0.30099437345477126,0.0817211961713813,-0.011581910457095584,11337.808428223012,689.1164432055557,1.6695321594465486,-0.04021608801797738,0.21682175684771732,-0.019314613990574436,13.910050643618277,0.043091856381723304,18.75773687939386,2.721542763463283
Z-08-ST-02,2108.0,613,156,0.8482320970176526,40.48170185185185,69.20277296296295,2.41566,0.12422222222222225,0.08452962962962962,0.1799851851851852,0.09306296296296297,10648.739087407408,1.6783318518518517,0.22460074074074074,13.570678518518521,16.696038518518517,1,0.40740740725651575,11488.706353687963,-0.0,-0.0,-0.0,-0.0,-0.0,-0.0,-0.0,-0.0,-0.0,-0.0,-0.0,178.73066364155204,-3.641242593788604,50.0,125.20770529518614,180.3235409450527,105.77715204963376,173.40670730520685,58.12221475686478,132.49019048276335,173.46838055887554,133.85782559665714,166.62283406111678,132.14695626723082,3.5339496460705743e-13,-4.594134539891747e-13,-1.2457172502398774e-12,8.834874115176436e-13,1.6697912077683463e-12,-2.738810975704695e-13,2.6504622345529307e-14,7.332945515596441e-13,-1.236882376124701e-13,-1.3429008655068182e-12,1.0690197679363486e-12,565.1959848207488,395.94152933591323,570.2331051329983,334.4967248827907,548.3601566346125,183.7985812851424,418.9707695550958,548.5551845869189,423.2956115230239,526.9076658254124,417.8853676631118,-0.0,-0.0,-0.0,-0.0,-0.0,0.125,2599.916959610956,2597.2617702519137,2542.6993391718315,785.9360573075916,107.05456670928281,-0.0,0.0,-0.0,0.0,0.0,-158.93914716462902,0.0,-3.958023603599043e-12,0.0,47.34080729018325,0.0,-1.0160105232452901e-12,0.0,32.82812969083952,0.0,-8.481479150569378e-13,0.0,-91.87740992420191,0.0,-3.092205940311753e-13,45.70288875268193,-5.221186900830077,68.03108610507184,1.1716868578911175,2.517297628214168,-0.101637628214168,0.18768925239880918,-0.06346703017658693,0.06398995041820932,0.020539679211420303,0.6107365695513209,-0.43075138436613575,0.08121072798992657,0.011852234973036405,11364.998262510315,-716.2591751029067,1.6683047851093367,0.010027066742515078,0.2161210819642747,0.008479658776466031,13.904112335820116,-0.3334338173015947,18.87635888760917,-2.180320369090655
Z-08-ST-02,2110.0,613,156,0.8482320970176526,46.52002592592593,68.24333888888889,2.487255925925926,0.20987407407407407,0.03498148148148148,0.5107703703703703,0.05085185185185186,11114.27426925926,1.667947037037037,0.2193033333333333,13.935661481481482,17.87093037037037,1,0.40740740725651575,11488.706353687963,-0.0,-0.0,-0.0,-0.0,-0.0,-0.0,-0.0,-0.0,-0.0,-0.0,-0.0,125.20770529518614,0.7964386517503357,50.0,180.3235409450527,105.77715204963376,173.40670730520685,58.12221475686478,144.9332818417399,178.73066364155204,132.49019048276335,173.46838055887554,133.85782559665714,166.62283406111678,-4.594134539891747e-13,-1.2457172502398774e-12,8.834874115176436e-13,1.6697912077683463e-12,-2.738810975704695e-13,-124.9999999999985,3.5339496460705743e-13,2.6504622345529307e-14,7.332945515596441e-13,-1.236882376124701e-13,-1.3429008655068182e-12,395.94152933591323,570.2331051329983,334.4967248827907,548.3601566346125,183.7985812851424,458.31927938302147,565.1959848207488,418.9707695550958,548.5551845869189,423.2956115230239,526.9076658254124,-0.0,-0.0,-0.0,-0.0,-0.0,0.1282051282051282,2618.073980150497,2616.95255865938,2558.6351805881986,799.0774541836736,108.35942902773002,-0.0,0.0,-0.0,0.0,0.0,-76.92288211909937,0.0,-124.99999999999235,0.0,72.56469482090864,0.0,-7.067899292141149e-14,0.0,52.20025077866461,0.0,7.774689221355264e-13,0.0,21.450465862688958,0.0,-1.8111491936111695e-12,45.769057842520624,0.7509680834053043,67.91499490890862,0.32834397998026077,2.518503426427408,-0.03124750050148206,0.18658250043320468,0.023291573640869395,0.063423447418816,-0.028441965937334522,0.6078578512249635,-0.09708748085459318,0.08070982226393131,-0.029857970412079445,11391.838325222227,-277.56405596296645,1.667090943781803,0.0008560932552341693,0.21542859198534714,0.0038747413479861548,13.898243047727426,0.03741843375405551,18.993479934086054,-1.1225495637156833
Z-08-ST-02,2112.0,613,156,0.8482320970176526,39.72022074074074,67.32399925925927,2.5068751851851854,0.11606296296296295,0.08615925925925925,0.4327555555555556,0.09382962962962962,11353.80804888889,1.6581207407407406,0.21412444444444442,13.99839851851852,18.715225555555556,1,0.40740740725651575,11488.706353687963,-0.0,-0.0,-0.0,-0.0,-0.0,-0.0,-0.0,-0.0,-0.0,-0.0,-0.0,180.3235409450527,-9.715276622776194,50.0,105.77715204963376,173.40670730520685,58.12221475686478,144.9332818417399,73.68387162556814,125.20770529518614,178.73066364155204,132.49019048276335,173.46838055887554,133.85782559665714,-1.2457172502398774e-12,8.834874115176436e-13,1.6697912077683463e-12,-2.738810975704695e-13,-124.9999999999985,2.473764752249402e-13,-4.594134539891747e-13,3.5339496460705743e-13,2.6504622345529307e-14,7.332945515596441e-13,-1.236882376124701e-13,570.2331051329983,334.4967248827907,548.3601566346125,183.7985812851424,458.31927938302147,233.00886115624886,395.94152933591323,565.1959848207488,418.9707695550958,548.5551845869189,423.2956115230239,-0.0,-0.0,-0.0,-0.0,-0.0,0.13141025641025642,2635.9685767394735,2636.3798054077915,2574.313960870509,812.0157635771275,109.64059227356185,-0.0,0.0,-0.0,0.0,0.0,-156.67729126068758,0.0,-2.0761954170664624e-12,0.0,56.622072264656055,0.0,1.581442466616582e-12,0.0,34.42245563996883,0.0,4.3290883164364533e-13,0.0,-108.31459739609795,0.0,6.979550550989385e-13,45.83216163586508,-6.111940895124334,67.8002277088616,-0.47622844960233124,2.5196885882858826,-0.01281340310069723,0.18548501460433098,-0.06942205164136803,0.06286708348712367,0.02329217577213559,0.605097504189942,-0.1723419486343864,0.08021847899339551,0.01361115063623411,11418.328616358776,-64.52056746988637,1.6658906354639473,-0.007769894723206772,0.2147442869109346,-0.0006198424664901891,13.892442779340193,0.10595573917832724,19.109100018824847,-0.39387446326929165
Z-08-ST-02,2114.0,613,156,0.8482320970176526,31.852019615384616,73.09794846153846,2.4034607692307692,0.13858076923076926,0.07741153846153846,0.19657307692307693,0.08970384615384613,10039.743799615384,1.7222815384615384,0.24481115384615387,13.546347307692308,14.236421923076922,1,0.40740740725651575,11488.706353687963,-0.0,-0.0,-0.0,-0.0,-0.0,-0.0,-0.0,-0.0,-0.0,-0.0,-0.0,105.77715204963376,-3.458416819922931,50.0,173.40670730520685,58.12221475686478,144.9332818417399,73.68387162556814,47.85559803091845,180.3235409450527,125.20770529518614,178.73066364155204,132.49019048276335,173.46838055887554,8.834874115176436e-13,1.6697912077683463e-12,-2.738810975704695e-13,-124.9999999999985,2.473764752249402e-13,249.99999999999784,-1.2457172502398774e-12,-4.594134539891747e-13,3.5339496460705743e-13,2.6504622345529307e-14,7.332945515596441e-13,334.4967248827907,548.3601566346125,183.7985812851424,458.31927938302147,233.00886115624886,3.026653771343439,570.2331051329983,395.94152933591323,565.1959848207488,418.9707695550958,548.5551845869189,-0.0,-0.0,-0.0,-0.0,-0.0,0.1346153846153846,2653.5989198661127,2655.5415513203584,2589.7340878228115,824.7367548292104,110.89754085491985,-0.0,0.0,-0.0,0.0,0.0,-94.75179757054875,0.0,-3.887344610677632e-12,0.0,90.62793755551529,0.0,-7.332945515596442e-13,0.0,50.74303368547832,0.0,-1.316396243161289e-12,0.0,37.84855815435411,0.0,2.085030291181639e-12,45.892200132714606,-14.04018051732999,67.68678450493064,5.4111639566078225,2.5208531137895918,-0.11739234455882253,0.18439679491218897,-0.04581602568141971,0.06232085862313408,0.015090679838404383,0.6024555284462991,-0.4058824515232222,0.07973669817831919,0.009967147975526947,11444.469135919906,-1404.725336304522,1.66470386015577,0.05757767830576843,0.21406816674103712,0.030742987105116748,13.88671153065841,-0.3403642229661017,19.22321914182544,-4.986797218748517
Z-08-ST-02,2116.0,613,156,0.8482320970176526,68.41028185185185,69.59882407407407,2.608811111111111,0.3085666666666666,0.029588888888888887,0.8641074074074074,0.05223333333333334,11517.96916888889,1.6848877777777782,0.22492777777777775,14.476717037037039,18.37851962962963,1,0.40740740725651575,11488.706353687963,-0.0,-0.0,-0.0,-0.0,-0.0,-0.0,-0.0,-0.0,-0.0,-0.0,-0.0,173.40670730520685,-23.82746864638449,50.0,58.12221475686478,144.9332818417399,73.68387162556814,47.85559803091845,737.5271502767378,105.77715204963376,180.3235409450527,125.20770529518614,178.73066364155204,132.49019048276335,1.6697912077683463e-12,-2.738810975704695e-13,-124.9999999999985,2.473764752249402e-13,249.99999999999784,173.74225560164268,8.834874115176436e-13,-1.2457172502398774e-12,-4.594134539891747e-13,3.5339496460705743e-13,2.6504622345529307e-14,548.3601566346125,183.7985812851424,458.31927938302147,233.00886115624886,3.026653771343439,55.95324581103083,334.4967248827907,570.2331051329983,395.94152933591323,565.1959848207488,418.9707695550958,-0.0,-0.0,-0.0,-0.0,-0.0,0.1378205128205128,2670.9632077374563,2674.4358640535943,2604.8939958137935,837.226596972953,112.1297689761126,-0.0,0.0,-0.0,0.0,0.0,-63.96343051914823,0.0,-124.99999999999596,0.0,70.76971060856499,0.0,-8.9232228563282e-13,0.0,34.0887389051299,0.0,2.1203697876423446e-13,0.0,-132.22383037724623,0.0,-6.361109362927034e-13,45.949173333069666,22.461108518782183,67.57466529711564,2.02415877695843,2.5219970029385355,0.08681410817257573,0.18331784135677687,0.12524882530988973,0.06178477282684458,-0.032195883937955694,0.5999319239940206,0.2641754834133868,0.07926447981870144,-0.0270311464853681,11470.259883905674,47.709284983217,1.6635306178572655,0.02135715992051268,0.21340023147565557,0.011527546302122188,13.88104930168209,0.5956677353549491,19.335837303087715,-0.9573176734580855
Z-08-ST-02,2118.0,613,156,0.8482320970176526,76.82054730769231,70.73226615384615,2.544598076923077,0.33811538461538454,0.011880769230769231,0.8928692307692306,0.036923076923076927,11020.561541538464,1.6962738461538462,0.2320123076923077,14.261238846153846,16.82182076923077,1,0.40740740725651575,11488.706353687963,-0.0,-0.0,-0.0,-0.0,-0.0,-1402.975341796875,-0.0,-0.0,-0.0,-0.0,-0.0,58.12221475686478,-14.236712731733476,50.0,144.9332818417399,73.68387162556814,47.85559803091845,737.5271502767378,1491.2343132345761,173.40670730520685,105.77715204963376,180.3235409450527,125.20770529518614,178.73066364155204,-2.738810975704695e-13,-124.9999999999985,2.473764752249402e-13,249.99999999999784,173.74225560164268,80.38167009902246,1.6697912077683463e-12,8.834874115176436e-13,-1.2457172502398774e-12,-4.594134539891747e-13,3.5339496460705743e-13,183.7985812851424,458.31927938302147,233.00886115624886,3.026653771343439,55.95324581103083,166.32876985679067,548.3601566346125,334.4967248827907,570.2331051329983,395.94152933591323,565.1959848207488,-0.0,-0.0,-0.0,-0.0,-0.0,0.14102564102564102,2688.059666409734,2693.060838287754,2619.7921459123218,849.4718550968486,113.33678083969211,-0.0,0.0,-0.0,0.0,0.0,9.131724447230127,0.0,-4.4174370575882204e-14,0.0,121.2219807756526,0.0,-8.834874115176461e-15,0.0,27.596288425479145,0.0,2.1203697876423443e-13,0.0,71.35945258278612,0.0,124.9999999999976,46.00308123693026,30.817466070762052,67.46387008541683,3.2683960684293254,2.523120255732712,0.02147782119036501,0.18224815393809557,0.15586723067728897,0.061258826098257835,-0.049378056867488605,0.5975266908330923,0.29534253993613835,0.07880182391454493,-0.041878746991468006,11495.700860316021,-475.1393187775575,1.6623709085684393,0.03390293758540697,0.21274048111478816,0.019271826577519552,13.875456092411234,0.38578275374261217,19.446954502611902,-2.6251337333811335
Z-08-ST-02,2120.0,613,156,0.8482320970176526,43.91372321428571,66.85906750000001,2.5379875,0.1753107142857143,0.04324285714285714,0.5064892857142856,0.05594642857142857,11582.800681071429,1.6534842857142855,0.2112071428571429,14.116302857142857,19.398920357142856,1,0.40740740725651575,11488.706353687963,-0.0,-0.0,-0.0,-0.0,-1402.975341796875,-1227.6033935546875,-0.0,-0.0,-0.0,-0.0,-0.0,144.9332818417399,7.780828434351683,50.0,73.68387162556814,47.85559803091845,737.5271502767378,1491.2343132345761,1362.941834752251,58.12221475686478,173.40670730520685,105.77715204963376,180.3235409450527,125.20770529518614,-124.9999999999985,2.473764752249402e-13,249.99999999999784,173.74225560164268,80.38167009902246,37.4954990078237,-2.738810975704695e-13,1.6697912077683463e-12,8.834874115176436e-13,-1.2457172502398774e-12,-4.594134539891747e-13,458.31927938302147,233.00886115624886,3.026653771343439,55.95324581103083,166.32876985679067,222.58082781075544,183.7985812851424,548.3601566346125,334.4967248827907,570.2331051329983,395.94152933591323,-0.0,-0.0,-0.0,-0.0,-0.0,0.14423076923076922,2704.8865499189333,2711.4145959147777,2634.4270260215853,861.459487598047,114.51809084469657,-0.0,0.0,-0.0,0.0,0.0,168.94740678574212,0.0,124.99999999999923,0.0,95.30091525570143,0.0,124.99999999999896,0.0,22.446429358739834,0.0,249.9999999999975,0.0,-118.89654130540619,0.0,124.99999999999902,46.05392384429638,-2.1402006300106677,67.35439886983397,-0.49533136983396275,2.524222872172123,0.013764627827876907,0.18118773265614596,-0.005877018370431669,0.06074301843737118,-0.01750016129451404,0.5952398289635425,-0.08875054324925691,0.078348730465847,-0.022402301894418435,11520.792065151007,62.00861592042202,1.6612247322892912,-0.007740446575005722,0.2120889156584358,-0.000881772801292896,13.869931902845828,0.2463709542970296,19.556570740397774,-0.15765038325491787
Z-08-ST-02,2122.0,613,156,0.8482320970176526,32.03412379310345,64.96475758620691,2.527406551724138,0.16364827586206895,0.0395,0.33895172413793107,0.05406206896551725,11902.74804275862,1.6343203448275863,0.1994775862068966,13.827788275862066,21.199565172413795,1,0.40740740725651575,11488.706353687963,-0.0,-0.0,-0.0,-1402.975341796875,-1227.6033935546875,-1052.2314453125,-0.0,-0.0,-0.0,-0.0,-0.0,73.68387162556814,-48.53884190541072,50.0,47.85559803091845,737.5271502767378,1491.2343132345761,1362.941834752251,1271.9576493934615,144.9332818417399,58.12221475686478,173.40670730520685,105.77715204963376,180.3235409450527,2.473764752249402e-13,249.99999999999784,173.74225560164268,80.38167009902246,37.4954990078237,16.65707756354073,-124.9999999999985,-2.738810975704695e-13,1.6697912077683463e-12,8.834874115176436e-13,-1.2457172502398774e-12,233.00886115624886,3.026653771343439,55.95324581103083,166.32876985679067,222.58082781075544,311.6543890259858,458.31927938302147,183.7985812851424,548.3601566346125,334.4967248827907,570.2331051329983,-0.0,-0.0,-0.0,-0.0,-0.0,0.14743589743589744,2721.4421404113727,2729.495286223781,2648.7971510116813,873.1768442371872,115.67322378096102,-0.0,0.0,-0.0,0.0,0.0,191.37276324177105,0.0,-1.7669748230352872e-13,0.0,38.482817150710304,0.0,-1.943672305338816e-13,0.0,241.53751394758547,0.0,183.9438111417316,0.0,14.13614657185866,0.0,1.8641584383022278e-12,46.1017011551678,-14.067577362064355,67.2462516503673,-2.281494064160384,2.5253048522567685,0.002101699467369489,0.18013657751092627,-0.016488301648857312,0.06023734984418638,-0.020737349844186383,0.5930713383853288,-0.2541196142473977,0.07790519947260943,-0.023843130507092185,11545.533498410543,357.21454434807674,1.6600920890198214,-0.025771744192235158,0.21144553510659936,-0.011967948899702763,13.864476732985878,-0.03668845712381241,19.664686016445444,1.5348791559683512
Z-08-ST-02,2124.0,613,156,0.8482320970176526,74.82299137931035,66.78060896551723,2.6743593103448275,0.32479310344827583,0.0101,0.9372068965517242,0.03543103448275862,12297.832191379312,1.6545493103448274,0.20893137931034483,14.636621379310343,21.190384482758617,1,0.40740740725651575,11488.706353687963,-0.0,-0.0,-1402.975341796875,-1227.6033935546875,-1052.2314453125,-876.859619140625,-0.0,-0.0,-0.0,-0.0,-0.0,47.85559803091845,331.9216393255848,50.0,737.5271502767378,1491.2343132345761,1362.941834752251,1271.9576493934615,1356.7101385611181,73.68387162556814,144.9332818417399,58.12221475686478,173.40670730520685,105.77715204963376,249.99999999999784,173.74225560164268,80.38167009902246,37.4954990078237,16.65707756354073,12.505825567075078,2.473764752249402e-13,-124.9999999999985,-2.738810975704695e-13,1.6697912077683463e-12,8.834874115176436e-13,3.026653771343439,55.95324581103083,166.32876985679067,222.58082781075544,311.6543890259858,383.6461877819272,233.00886115624886,458.31927938302147,183.7985812851424,548.3601566346125,334.4967248827907,-0.0,-0.0,-0.9408034163886672,-0.0,-0.0,0.15064102564102563,2737.7247482740763,2747.301086083961,2662.901062850594,884.6116649111864,116.80171501940345,-0.0,-280.595068359375,-1402.975341796875,561.19013671875,0.0,1171.0184547619501,0.0,-211.35703015327695,0.0,149.48491428391975,0.0,-374.99999999999835,-908.946533203125,864.7334850277653,-0.03703703702331962,-151.78310212622353,0.0,152.72231820979204,0.0,-124.99999999999656,46.14641316954476,28.676578209765594,67.13942842701658,-0.3588194614993512,2.526366195986647,0.14799311435818074,0.17909468850243915,0.14569841494583669,0.059741820318703454,-0.049641820318703456,0.5910212190984936,0.3461856774532306,0.07747123093483133,-0.04204019645207271,11569.925160094746,727.9070312845652,1.6589729787600245,-0.004423668415197035,0.21081033945927707,-0.0018789601489322405,13.859090582831392,0.7775307964789508,19.77130033075491,1.4190841520037054
Z-08-ST-02,2126.0,613,156,0.8482320970176526,58.51447099999999,63.307218999999996,2.6901479999999993,0.2714833333333333,0.008643333333333333,0.9939633333333333,0.03022333333333333,12985.689880333333,1.6173009999999999,0.1894286666666667,14.535878333333333,24.158772333333335,1,0.40740740725651575,11488.706353687963,-0.0,-1402.975341796875,-1227.6033935546875,-1052.2314453125,-876.859619140625,-876.859619140625,-0.0,-0.0,-0.0,-0.0,-0.0,737.5271502767378,721.6893576018289,50.0,1491.2343132345761,1362.941834752251,1271.9576493934615,1356.7101385611181,1430.3592513657811,47.85559803091845,73.68387162556814,144.9332818417399,58.12221475686478,173.40670730520685,173.74225560164268,80.38167009902246,37.4954990078237,16.65707756354073,12.505825567075078,10.919441423889882,249.99999999999784,2.473764752249402e-13,-124.9999999999985,-2.738810975704695e-13,1.6697912077683463e-12,55.95324581103083,166.32876985679067,222.58082781075544,311.6543890259858,383.6461877819272,432.85747109738463,3.026653771343439,233.00886115624886,458.31927938302147,183.7985812851424,548.3601566346125,-0.0,-0.9408034163886672,-0.9006892899295776,-0.0,-0.0,0.15384615384615385,2753.7327122647366,2764.830200124967,2676.737330733494,895.7520790648722,117.90311069819619,-0.0,-526.1157470703125,-1402.975341796875,646.7396701889065,-1763.9813232421875,1399.1671601711842,-0.03703703702331962,-106.97405228064086,0.0,-449.8149431442412,0.0,-241.22838261649892,-545.367919921875,137.24709577244641,-0.07407407404663924,-134.96484108163918,0.0,-696.5291333308672,0.0,-173.74225560164288,46.188059887427016,12.326411112572977,67.03392919978205,-3.7267101997820546,2.5274069033617597,0.16274109663823966,0.17806206563068194,0.09342126770265136,0.0592564298609215,-0.050613096527588164,0.5890894711030086,0.40487386223032473,0.07704682485251269,-0.046823491519179354,11593.96705020353,1391.7228301298037,1.6578674015099057,-0.04056640150990587,0.21018332871647072,-0.02075466204980403,13.85377345238237,0.6821048809509627,19.876413683326177,4.282358650007158
Z-08-ST-02,2128.0,613,156,0.8482320970176526,58.43506724137931,66.19371689655172,2.643301724137931,0.23888965517241384,0.023337931034482756,0.8632551724137931,0.039379310344827584,12179.502143793103,1.6464251724137933,0.20740206896551724,14.659537586206895,20.751309655172413,1,0.37037037023319613,11488.643265123601,-1402.975341796875,-1227.6033935546875,-1052.2314453125,-876.859619140625,-876.859619140625,-701.4876708984375,-0.0,-0.0,-0.0,-0.0,-0.0,1491.2343132345761,312.7073422377566,1.0628947328626437,1362.941834752251,1271.9576493934615,1356.7101385611181,1430.3592513657811,1688.98172301124,737.5271502767378,47.85559803091845,73.68387162556814,144.9332818417399,58.12221475686478,80.38167009902246,37.4954990078237,16.65707756354073,12.505825567075078,10.919441423889882,13.910969664446947,173.74225560164268,249.99999999999784,2.473764752249402e-13,-124.9999999999985,-2.738810975704695e-13,166.32876985679067,222.58082781075544,311.6543890259858,383.6461877819272,432.85747109738463,452.841529087746,55.95324581103083,3.026653771343439,233.00886115624886,458.31927938302147,183.7985812851424,-0.9408034163886672,-0.9006892899295776,-0.827241766422992,-0.0,-0.0,0.15705128205128205,2769.4643996411332,2782.0808609146516,2690.3045512102526,906.5866056670372,118.97696790473603,-0.0,-736.5620361328125,-1402.975341796875,611.5427623152617,-537.404052734375,460.36303496970027,-0.03703703702331962,-44.16036391584115,503.82440185546875,-584.9768105051128,0.0,10.958310561245014,1039.396728515625,-916.9785429472059,-0.07407407404663924,-74.8909183653004,1402.975341796875,-440.1585687163397,0.03703703702331962,-33.878799229777265,46.22664130881458,12.20842593256473,66.92975396866348,-0.7360370721117562,2.528426974382109,0.11487474975582224,0.17703870889565554,0.0618509462767583,0.05878117847084052,-0.03544324743635777,0.5872760943989022,0.27597907801489097,0.07663198122565351,-0.03725267088082593,11617.659168736951,561.8429750561518,1.656775357269467,-0.010350184855673739,0.20956450287817852,-0.0021624339126612713,13.84852534163879,0.8110122445681043,19.98002607415924,0.7712835810131722
Z-08-ST-02,2130.0,613,156,0.8482320970176526,35.890757666666666,63.91775400000001,2.5177460000000003,0.12020000000000002,0.04913333333333333,0.43535666666666667,0.058546666666666664,12028.549502999998,1.623178666666667,0.19354133333333337,13.719319333333337,21.915514000000005,1,0.3333333332098765,11488.580176559239,-1227.6033935546875,-1052.2314453125,-876.859619140625,-876.859619140625,-701.4876708984375,-526.11572265625,-1402.975341796875,-0.0,-0.0,-0.0,-0.0,1362.941834752251,-109.63833192055733,1.1102297160574968,1271.9576493934615,1356.7101385611181,1430.3592513657811,1688.98172301124,1723.158736800106,1491.2343132345761,737.5271502767378,47.85559803091845,73.68387162556814,144.9332818417399,37.4954990078237,16.65707756354073,12.505825567075078,10.919441423889882,13.910969664446947,10.123037917531295,80.38167009902246,173.74225560164268,249.99999999999784,2.473764752249402e-13,-124.9999999999985,222.58082781075544,311.6543890259858,383.6461877819272,432.85747109738463,452.841529087746,541.589024419068,166.32876985679067,55.95324581103083,3.026653771343439,233.00886115624886,458.31927938302147,-0.9006892899295776,-0.827241766422992,-0.6463045510557129,-0.9408034163886672,-0.0,0.16025641025641024,2784.918206289829,2799.051329134201,2703.6013483111,917.104153681247,120.02285485332901,-0.0,-911.9339599609375,-1402.975341796875,488.5296247088264,-536.3779296875,489.775235890399,-0.03703703702331962,-16.872230292852585,508.28265380859375,-402.0713421860361,0.0,0.9286091557751561,864.0247802734375,-649.9828793295738,-0.07407407404663924,-37.094340410283316,-552.2294921875,571.1123715557758,0.03703703702331962,39.476176894991546,46.262157433708126,-10.37139976704146,66.82690273366109,-2.909148733661077,2.529426409047691,-0.011680409047690521,0.17602461829735994,-0.05582461829735992,0.05831606614846141,-0.009182732815128082,0.5855810889861317,-0.15022442231946503,0.07622670005425292,-0.017680033387586253,11641.001515694952,387.54798730504626,1.655696846038703,-0.03251817937203594,0.20895386194440224,-0.01541252861106887,13.843346250600682,-0.12402691726734538,20.082137503254103,1.8333764967459025
Z-08-ST-02,2132.0,613,156,0.8482320970176526,37.31970620689656,67.14932724137931,2.530304827586207,0.1543137931034483,0.04947586206896551,0.5893275862068966,0.06171034482758621,11495.757361034483,1.656396551724138,0.2130113793103448,14.10552517241379,19.07531103448276,1,0.2962962961865569,11488.517087994875,-1052.2314453125,-876.859619140625,-876.859619140625,-701.4876708984375,-526.11572265625,-350.74383544921875,-1227.6033935546875,-1402.975341796875,-0.0,-0.0,-0.0,1271.9576493934615,-3.1158480955664345,1.2087985069330636,1356.7101385611181,1430.3592513657811,1688.98172301124,1723.158736800106,2027.2716095995404,1362.941834752251,1491.2343132345761,737.5271502767378,47.85559803091845,73.68387162556814,16.65707756354073,12.505825567075078,10.919441423889882,13.910969664446947,10.123037917531295,12.345450159011264,37.4954990078237,80.38167009902246,173.74225560164268,249.99999999999784,2.473764752249402e-13,311.6543890259858,383.6461877819272,432.85747109738463,452.841529087746,541.589024419068,576.9769627621262,222.58082781075544,166.32876985679067,55.95324581103083,3.026653771343439,233.00886115624886,-0.827241766422992,-0.6463045510557129,-0.6130267886774216,-0.9006892899295776,-0.9408034163886672,0.16346153846153846,2800.092556853976,2815.739893750597,2716.6263736703927,927.2940229664039,121.04035105851044,-876.859619140625,-1087.3058837890626,-1402.975341796875,204.5170285373755,-535.351806640625,686.5292850891226,-0.03703703702331962,1.2094712605795443,512.7409057617188,-463.3369083286225,0.0,-7.416695050627689,688.65283203125,-690.5053470731259,-0.07407407404663921,-22.928815737742347,-549.6181640625,442.0159627039152,0.03703703702331962,21.48002408681814,46.29460826210652,-8.97490205520996,66.72537549477454,0.42395174660477153,2.5304052073585073,-0.00010037977230048512,0.17501979383579602,-0.020706000732347712,0.05786109289378327,-0.008385230824817763,0.5840044548647398,0.005323131342156784,0.07583098133831356,-0.014120636510727355,11663.994091077591,-168.23673004310876,1.6546318678176153,0.0017646839065226239,0.20835140591513923,0.004659973395205574,13.83823617926803,0.26728899314576005,20.18274797061065,-1.1074369361278897
Z-08-ST-02,2134.0,613,156,0.8482320970176526,46.33384483870967,62.49104612903225,2.61941935483871,0.16026451612903225,0.02757741935483871,0.8383354838709677,0.0400516129032258,12860.338672903225,1.6098877419354838,0.1833674193548387,13.887045806451612,24.82915129032258,1,0.2592592591632373,11488.453999430512,-876.859619140625,-876.859619140625,-701.4876708984375,-526.11572265625,-350.74383544921875,-0.0,-1052.2314453125,-1227.6033935546875,-1402.975341796875,-0.0,-0.0,1356.7101385611181,79.20080098615983,1.5472056675849801,1430.3592513657811,1688.98172301124,1723.158736800106,2027.2716095995404,2255.707615135143,1271.9576493934615,1362.941834752251,1491.2343132345761,737.5271502767378,47.85559803091845,12.505825567075078,10.919441423889882,13.910969664446947,10.123037917531295,12.345450159011264,15.226886796385436,16.65707756354073,37.4954990078237,80.38167009902246,173.74225560164268,249.99999999999784,383.6461877819272,432.85747109738463,452.841529087746,541.589024419068,576.9769627621262,578.0657602636114,311.6543890259858,222.58082781075544,166.32876985679067,55.95324581103083,3.026653771343439,-0.6463045510557129,-0.6130267886774216,-0.41532726742473847,-0.827241766422992,-0.9006892899295776,0.16666666666666666,2814.9859048601193,2832.144872186376,2729.3783066483925,937.1459055465989,122.02904750391947,-701.4876708984375,-947.008349609375,-1227.6033935546875,178.84494457683445,-534.325439453125,589.7918903673542,-0.03703703702331959,1.6175645037949842,337.36907958984375,-419.96895184215646,0.0,-6.141794369826945,331.49169921875,-502.79053270163865,-0.07407407404663921,-11.582307006714359,-547.0067138671875,320.119904664366,0.03703703702331962,9.37580020544765,46.323993794010676,0.009851044698997669,66.62517225200429,-4.134126122972042,2.5313633693145565,0.08805598552415361,0.1740242355109629,-0.013759719381930657,0.05741625870680611,-0.029838839351967402,0.5825461920346982,0.25578929183626953,0.07544482507783279,-0.03539321217460699,11686.63689488484,1173.701778018385,1.653580422606204,-0.043692680670720296,0.20775713479039304,-0.02438971543555435,13.833195127640842,0.05385067881076999,20.281857476228993,4.547293814093589
Z-08-ST-02,2136.0,613,156,0.8482320970176526,31.4743278125,62.9024590625,2.5345921875000004,0.1199375,0.036581249999999996,0.86794375,0.047140625,12389.429013750001,1.6143384374999998,0.18559125,13.429456875,23.810833125000002,1,0.22222222213991769,11488.39091086615,-876.859619140625,-701.4876708984375,-526.11572265625,-350.74383544921875,-0.0,526.11572265625,-876.859619140625,-1052.2314453125,-1227.6033935546875,-1402.975341796875,-0.0,1430.3592513657811,166.13579222506098,1.6311958446354975,1688.98172301124,1723.158736800106,2027.2716095995404,2255.707615135143,2538.045730662866,1356.7101385611181,1271.9576493934615,1362.941834752251,1491.2343132345761,737.5271502767378,10.919441423889882,13.910969664446947,10.123037917531295,12.345450159011264,15.226886796385436,16.204476356091785,12.505825567075078,16.65707756354073,37.4954990078237,80.38167009902246,173.74225560164268,432.85747109738463,452.841529087746,541.589024419068,576.9769627621262,578.0657602636114,630.4954288407152,383.6461877819272,311.6543890259858,222.58082781075544,166.32876985679067,55.95324581103083,-0.6130267886774216,-0.41532726742473847,-0.30531731797513845,-0.6463045510557129,-0.827241766422992,0.16987179487179488,2829.5967328438574,2848.2646104867063,2741.855854451006,946.6498871941596,122.98854680665637,-526.11572265625,-806.7108154296875,-1052.2314453125,178.84496372880204,-357.92724609375,788.2246256616511,-0.03703703702331962,5.4658532748689765,337.36907958984375,-431.3424659374034,0.0,-5.374741864312063,331.49169921875,-531.915370571222,-0.07407407404663924,-8.969664757244844,-191.0401611328125,317.8499316244156,0.03703703702331959,7.999699371065628,46.35031402942013,-14.875986216920133,66.52629300535,-3.6238339428499984,2.5323008949158403,0.002291292584160054,0.1730379433228606,-0.0531004433228606,0.0569815635875317,-0.020400313587531707,0.581206300496035,0.28673744950396496,0.07506823127281237,-0.02792760627281237,11708.929927116667,680.4990866333337,1.652542510404471,-0.038204072904471253,0.207171048570161,-0.021579798570160985,13.828223095719096,-0.3987662207190965,20.379466020109135,3.4313671048908674
Z-08-ST-02,2138.0,613,156,0.8482320970176526,40.672233870967744,62.98964806451612,2.558006451612903,0.1596290322580645,0.04628709677419354,0.753067741935484,0.058664516129032264,12426.72481032258,1.6143645161290323,0.1871477419354839,13.732240967741937,23.436981290322574,1,0.18518518511659807,11488.327822301788,-701.4876708984375,-526.11572265625,-350.74383544921875,-0.0,526.11572265625,1052.2314453125,-876.859619140625,-876.859619140625,-1052.2314453125,-1227.6033935546875,-1402.975341796875,1688.98172301124,146.39974271716244,2.4076520146151887,1723.158736800106,2027.2716095995404,2255.707615135143,2538.045730662866,2656.4954044561055,1430.3592513657811,1356.7101385611181,1271.9576493934615,1362.941834752251,1491.2343132345761,13.910969664446947,10.123037917531295,12.345450159011264,15.226886796385436,16.204476356091785,15.022372620129076,10.919441423889882,12.505825567075078,16.65707756354073,37.4954990078237,80.38167009902246,452.841529087746,541.589024419068,576.9769627621262,578.0657602636114,630.4954288407152,685.3932197592326,432.85747109738463,383.6461877819272,311.6543890259858,222.58082781075544,166.32876985679067,-0.41532726742473847,-0.30531731797513845,-0.17301120706530468,-0.6130267886774216,-0.6463045510557129,0.17307692307692307,2843.923552474248,2864.097483483676,2754.0577522474555,955.7964492739695,123.91846337704698,-350.74383544921875,-666.4132934570313,-876.859619140625,204.51705993970234,-180.50299072265625,580.1758000700036,-0.03703703702331962,1.1288658804310643,161.99713134765625,-507.92428690739257,0.0,-7.918055242076426,-25.6695556640625,-477.4677362766922,-0.07407407404663922,-8.808942557007656,-188.42877197265625,45.19055708298288,0.03703703702331962,0.8216031311372625,46.37356896833512,-5.701335097367377,66.42873775481178,-3.43908969029566,2.5332177841623587,0.0247886674505442,0.1720609172714882,-0.01243188501342371,0.05655700753595827,-0.010269910761764728,0.5799847802487221,0.17308296168676185,0.07470119992325053,-0.016036683794218264,11730.873187773133,695.8516225494459,1.6515181312124163,-0.037153615083383995,0.2065931472544449,-0.019445405318960995,13.823320083502821,-0.09107911576088412,20.475573602251075,2.9614076880714997
Z-08-ST-02,2140.0,613,156,0.8482320970176526,42.046419687500006,62.9971440625,2.5804565625,0.16980625,0.031162500000000003,0.839478125,0.044803125,12509.4671146875,1.6138768749999999,0.18784250000000002,13.950007500000002,23.384673125000003,1,0.14814814809327845,11488.264733737426,-526.11572265625,-350.74383544921875,-0.0,526.11572265625,1052.2314453125,1578.3472900390625,-701.4876708984375,-876.859619140625,-876.859619140625,-1052.2314453125,-1227.6033935546875,1723.158736800106,169.14494329415015,3.2751340887294607,2027.2716095995404,2255.707615135143,2538.045730662866,2656.4954044561055,2852.441983809343,1688.98172301124,1430.3592513657811,1356.7101385611181,1271.9576493934615,1362.941834752251,10.123037917531295,12.345450159011264,15.226886796385436,16.204476356091785,15.022372620129076,14.234732337369133,13.910969664446947,10.919441423889882,12.505825567075078,16.65707756354073,37.4954990078237,541.589024419068,576.9769627621262,578.0657602636114,630.4954288407152,685.3932197592326,756.0354632221043,452.841529087746,432.85747109738463,383.6461877819272,311.6543890259858,222.58082781075544,-0.30531731797513845,-0.17301120706530468,-0.0,-0.41532726742473847,-0.6130267886774216,0.17628205128205127,2857.964904676823,2879.6418949578465,2765.982763285758,964.576470801048,124.81842357374632,-0.0,-491.04136962890624,-876.859619140625,301.7212628896189,-3.07867431640625,788.8782480838822,-0.037037037023319605,5.760842529687293,-13.37481689453125,-399.6396831666964,0.0,-4.600032698792335,-201.04150390625,-270.0293420352921,-0.07407407404663922,-0.24162667761365952,-7.83416748046875,163.92433072689687,0.03703703702331962,3.680060501519435,46.39375861075564,-4.347338923255634,66.33250650038974,-3.335362437889742,2.5341140370541098,0.04634252544589046,0.17109315735684838,-0.001286907356848388,0.0561425905520867,-0.0249800905520867,0.5788816312927594,0.2605964937072406,0.07434373102914904,-0.02954060602914904,11752.466676854208,757.0004378332924,1.6505072850300362,-0.03663041003003631,0.20602343084324293,-0.018180930843242904,13.818486090992003,0.13152140900799836,20.570180222654812,2.81449290234519
Z-08-ST-02,2142.0,613,156,0.8482320970176526,53.04591733333333,64.92303266666667,2.4797689999999997,0.15209666666666666,0.049963333333333346,0.7211933333333334,0.060769999999999984,11667.030600333335,1.6338259999999996,0.19930833333333337,13.583917333333334,20.727118333333333,1,0.11111111106995884,11488.201645173063,-350.74383544921875,-0.0,526.11572265625,1052.2314453125,1578.3472900390625,2104.462890625,-526.11572265625,-701.4876708984375,-876.859619140625,-876.859619140625,-1052.2314453125,2027.2716095995404,266.2744391675185,5.779623008323585,2255.707615135143,2538.045730662866,2656.4954044561055,2852.441983809343,3038.707532411671,1723.158736800106,1688.98172301124,1430.3592513657811,1356.7101385611181,1271.9576493934615,12.345450159011264,15.226886796385436,16.204476356091785,15.022372620129076,14.234732337369133,16.290517089580167,10.123037917531295,13.910969664446947,10.919441423889882,12.505825567075078,16.65707756354073,576.9769627621262,578.0657602636114,630.4954288407152,685.3932197592326,756.0354632221043,752.872557967496,541.589024419068,452.841529087746,432.85747109738463,383.6461877819272,311.6543890259858,-0.17301120706530468,-0.0,0.20729018767288077,-0.30531731797513845,-0.41532726742473847,0.1794871794871795,2871.7193597551336,2894.896277796982,2777.6296790060833,972.9812306671329,125.68806585411303,526.11572265625,-210.44630126953126,-701.4876708984375,435.26163837173334,350.74383544921875,595.5710193110356,0.0,3.7513195098645156,-188.7467041015625,-389.0166549324174,0.0,-2.904305707118361,-376.41339111328125,-139.47060570502504,-0.07407407404663924,1.9293999136311655,-5.222747802734375,-161.44108940451133,0.037037037023319605,-0.9313246299336431,46.41088295668146,6.635034376651866,66.23759924208366,-1.3145665754169897,2.5349896535910954,-0.055220653591095736,0.17013466357893847,-0.018037996912271814,0.05573831263591522,-0.005774979302581876,0.5778968536281752,0.14329647970515813,0.07399582459050613,-0.013225824590506148,11773.710394359892,-106.67979402655692,1.6495099718573325,-0.015683971857332946,0.2054618993365569,-0.006153566003223532,13.813721118186635,-0.229803784853301,20.663285881320235,0.06383245201309862
Z-08-ST-02,2144.0,613,156,0.8482320970176526,65.91378352941177,60.521363823529406,2.63036794117647,0.23335882352941179,0.008432352941176472,0.9846029411764706,0.025749999999999995,13332.53834735294,1.5902764705882353,0.17080323529411762,13.63323205882353,27.14875294117647,1,0.11111111106995884,11488.201645173063,-0.0,526.11572265625,1052.2314453125,1578.3472900390625,2104.462890625,2805.95068359375,-350.74383544921875,-526.11572265625,-701.4876708984375,-876.859619140625,-876.859619140625,2255.707615135143,255.38706053166277,50.0,2538.045730662866,2656.4954044561055,2852.441983809343,3038.707532411671,3343.658314832254,2027.2716095995404,1723.158736800106,1688.98172301124,1430.3592513657811,1356.7101385611181,15.226886796385436,16.204476356091785,15.022372620129076,14.234732337369133,16.290517089580167,19.43817175688647,12.345450159011264,10.123037917531295,13.910969664446947,10.919441423889882,12.505825567075078,578.0657602636114,630.4954288407152,685.3932197592326,756.0354632221043,752.872557967496,758.3927685943681,576.9769627621262,541.589024419068,452.841529087746,432.85747109738463,383.6461877819272,-0.0,0.20729018767288077,0.3960949015863869,-0.17301120706530468,-0.30531731797513845,0.18269230769230768,2885.185517510687,2909.8590941519865,2788.99731915179,981.002409995468,126.52704091979017,1052.2314453125,140.29752197265626,-526.11572265625,580.584324022607,529.1943969726562,513.2140717251104,0.037037037023319605,-0.32269153150385144,-359.6603698730469,-274.6538056476338,-0.03703703702331962,-1.874954747882919,-363.57861328125,-46.19861938643726,-0.11111111106995884,0.5060138637572056,0.0,-107.23333631564446,0.037037037023319605,-0.9440455263530065,46.42494200611259,19.488841523299186,66.14401597989365,-5.622652156364246,2.5358446337733156,0.09452330740315462,0.16918543593776025,0.06417338759165153,0.055344173787445605,-0.04691182084626913,0.5770304472549554,0.4075724939215152,0.07365748060732358,-0.04790748060732358,11794.604340290156,1537.934007062784,1.648526191694307,-0.05824972110607174,0.2049085527343859,-0.03410531744026829,13.80902516508673,-0.17579310626319966,20.754890578247455,6.393862362929013
Z-08-ST-02,2146.0,613,156,0.8482320970176526,24.03889258064516,63.32382,2.486889354838709,0.06422258064516131,0.06983225806451612,0.21022580645161296,0.07475806451612904,11978.551879999999,1.6169900000000004,0.19006645161290323,13.512759677419355,22.110559999999992,1,0.14814814809327845,11488.264733737426,526.11572265625,1052.2314453125,1578.3472900390625,2104.462890625,2805.95068359375,3156.694580078125,-0.0,-350.74383544921875,-526.11572265625,-701.4876708984375,-876.859619140625,2538.045730662866,200.39389466048124,4.8239549344620265,2656.4954044561055,2852.441983809343,3038.707532411671,3343.658314832254,3322.487770750185,2255.707615135143,2027.2716095995404,1723.158736800106,1688.98172301124,1430.3592513657811,16.204476356091785,15.022372620129076,14.234732337369133,16.290517089580167,19.43817175688647,17.969539299745595,15.226886796385436,12.345450159011264,10.123037917531295,13.910969664446947,10.919441423889882,630.4954288407152,685.3932197592326,756.0354632221043,752.872557967496,758.3927685943681,783.7813398549936,578.0657602636114,576.9769627621262,541.589024419068,452.841529087746,432.85747109738463,0.20729018767288077,0.3960949015863869,0.5533284453953095,-0.0,-0.17301120706530468,0.1858974358974359,2898.3620073612597,2924.5288355899984,2800.084531878228,988.632094586284,127.33501185742989,1578.3472900390625,561.1901245117188,-350.74383544921875,696.2066352689308,532.2730712890625,354.6378982871988,0.03703703702331962,-0.05842307604223507,-526.11572265625,-201.00067675207038,-0.07407407404663922,-0.9506663577557184,-526.11572265625,26.939205465690975,-0.14814814809327845,0.20775622846299768,-170.14913940429688,-396.67591117987513,0.03703703702331962,-3.9047663519330307,46.435935759049244,-22.397043178404083,66.05175671381971,-2.727936713819716,2.5366789776007703,-0.049789622762061114,0.16824547443331195,-0.10402289378815063,0.05496017400667785,0.01487208405783827,0.5762824121730858,-0.3660566057214729,0.07332869907960049,0.0014293654365285513,11815.148514645058,163.40336535494134,1.6475559445409598,-0.0305659445409594,0.20436339103672907,-0.014296939423825844,13.80439823169229,-0.29163855427293406,20.844994313436587,1.2655656865634057
Z-08-ST-02,2148.0,613,156,0.8482320970176526,46.68135727272727,63.24711272727273,2.5873881818181816,0.1951909090909091,0.0181969696969697,0.8645030303030303,0.032512121212121214,12481.067984242425,1.6163760606060609,0.18941787878787883,14.02896787878788,23.126383030303028,1,0.18518518511659807,11488.327822301788,1052.2314453125,1578.3472900390625,2104.462890625,2805.95068359375,3156.694580078125,3332.06640625,526.11572265625,-0.0,-350.74383544921875,-526.11572265625,-701.4876708984375,2656.4954044561055,157.1981265732386,2.5245869468314015,2852.441983809343,3038.707532411671,3343.658314832254,3322.487770750185,3357.5930470838266,2538.045730662866,2255.707615135143,2027.2716095995404,1723.158736800106,1688.98172301124,15.022372620129076,14.234732337369133,16.290517089580167,19.43817175688647,17.969539299745595,17.31149256390781,16.204476356091785,15.226886796385436,12.345450159011264,10.123037917531295,13.910969664446947,685.3932197592326,756.0354632221043,752.872557967496,758.3927685943681,783.7813398549936,806.9763370473677,630.4954288407152,578.0657602636114,576.9769627621262,541.589024419068,452.841529087746,0.3960949015863869,0.5533284453953095,0.6925478514116197,0.20729018767288077,-0.0,0.1891025641025641,2911.2474884573867,2938.904023244594,2810.890193859203,995.8627774185263,128.11165427450206,2104.462890625,1052.2314697265624,-0.0,744.0400076215411,711.7498779296875,476.29250070111084,0.03703703702331962,3.4970629207607367,-512.7409057617188,48.24949569967066,-0.07407407404663922,2.0887835964280512,-325.07421875,315.47878657158526,-0.14814814809327845,3.930791879000761,-340.29827880859375,-316.3469042543825,0.03703703702331962,-3.675261262743849,46.44386421549143,0.23749305723583802,65.96082144386196,-2.713708716589231,2.5374926850734596,0.049895496744722045,0.16731477906559533,0.027876130025313778,0.054586313293611965,-0.03638934359664227,0.5756527483825664,0.2888502819204639,0.07300948000733776,-0.04049735879521654,11835.342917424568,645.7250668178567,1.646599230397289,-0.030223169791228077,0.20382641424358816,-0.014408535455709331,13.799840318003305,0.2291275607845744,20.933597086887403,2.1927859434156254
Z-08-ST-02,2150.0,613,156,0.8482320970176526,44.88586060606061,61.34188393939394,2.5614596969696968,0.18645454545454546,0.02387878787878788,0.6960030303030303,0.03785151515151515,12791.699065454544,1.59823,0.17628666666666665,13.448334848484848,25.37807454545455,1,0.22222222213991769,11488.39091086615,1578.3472900390625,2104.462890625,2805.95068359375,3156.694580078125,3332.06640625,3332.06640625,1052.2314453125,526.11572265625,-0.0,-350.74383544921875,-526.11572265625,2852.441983809343,191.1060639777827,1.8072127319280782,3038.707532411671,3343.658314832254,3322.487770750185,3357.5930470838266,3355.337684858467,2656.4954044561055,2538.045730662866,2255.707615135143,2027.2716095995404,1723.158736800106,14.234732337369133,16.290517089580167,19.43817175688647,17.969539299745595,17.31149256390781,18.305221578630036,15.022372620129076,16.204476356091785,15.226886796385436,12.345450159011264,10.123037917531295,756.0354632221043,752.872557967496,758.3927685943681,783.7813398549936,806.9763370473677,784.2395482427263,685.3932197592326,630.4954288407152,578.0657602636114,576.9769627621262,541.589024419068,0.5533284453953095,0.6925478514116197,0.8391812951471909,0.3960949015863869,0.20729018767288077,0.1923076923076923,2923.8406497970486,2952.983207963135,2821.413210391056,1002.6873611762296,128.8566564301293,2805.95068359375,1613.4216064453126,526.11572265625,795.1912766321436,714.8284912109375,227.04571974059036,0.03703703702331959,2.1058164247198636,-319.5360107421875,166.89478119065643,-0.07407407404663924,3.5183487850549735,-124.0328369140625,319.21833930713274,-0.14814814809327848,3.2765854883189913,-510.447509765625,-408.3922041484325,0.03703703702331959,-1.9034241781089456,46.44872737543915,-1.5628667693785374,65.87121017002016,-4.529326230626225,2.5382857561913816,0.02317394077831514,0.16639334983460952,0.02006119561993594,0.054222591648246166,-0.030343803769458284,0.5751414558834256,0.12086157441960477,0.0726998233905336,-0.03484830823901845,11855.187548628688,936.5115168258562,1.6456560492632928,-0.04742604926329275,0.20329762235496052,-0.02701095568829387,13.79535142401977,-0.3470165755349228,21.020698898600017,4.357375646854532
Z-08-ST-02,2152.0,613,156,0.8482320970176526,39.92842823529412,61.2509261764706,2.515035882352941,0.10976764705882353,0.05623823529411765,0.4381323529411765,0.08711470588235294,12537.399531176472,1.5965514705882353,0.17664676470588234,13.335643529411765,24.624499705882354,1,0.2592592591632373,11488.453999430512,2104.462890625,2805.95068359375,3156.694580078125,3332.06640625,3332.06640625,3156.694580078125,1578.3472900390625,1052.2314453125,526.11572265625,-0.0,-350.74383544921875,3038.707532411671,245.60816551145535,1.44392255461838,3343.658314832254,3322.487770750185,3357.5930470838266,3355.337684858467,3344.4549736782274,2852.441983809343,2656.4954044561055,2538.045730662866,2255.707615135143,2027.2716095995404,16.290517089580167,19.43817175688647,17.969539299745595,17.31149256390781,18.305221578630036,20.309524375916133,14.234732337369133,15.022372620129076,16.204476356091785,15.226886796385436,12.345450159011264,752.872557967496,758.3927685943681,783.7813398549936,806.9763370473677,784.2395482427263,742.1222916440007,756.0354632221043,685.3932197592326,630.4954288407152,578.0657602636114,576.9769627621262,0.6925478514116197,0.8391812951471909,0.9500945149172196,0.5533284453953095,0.3960949015863869,0.1955128205128205,2936.140210338423,2966.7649704512055,2831.652515494367,1009.099160770628,129.5697193608944,3156.694580078125,2139.5373779296874,1052.2314453125,771.6364679509966,541.509033203125,88.24545013965462,0.03703703702331962,-0.6067201869745187,-126.330810546875,242.9282927162235,-0.07407407404663921,1.712101541905291,77.0087890625,399.6947413485086,-0.14814814809327842,1.5611495965009539,-502.61328125,-278.1241617716487,0.03703703702331962,-1.329923683826193,46.45052523889217,-6.522097003598049,65.78292289229444,-4.531996715823837,2.539058190954538,-0.024022308601597153,0.1654811867403554,-0.055713539681531865,0.05386900907058223,0.0023692262235354214,0.5747485346756491,-0.13661618173447265,0.07239972922918891,0.014714976653164027,11874.682408257388,662.7171229190844,1.644726401138973,-0.04817493055073774,0.2027770153708497,-0.026130250664967353,13.7909315497417,-0.45528802032993454,21.10629974857443,3.5181999573079246
Z-08-ST-02,2154.0,613,156,0.8482320970176526,52.301921875000005,64.5108465625,2.3770446875,0.171759375,0.040659375,0.704296875,0.052684375000000006,11260.042983437499,1.629868125,0.196565625,12.954397499999999,20.2878015625,1,0.2962962961865569,11488.517087994875,2805.95068359375,3156.694580078125,3332.06640625,3332.06640625,3156.694580078125,2630.578857421875,2104.462890625,1578.3472900390625,1052.2314453125,526.11572265625,-0.0,3343.658314832254,141.8901191692571,1.1916235005388383,3322.487770750185,3357.5930470838266,3355.337684858467,3344.4549736782274,3251.4791403914573,3038.707532411671,2852.441983809343,2656.4954044561055,2538.045730662866,2255.707615135143,19.43817175688647,17.969539299745595,17.31149256390781,18.305221578630036,20.309524375916133,20.87481940122502,16.290517089580167,14.234732337369133,15.022372620129076,16.204476356091785,15.226886796385436,758.3927685943681,783.7813398549936,806.9763370473677,784.2395482427263,742.1222916440007,711.6551699861312,752.872557967496,756.0354632221043,685.3932197592326,630.4954288407152,578.0657602636114,0.8391812951471909,0.9500945149172196,0.9923919968195721,0.6925478514116197,0.5533284453953095,0.1987179487179487,2948.14491911064,2980.247921414126,2841.607072013188,1015.0919058315783,130.25055700156605,3332.06640625,2595.5043701171876,1578.3472900390625,659.9206006511579,192.817626953125,-166.61227300414293,0.03703703702331962,-2.444359568293791,-108.497802734375,148.94607127127892,-0.07407407404663921,-1.8564009787085745,102.67822265625,298.3896200206477,-0.14814814809327845,-0.7925899302508981,-670.151123046875,-444.55640755511604,0.03703703702331962,-3.2537382485228505,46.44925780585049,5.852664069149512,65.69595961068478,-1.1851130481847747,2.5398099893629276,-0.16276530186292737,0.1645782897828303,0.007181085217169703,0.05352556556062016,-0.012866190560620161,0.5744739847592228,0.1298228902407772,0.07210919752330369,-0.019424822523303686,11893.827496310725,-633.784512873226,1.6438102860243333,-0.013942161024333322,0.2022645932912539,-0.005698968291253909,13.786580695169093,-0.8321831951690939,21.19039963681064,-0.9025980743106388
Z-08-ST-02,2156.0,613,156,0.8482320970176526,38.38927305555555,58.20529083333333,2.5129169444444446,0.1359138888888889,0.04689722222222223,0.599375,0.05595833333333333,13183.17149138889,1.5674166666666671,0.15576444444444448,12.665317777777778,28.338963333333332,1,0.3333333332098765,11488.580176559239,3156.694580078125,3332.06640625,3332.06640625,3156.694580078125,2630.578857421875,1929.091064453125,2805.95068359375,2104.462890625,1578.3472900390625,1052.2314453125,526.11572265625,3322.487770750185,6.967366125786384,1.0525151109740394,3357.5930470838266,3355.337684858467,3344.4549736782274,3251.4791403914573,2961.266063798106,3343.658314832254,3038.707532411671,2852.441983809343,2656.4954044561055,2538.045730662866,17.969539299745595,17.31149256390781,18.305221578630036,20.309524375916133,20.87481940122502,20.20495678240623,19.43817175688647,16.290517089580167,14.234732337369133,15.022372620129076,16.204476356091785,783.7813398549936,806.9763370473677,784.2395482427263,742.1222916440007,711.6551699861312,658.7922275474409,758.3927685943681,752.872557967496,756.0354632221043,685.3932197592326,630.4954288407152,0.9500945149172196,0.9923919968195721,0.993059050802037,0.8391812951471909,0.6925478514116197,0.20192307692307693,2959.853555322473,2993.4307016955163,2851.2758717118168,1020.6597431442126,130.8988963006941,3332.06640625,2946.248193359375,2104.462890625,462.66293467820566,18.471923828125,-118.20295748719673,0.03703703702331962,0.5283934044102203,80.248779296875,330.5207740596875,-0.07407407404663924,0.4272092291618925,297.30224609375,451.71524806042135,-0.14814814809327845,0.9884385491740808,-486.9453125,-200.4536855444926,0.03703703702331962,-1.2617541344208583,46.44492507631435,-8.0556520207588,65.6103203251912,-7.405029491857867,2.5405411514165532,-0.027624206972108656,0.16368465896203777,-0.027770770073148876,0.053192261118358175,-0.006295038896135946,0.574317806134161,0.025057193865839045,0.07182822827287882,-0.015869894939545492,11912.622812788672,1270.5486786002184,1.64290770391937,-0.0754910372527029,0.20176035611617316,-0.04599591167172867,13.782298860301928,-1.1169810825241502,21.272998563308647,7.065964770024685
Z-08-ST-02,2158.0,613,156,0.8482320970176526,70.36149411764706,60.850570000000005,2.4442167647058826,0.2374264705882353,0.0197,0.7548882352941176,0.0356,12303.529457647059,1.5933147058823531,0.17312500000000003,12.750046470588236,24.747448823529414,1,0.37037037023319613,11488.643265123601,3332.06640625,3332.06640625,3156.694580078125,2630.578857421875,1929.091064453125,1227.6033935546875,3156.694580078125,2805.95068359375,2104.462890625,1578.3472900390625,1052.2314453125,3357.5930470838266,16.424957054141032,1.007655437823295,3355.337684858467,3344.4549736782274,3251.4791403914573,2961.266063798106,2914.8887163832974,3322.487770750185,3343.658314832254,3038.707532411671,2852.441983809343,2656.4954044561055,17.31149256390781,18.305221578630036,20.309524375916133,20.87481940122502,20.20495678240623,25.582044829585715,17.969539299745595,19.43817175688647,16.290517089580167,14.234732337369133,15.022372620129076,806.9763370473677,784.2395482427263,742.1222916440007,711.6551699861312,658.7922275474409,576.3076058464619,783.7813398549936,758.3927685943681,752.872557967496,756.0354632221043,685.3932197592326,0.9923919968195721,0.993059050802037,0.9438540941679451,0.9500945149172196,0.8391812951471909,0.20512820512820512,2971.26492846893,3006.3119824128994,2860.6579353690704,1025.7972390089335,131.5144773310259,3332.06640625,3156.69453125,2805.95068359375,192.1102994379774,-156.89990234375,-156.10822983165644,0.03703703702331962,2.107898086554645,444.367431640625,517.3171616256677,-0.07407407404663924,2.5843221234039575,485.509033203125,515.3700403761704,-0.14814814809327845,2.799897888949637,-306.350341796875,-167.2070004719858,0.03703703702331962,-0.32815808485438325,46.437527050283734,23.92396706736332,65.52600503581368,-4.675435035813678,2.5412516771154117,-0.0970349124095291,0.16280029427797515,0.07462617631026014,0.052869095743798944,-0.03316909574379895,0.5742799988004492,0.18060823649366842,0.07155682147791342,-0.035956821477913424,11931.068357691227,372.46109995583174,1.6420186548240814,-0.04870394894172825,0.20126430384560656,-0.028139303845606534,13.778086045140235,-1.0280395745519986,21.35409652806834,3.3933522954610744
Z-08-ST-02,2160.0,613,156,0.8482320970176526,52.76355969696969,63.6723493939394,2.5354542424242426,0.1724787878787879,0.020993939393939395,0.8495848484848485,0.03312121212121212,12164.654585151515,1.6208754545454547,0.1918569696969697,13.770382424242424,22.35315090909091,1,0.40740740725651575,11488.706353687963,3332.06640625,3156.694580078125,2630.578857421875,1929.091064453125,1227.6033935546875,175.37191772460938,3332.06640625,3156.694580078125,2805.95068359375,2104.462890625,1578.3472900390625,3355.337684858467,-6.569036702799622,1.0069785755654885,3344.4549736782274,3251.4791403914573,2961.266063798106,2914.8887163832974,2637.7024697138804,3357.5930470838266,3322.487770750185,3343.658314832254,3038.707532411671,2852.441983809343,18.305221578630036,20.309524375916133,20.87481940122502,20.20495678240623,25.582044829585715,29.568414057463965,17.31149256390781,17.969539299745595,19.43817175688647,16.290517089580167,14.234732337369133,784.2395482427263,742.1222916440007,711.6551699861312,658.7922275474409,576.3076058464619,485.07823690895736,806.9763370473677,783.7813398549936,758.3927685943681,752.872557967496,756.0354632221043,0.993059050802037,0.9438540941679451,0.8090361710157219,0.9923919968195721,0.9500945149172196,0.20833333333333331,2982.377878435616,3018.890465090335,2869.752312870014,1030.4993815049086,132.09705339469937,3332.06640625,3121.620166015625,2630.578857421875,257.7429866540257,-509.6962890625,-347.3409863394404,0.03703703702331962,0.04489156174241771,444.367431640625,421.7154750969398,-0.07407407404663924,0.1447925978657736,485.509033203125,477.94591517423805,-0.14814814809327848,1.9315971724131877,49.6162109375,50.08794548096057,0.03703703702331962,1.5390981659317688,46.42706372775865,6.336495969211043,65.44301374255224,-1.77066434861284,2.5419415664595046,-0.0064873240352620876,0.16192519573064423,0.010553592148143665,0.05255606943694069,-0.03156213004300129,0.5743605627581161,0.2752242857267324,0.07129497713840749,-0.03817376501719537,11949.164131018391,215.49045413312342,1.641143138738471,-0.020267684193016278,0.2007764364795559,-0.008919466782586205,13.773942249684005,-0.003559825441580955,21.43369353108983,0.9194573780010806
Z-08-ST-02,2162.0,613,156,0.8482320970176526,85.90699575757577,63.12121818181818,2.6468772727272727,0.2993757575757576,0.001554545454545455,0.9898212121212121,0.02289090909090909,12804.01876969697,1.615369696969697,0.18836818181818185,14.300974545454544,23.884920606060604,1,0.44444444427983537,11488.769442252325,3156.694580078125,2630.578857421875,1929.091064453125,1227.6033935546875,175.37191772460938,-701.4876708984375,3332.06640625,3332.06640625,3156.694580078125,2805.95068359375,2104.462890625,3344.4549736782274,-51.92927223350489,1.0594739967918125,3251.4791403914573,2961.266063798106,2914.8887163832974,2637.7024697138804,2310.8958361990985,3355.337684858467,3357.5930470838266,3322.487770750185,3343.658314832254,3038.707532411671,20.309524375916133,20.87481940122502,20.20495678240623,25.582044829585715,29.568414057463965,33.2615509813994,18.305221578630036,17.31149256390781,17.969539299745595,19.43817175688647,16.290517089580167,742.1222916440007,711.6551699861312,658.7922275474409,576.3076058464619,485.07823690895736,400.6905701249544,784.2395482427263,806.9763370473677,783.7813398549936,758.3927685943681,752.872557967496,0.9438540941679451,0.8090361710157219,0.6514373406478796,0.993059050802037,0.9923919968195721,0.21153846153846154,2993.19127560089,3031.164881788039,2878.5580832951277,1034.7615826391634,132.64639112316826,3332.06640625,2876.099462890625,1929.091064453125,538.8229024611612,-687.120849609375,-373.4268454967523,0.03703703702331962,0.6760110425821857,619.7392578125,541.3014561345612,-0.07407407404663924,0.4163462043769286,297.30224609375,318.3446949282811,-0.14814814809327848,-0.9624234911657865,224.988037109375,90.31916308112477,0.03703703702331962,0.16458149202507855,46.41353510873887,39.4934606488369,65.36134644540687,-2.240128263588687,2.542610819448832,0.10426645327844053,0.16105936332004323,0.13831639425571435,0.0522531821977843,-0.050698636743238844,0.5745594980071331,0.415261714114079,0.07104269525436102,-0.048151786163451935,11966.910132770165,837.108636926805,1.6402811556625387,-0.024911458692841837,0.20029675401802027,-0.011928572199838422,13.769867473933225,0.5311070715213191,21.511789572373118,2.3731310336874856
Z-08-ST-02,2164.0,613,156,0.8482320970176526,53.11716428571429,59.204432,2.615130857142857,0.16242285714285715,0.013725714285714287,0.7606400000000001,0.025077142857142853,13483.69362657143,1.5766574285714285,0.163058,13.476224,28.060018285714285,1,0.481481481303155,11488.832530816688,2630.578857421875,1929.091064453125,1227.6033935546875,175.37191772460938,-701.4876708984375,-1402.975341796875,3156.694580078125,3332.06640625,3332.06640625,3156.694580078125,2805.95068359375,3251.4791403914573,-191.5944549400606,1.23602331470527,2961.266063798106,2914.8887163832974,2637.7024697138804,2310.8958361990985,2016.5877442996405,3344.4549736782274,3355.337684858467,3357.5930470838266,3322.487770750185,3343.658314832254,20.87481940122502,20.20495678240623,25.582044829585715,29.568414057463965,33.2615509813994,39.64136268100827,20.309524375916133,18.305221578630036,17.31149256390781,17.969539299745595,19.43817175688647,711.6551699861312,658.7922275474409,576.3076058464619,485.07823690895736,400.6905701249544,320.28959915534733,742.1222916440007,784.2395482427263,806.9763370473677,783.7813398549936,758.3927685943681,0.8090361710157219,0.6514373406478796,0.42114670598475235,0.9438540941679451,0.993059050802037,0.21474358974358973,3003.7040209357037,3043.1339952290073,2887.0743550068814,1038.579680365183,133.16227057182192,3332.06640625,2455.2068603515627,1227.6033935546875,784.2870805900563,-866.5975341796875,-481.0204746936265,0.03703703702331956,0.8626013496118645,606.364501953125,520.2209500467529,-0.07407407404663924,0.49104114526110365,278.050048828125,218.57517459691007,-0.14814814809327848,-1.0512310019462738,395.13720703125,28.605003837231834,0.03703703702331956,-2.636925468565419,46.39694119322439,6.720223092489896,65.28100314437756,-6.076571144377567,2.5432594360833924,0.07187142105946442,0.1602027970461748,0.0022200600966823525,0.051960434026327995,-0.03823471974061371,0.5748768045475288,0.18576319545247133,0.07079997582577402,-0.045722832968631166,11984.306362946547,1499.3872636248834,1.639432705596283,-0.06277527702485441,0.1998252564609988,-0.03676725646099879,13.765861717887901,-0.28963771788790105,21.588384651918204,6.471633633796081
Z-08-ST-02,2166.0,613,156,0.8482320970176526,66.99572599999999,61.0427052,2.5801028,0.18401599999999999,0.02206,0.738116,0.034652,12895.003103199999,1.594454,0.17535679999999998,13.663004,25.426720800000002,1,0.5185185183264746,11488.895619381052,1929.091064453125,1227.6033935546875,175.37191772460938,-701.4876708984375,-1402.975341796875,-1753.71923828125,2630.578857421875,3156.694580078125,3332.06640625,3332.06640625,3156.694580078125,2961.266063798106,-168.29521200407999,1.5350433020253562,2914.8887163832974,2637.7024697138804,2310.8958361990985,2016.5877442996405,1817.6837962870702,3251.4791403914573,3344.4549736782274,3355.337684858467,3357.5930470838266,3322.487770750185,20.20495678240623,25.582044829585715,29.568414057463965,33.2615509813994,39.64136268100827,44.774663477256794,20.87481940122502,20.309524375916133,18.305221578630036,17.31149256390781,17.969539299745595,658.7922275474409,576.3076058464619,485.07823690895736,400.6905701249544,320.28959915534733,271.6452845091463,711.6551699861312,742.1222916440007,784.2395482427263,806.9763370473677,783.7813398549936,0.6514373406478796,0.42114670598475235,0.06648616285699228,0.8090361710157219,0.9438540941679451,0.21794871794871795,3013.9150461011063,3054.7965989225945,2895.3002657336956,1041.9499404566636,133.64448530925876,3156.694580078125,1823.8679626464843,175.37191772460938,1049.8906426399544,-870.7022705078125,-449.5916611998573,0.03703703702331962,1.3487677318948101,588.531494140625,561.8818640828904,-0.07407407404663918,1.0397063272716487,252.380615234375,297.97191100607733,-0.14814814809327842,1.503280347640871,740.658203125,353.4805161130744,0.03703703702331962,1.1664157622708196,46.37728198121545,20.618444018784544,65.20198383946422,-4.159278639464219,2.5438874163631873,0.03621538363681287,0.15935549690903628,0.02466050309096371,0.051677824922574445,-0.029617824922574445,0.5753124823792604,0.16280351762073964,0.07056681885264648,-0.03591481885264648,12001.352821547538,893.6502816524608,1.6385977885397018,-0.0441437885397018,0.19936194380849326,-0.02400514380849328,13.761924981548034,-0.09892098154803364,21.66347876972509,3.763242030274913
